# Blender 4.4.1
# www.blender.org
o Sphere.003
v -0.234583 0.918777 -2.111729
v -0.247713 0.905646 -2.111874
v -0.254819 0.888490 -2.111953
v -0.255733 0.879205 -2.111963
v -0.254819 0.869920 -2.111953
v -0.247713 0.852763 -2.111874
v -0.217229 0.925883 -2.113348
v -0.225966 0.923175 -2.115187
v -0.234018 0.918777 -2.116881
v -0.241075 0.912858 -2.118366
v -0.246867 0.905646 -2.119586
v -0.251171 0.897418 -2.120491
v -0.253821 0.888490 -2.121049
v -0.254716 0.879205 -2.121238
v -0.253821 0.869920 -2.121049
v -0.251171 0.860992 -2.120491
v -0.246867 0.852763 -2.119586
v -0.241075 0.845551 -2.118366
v -0.234018 0.839633 -2.116881
v -0.225966 0.835235 -2.115187
v -0.217229 0.832526 -2.113348
v -0.216682 0.925883 -2.115084
v -0.224892 0.923175 -2.118592
v -0.232458 0.918777 -2.121825
v -0.239090 0.912858 -2.124658
v -0.244533 0.905646 -2.126984
v -0.248578 0.897418 -2.128712
v -0.251068 0.888490 -2.129776
v -0.251909 0.879205 -2.130135
v -0.251068 0.869920 -2.129776
v -0.248578 0.860992 -2.128712
v -0.244533 0.852763 -2.126984
v -0.239090 0.845551 -2.124658
v -0.232458 0.839633 -2.121825
v -0.224892 0.835235 -2.118592
v -0.216682 0.832526 -2.115084
v -0.215806 0.925883 -2.116680
v -0.223174 0.923175 -2.121722
v -0.229964 0.918777 -2.126369
v -0.235916 0.912858 -2.130442
v -0.240801 0.905646 -2.133784
v -0.244430 0.897418 -2.136268
v -0.246665 0.888490 -2.137798
v -0.247420 0.879205 -2.138314
v -0.246665 0.869920 -2.137798
v -0.244430 0.860992 -2.136268
v -0.240801 0.852763 -2.133784
v -0.235916 0.845551 -2.130442
v -0.229964 0.839633 -2.126369
v -0.223174 0.835235 -2.121722
v -0.215806 0.832526 -2.116680
v -0.214636 0.925883 -2.118073
v -0.220878 0.923175 -2.124457
v -0.226632 0.918777 -2.130339
v -0.231675 0.912858 -2.135495
v -0.235813 0.905646 -2.139726
v -0.238889 0.897418 -2.142870
v -0.240782 0.888490 -2.144806
v -0.241422 0.879205 -2.145460
v -0.240782 0.869920 -2.144806
v -0.238889 0.860992 -2.142870
v -0.235813 0.852763 -2.139726
v -0.231675 0.845551 -2.135495
v -0.226632 0.839633 -2.130339
v -0.220878 0.835235 -2.124457
v -0.214636 0.832526 -2.118073
v -0.213216 0.925883 -2.119213
v -0.218094 0.923175 -2.126691
v -0.222589 0.918777 -2.133582
v -0.226529 0.912858 -2.139623
v -0.229763 0.905646 -2.144580
v -0.232165 0.897418 -2.148264
v -0.233645 0.888490 -2.150532
v -0.234145 0.879205 -2.151299
v -0.233645 0.869920 -2.150532
v -0.232165 0.860992 -2.148264
v -0.229763 0.852763 -2.144580
v -0.226529 0.845551 -2.139623
v -0.222589 0.839633 -2.133582
v -0.218094 0.835235 -2.126691
v -0.213216 0.832526 -2.119213
v -0.208143 0.926798 -2.111436
v -0.211601 0.925883 -2.120053
v -0.214926 0.923175 -2.128339
v -0.217991 0.918777 -2.135975
v -0.220677 0.912858 -2.142668
v -0.222881 0.905646 -2.148161
v -0.224519 0.897418 -2.152243
v -0.225528 0.888490 -2.154756
v -0.225868 0.879205 -2.155605
v -0.225528 0.869920 -2.154756
v -0.224519 0.860992 -2.152243
v -0.222881 0.852763 -2.148161
v -0.220677 0.845551 -2.142668
v -0.217991 0.839633 -2.135975
v -0.214926 0.835235 -2.128339
v -0.211601 0.832526 -2.120053
v -0.209854 0.925883 -2.120562
v -0.211498 0.923175 -2.129337
v -0.213014 0.918777 -2.137425
v -0.214343 0.912858 -2.144513
v -0.215433 0.905646 -2.150331
v -0.216243 0.897418 -2.154654
v -0.216742 0.888490 -2.157315
v -0.216911 0.879205 -2.158215
v -0.216742 0.869920 -2.157315
v -0.216243 0.860992 -2.154654
v -0.215433 0.852763 -2.150331
v -0.214343 0.845551 -2.144513
v -0.213014 0.839633 -2.137425
v -0.211498 0.835235 -2.129337
v -0.209854 0.832526 -2.120562
v -0.208041 0.925883 -2.120720
v -0.207942 0.923175 -2.129648
v -0.207850 0.918777 -2.137875
v -0.207771 0.912858 -2.145087
v -0.207705 0.905646 -2.151006
v -0.207656 0.897418 -2.155403
v -0.207626 0.888490 -2.158112
v -0.207616 0.879205 -2.159026
v -0.207626 0.869920 -2.158112
v -0.207656 0.860992 -2.155403
v -0.207705 0.852763 -2.151006
v -0.207771 0.845551 -2.145087
v -0.207850 0.839633 -2.137875
v -0.207942 0.835235 -2.129648
v -0.208041 0.832526 -2.120720
v -0.206231 0.925883 -2.120522
v -0.204393 0.923175 -2.129258
v -0.202698 0.918777 -2.137310
v -0.201213 0.912858 -2.144368
v -0.199994 0.905646 -2.150160
v -0.199088 0.897418 -2.154464
v -0.198530 0.888490 -2.157114
v -0.198342 0.879205 -2.158009
v -0.198530 0.869920 -2.157114
v -0.199088 0.860992 -2.154464
v -0.199994 0.852763 -2.150160
v -0.201213 0.845551 -2.144368
v -0.202698 0.839633 -2.137310
v -0.204393 0.835235 -2.129258
v -0.206231 0.832526 -2.120522
v -0.204495 0.925883 -2.119974
v -0.200988 0.923175 -2.128184
v -0.197755 0.918777 -2.135751
v -0.194921 0.912858 -2.142383
v -0.192596 0.905646 -2.147826
v -0.190868 0.897418 -2.151870
v -0.189804 0.888490 -2.154361
v -0.189444 0.879205 -2.155202
v -0.189804 0.869920 -2.154361
v -0.190868 0.860992 -2.151870
v -0.192596 0.852763 -2.147826
v -0.194921 0.845551 -2.142383
v -0.197755 0.839633 -2.135751
v -0.200988 0.835235 -2.128184
v -0.204495 0.832526 -2.119974
v -0.202900 0.925883 -2.119099
v -0.197858 0.923175 -2.126467
v -0.193211 0.918777 -2.133257
v -0.189138 0.912858 -2.139209
v -0.185795 0.905646 -2.144093
v -0.183311 0.897418 -2.147723
v -0.181782 0.888490 -2.149958
v -0.181265 0.879205 -2.150713
v -0.181782 0.869920 -2.149958
v -0.183311 0.860992 -2.147723
v -0.185795 0.852763 -2.144093
v -0.189138 0.845551 -2.139209
v -0.193211 0.839633 -2.133257
v -0.197858 0.835235 -2.126467
v -0.202900 0.832526 -2.119099
v -0.201506 0.925883 -2.117928
v -0.195123 0.923175 -2.124171
v -0.189241 0.918777 -2.129924
v -0.184085 0.912858 -2.134967
v -0.179853 0.905646 -2.139106
v -0.176709 0.897418 -2.142181
v -0.174773 0.888490 -2.144075
v -0.174119 0.879205 -2.144714
v -0.174773 0.869920 -2.144075
v -0.176709 0.860992 -2.142181
v -0.179853 0.852763 -2.139106
v -0.184085 0.845551 -2.134967
v -0.189241 0.839633 -2.129924
v -0.195123 0.835235 -2.124171
v -0.201506 0.832526 -2.117928
v -0.200367 0.925883 -2.116508
v -0.192889 0.923175 -2.121386
v -0.185997 0.918777 -2.125881
v -0.179956 0.912858 -2.129822
v -0.174999 0.905646 -2.133055
v -0.171315 0.897418 -2.135458
v -0.169047 0.888490 -2.136937
v -0.168281 0.879205 -2.137437
v -0.169047 0.869920 -2.136937
v -0.171315 0.860992 -2.135458
v -0.174999 0.852763 -2.133055
v -0.179956 0.845551 -2.129822
v -0.185997 0.839633 -2.125881
v -0.192889 0.835235 -2.121386
v -0.200367 0.832526 -2.116508
v -0.199526 0.925883 -2.114894
v -0.191241 0.923175 -2.118219
v -0.183604 0.918777 -2.121283
v -0.176911 0.912858 -2.123969
v -0.171418 0.905646 -2.126173
v -0.167336 0.897418 -2.127811
v -0.164823 0.888490 -2.128820
v -0.163974 0.879205 -2.129161
v -0.164823 0.869920 -2.128820
v -0.167336 0.860992 -2.127811
v -0.171418 0.852763 -2.126173
v -0.176911 0.845551 -2.123969
v -0.183604 0.839633 -2.121283
v -0.191241 0.835235 -2.118219
v -0.199526 0.832526 -2.114894
v -0.199017 0.925883 -2.113146
v -0.190242 0.923175 -2.114791
v -0.182155 0.918777 -2.116307
v -0.175066 0.912858 -2.117635
v -0.169249 0.905646 -2.118726
v -0.164926 0.897418 -2.119536
v -0.162264 0.888490 -2.120035
v -0.161365 0.879205 -2.120203
v -0.162264 0.869920 -2.120035
v -0.164926 0.860992 -2.119536
v -0.169249 0.852763 -2.118726
v -0.175066 0.845551 -2.117635
v -0.182155 0.839633 -2.116307
v -0.190242 0.835235 -2.114791
v -0.199017 0.832526 -2.113146
v -0.198859 0.925883 -2.111333
v -0.189932 0.923175 -2.111234
v -0.181704 0.918777 -2.111143
v -0.174492 0.912858 -2.111063
v -0.168574 0.905646 -2.110997
v -0.164176 0.897418 -2.110949
v -0.161468 0.888490 -2.110919
v -0.160553 0.879205 -2.110909
v -0.161468 0.869920 -2.110919
v -0.164176 0.860992 -2.110949
v -0.168574 0.852763 -2.110997
v -0.174492 0.845551 -2.111063
v -0.181704 0.839633 -2.111143
v -0.189932 0.835235 -2.111234
v -0.198859 0.832526 -2.111333
v -0.199058 0.925883 -2.109524
v -0.190321 0.923175 -2.107685
v -0.182269 0.918777 -2.105990
v -0.175212 0.912858 -2.104505
v -0.169420 0.905646 -2.103286
v -0.165116 0.897418 -2.102381
v -0.162466 0.888490 -2.101823
v -0.161571 0.879205 -2.101634
v -0.162466 0.869920 -2.101823
v -0.165116 0.860992 -2.102381
v -0.169420 0.852763 -2.103286
v -0.175212 0.845551 -2.104505
v -0.182269 0.839633 -2.105990
v -0.190321 0.835235 -2.107685
v -0.199058 0.832526 -2.109524
v -0.199605 0.925883 -2.107788
v -0.191395 0.923175 -2.104280
v -0.183829 0.918777 -2.101047
v -0.177196 0.912858 -2.098213
v -0.171754 0.905646 -2.095888
v -0.167709 0.897418 -2.094160
v -0.165219 0.888490 -2.093096
v -0.164378 0.879205 -2.092737
v -0.165219 0.869920 -2.093096
v -0.167709 0.860992 -2.094160
v -0.171754 0.852763 -2.095888
v -0.177196 0.845551 -2.098213
v -0.183829 0.839633 -2.101047
v -0.191395 0.835235 -2.104280
v -0.199605 0.832526 -2.107788
v -0.200481 0.925883 -2.106192
v -0.193113 0.923175 -2.101150
v -0.186322 0.918777 -2.096503
v -0.180371 0.912858 -2.092430
v -0.175486 0.905646 -2.089088
v -0.171856 0.897418 -2.086604
v -0.169621 0.888490 -2.085074
v -0.168867 0.879205 -2.084558
v -0.169621 0.869920 -2.085074
v -0.171856 0.860992 -2.086604
v -0.175486 0.852763 -2.089088
v -0.180371 0.845551 -2.092430
v -0.186322 0.839633 -2.096503
v -0.193113 0.835235 -2.101150
v -0.200481 0.832526 -2.106192
v -0.201651 0.925883 -2.104798
v -0.195408 0.923175 -2.098415
v -0.189655 0.918777 -2.092533
v -0.184612 0.912858 -2.087377
v -0.180474 0.905646 -2.083146
v -0.177398 0.897418 -2.080002
v -0.175505 0.888490 -2.078065
v -0.174865 0.879205 -2.077412
v -0.175505 0.869920 -2.078065
v -0.177398 0.860992 -2.080002
v -0.180474 0.852763 -2.083146
v -0.184612 0.845551 -2.087377
v -0.189655 0.839633 -2.092533
v -0.195408 0.835235 -2.098415
v -0.201651 0.832526 -2.104798
v -0.208143 0.831612 -2.111436
v -0.203071 0.925883 -2.103659
v -0.198193 0.923175 -2.096181
v -0.193698 0.918777 -2.089290
v -0.189758 0.912858 -2.083249
v -0.186524 0.905646 -2.078291
v -0.184122 0.897418 -2.074608
v -0.182642 0.888490 -2.072339
v -0.182142 0.879205 -2.071573
v -0.182642 0.869920 -2.072339
v -0.184122 0.860992 -2.074608
v -0.186524 0.852763 -2.078291
v -0.189758 0.845551 -2.083249
v -0.193698 0.839633 -2.089290
v -0.198193 0.835235 -2.096181
v -0.203071 0.832526 -2.103659
v -0.204685 0.925883 -2.102819
v -0.201360 0.923175 -2.094533
v -0.198296 0.918777 -2.086897
v -0.195610 0.912858 -2.080204
v -0.193406 0.905646 -2.074711
v -0.191768 0.897418 -2.070629
v -0.190759 0.888490 -2.068115
v -0.190419 0.879205 -2.067267
v -0.190759 0.869920 -2.068115
v -0.191768 0.860992 -2.070629
v -0.193406 0.852763 -2.074711
v -0.195610 0.845551 -2.080204
v -0.198296 0.839633 -2.086897
v -0.201360 0.835235 -2.094533
v -0.204685 0.832526 -2.102819
v -0.206433 0.925883 -2.102310
v -0.204788 0.923175 -2.093535
v -0.203273 0.918777 -2.085448
v -0.201944 0.912858 -2.078358
v -0.200854 0.905646 -2.072541
v -0.200044 0.897418 -2.068218
v -0.199545 0.888490 -2.065556
v -0.199376 0.879205 -2.064658
v -0.199545 0.869920 -2.065556
v -0.200044 0.860992 -2.068218
v -0.200854 0.852763 -2.072541
v -0.201944 0.845551 -2.078358
v -0.203273 0.839633 -2.085448
v -0.204788 0.835235 -2.093535
v -0.206433 0.832526 -2.102310
v -0.208246 0.925883 -2.102151
v -0.208345 0.923175 -2.093224
v -0.208436 0.918777 -2.084996
v -0.208516 0.912858 -2.077785
v -0.208582 0.905646 -2.071866
v -0.208631 0.897418 -2.067468
v -0.208661 0.888490 -2.064760
v -0.208671 0.879205 -2.063846
v -0.208661 0.869920 -2.064760
v -0.208631 0.860992 -2.067468
v -0.208582 0.852763 -2.071866
v -0.208516 0.845551 -2.077785
v -0.208436 0.839633 -2.084996
v -0.208345 0.835235 -2.093224
v -0.208246 0.832526 -2.102151
v -0.210056 0.925883 -2.102350
v -0.211894 0.923175 -2.093613
v -0.213589 0.918777 -2.085562
v -0.215074 0.912858 -2.078504
v -0.216293 0.905646 -2.072712
v -0.217199 0.897418 -2.068408
v -0.217757 0.888490 -2.065758
v -0.217945 0.879205 -2.064863
v -0.217757 0.869920 -2.065758
v -0.217199 0.860992 -2.068408
v -0.216293 0.852763 -2.072712
v -0.215074 0.845551 -2.078504
v -0.213589 0.839633 -2.085562
v -0.211894 0.835235 -2.093613
v -0.210056 0.832526 -2.102350
v -0.211791 0.925883 -2.102898
v -0.215299 0.923175 -2.094687
v -0.218532 0.918777 -2.087121
v -0.221366 0.912858 -2.080489
v -0.223691 0.905646 -2.075046
v -0.225419 0.897418 -2.071002
v -0.226483 0.888490 -2.068511
v -0.226843 0.879205 -2.067670
v -0.226483 0.869920 -2.068511
v -0.225419 0.860992 -2.071002
v -0.223691 0.852763 -2.075046
v -0.221366 0.845551 -2.080489
v -0.218532 0.839633 -2.087121
v -0.215299 0.835235 -2.094687
v -0.211791 0.832526 -2.102898
v -0.213387 0.925883 -2.103773
v -0.218429 0.923175 -2.096405
v -0.223076 0.918777 -2.089615
v -0.227149 0.912858 -2.083663
v -0.230492 0.905646 -2.078779
v -0.232975 0.897418 -2.075149
v -0.234505 0.888490 -2.072914
v -0.235021 0.879205 -2.072159
v -0.234505 0.869920 -2.072914
v -0.232975 0.860992 -2.075149
v -0.230492 0.852763 -2.078779
v -0.227149 0.845551 -2.083663
v -0.223076 0.839633 -2.089615
v -0.218429 0.835235 -2.096405
v -0.213387 0.832526 -2.103773
v -0.214781 0.925883 -2.104944
v -0.221164 0.923175 -2.098701
v -0.227046 0.918777 -2.092947
v -0.232202 0.912858 -2.087904
v -0.236433 0.905646 -2.083766
v -0.239578 0.897418 -2.080691
v -0.241514 0.888490 -2.078797
v -0.242167 0.879205 -2.078158
v -0.241514 0.869920 -2.078797
v -0.239578 0.860992 -2.080691
v -0.236433 0.852763 -2.083766
v -0.232202 0.845551 -2.087904
v -0.227046 0.839633 -2.092947
v -0.221164 0.835235 -2.098701
v -0.214781 0.832526 -2.104944
v -0.215920 0.925883 -2.106363
v -0.223398 0.923175 -2.101486
v -0.230290 0.918777 -2.096991
v -0.236331 0.912858 -2.093050
v -0.241288 0.905646 -2.089817
v -0.244972 0.897418 -2.087414
v -0.247240 0.888490 -2.085935
v -0.248006 0.879205 -2.085435
v -0.247240 0.869920 -2.085935
v -0.244972 0.860992 -2.087414
v -0.241288 0.852763 -2.089817
v -0.236331 0.845551 -2.093050
v -0.230290 0.839633 -2.096991
v -0.223398 0.835235 -2.101486
v -0.215920 0.832526 -2.106363
v -0.216760 0.925883 -2.107978
v -0.225046 0.923175 -2.104653
v -0.232683 0.918777 -2.101589
v -0.239376 0.912858 -2.098902
v -0.244869 0.905646 -2.096698
v -0.248950 0.897418 -2.095060
v -0.251464 0.888490 -2.094052
v -0.252313 0.879205 -2.093711
v -0.251464 0.869920 -2.094052
v -0.248950 0.860992 -2.095060
v -0.244869 0.852763 -2.096698
v -0.239376 0.845551 -2.098902
v -0.232683 0.839633 -2.101589
v -0.225046 0.835235 -2.104653
v -0.216760 0.832526 -2.107978
v -0.217269 0.925883 -2.109725
v -0.226045 0.923175 -2.108081
v -0.234132 0.918777 -2.106565
v -0.241221 0.912858 -2.105237
v -0.247038 0.905646 -2.104146
v -0.251361 0.897418 -2.103336
v -0.254023 0.888490 -2.102837
v -0.254922 0.879205 -2.102669
v -0.254023 0.869920 -2.102837
v -0.251361 0.860992 -2.103336
v -0.247038 0.852763 -2.104146
v -0.241221 0.845551 -2.105237
v -0.234132 0.839633 -2.106565
v -0.226045 0.835235 -2.108081
v -0.217269 0.832526 -2.109725
v -0.217428 0.925883 -2.111539
v -0.226355 0.923175 -2.111638
v -0.241795 0.912858 -2.111809
v -0.252111 0.897418 -2.111923
v -0.252111 0.860992 -2.111923
v -0.241795 0.845551 -2.111809
v -0.234583 0.839633 -2.111729
v -0.226355 0.835235 -2.111638
v -0.217428 0.832526 -2.111539
v -0.980506 0.899188 -1.023474
v -0.980506 -0.715802 -1.023474
v 1.019371 0.899188 -1.001315
v 1.019371 -0.715802 -1.001315
v -1.002666 0.899188 0.976403
v -1.002666 -0.715802 0.976403
v 0.997212 0.899188 0.998563
v 0.997212 -0.715802 0.998563
v -0.599071 1.579123 -1.756753
v -0.599071 0.298802 -1.756753
v 0.681171 1.579123 -1.742568
v 0.681171 0.298802 -1.742568
v -0.607640 1.579123 -0.983447
v -0.607640 0.298802 -0.983447
v 0.672603 1.579123 -0.969262
v 0.672603 0.298802 -0.969262
v 0.311372 -0.016247 -1.537454
v 0.311372 1.059631 -1.537454
v -0.336820 -0.016247 -1.544636
v -0.336820 1.059631 -1.544636
v 0.316577 -0.016247 -2.007227
v 0.316577 1.059631 -2.007227
v -0.331615 -0.016247 -2.014409
v -0.331615 1.059631 -2.014409
v 0.429557 -0.519623 -0.989187
v 0.429557 -0.971551 -0.989187
v 0.989190 -0.519623 -0.982986
v 0.989190 -0.971551 -0.982986
v 0.423356 -0.519623 -0.429554
v 0.423356 -0.971551 -0.429554
v 0.982989 -0.519623 -0.423353
v 0.982989 -0.971551 -0.423353
v -0.962178 -0.519623 -0.993292
v -0.962178 -0.971551 -0.993292
v -0.402545 -0.519623 -0.987092
v -0.402545 -0.971551 -0.987092
v -0.968379 -0.519623 -0.433660
v -0.968379 -0.971551 -0.433660
v -0.408746 -0.519623 -0.427459
v -0.408746 -0.971551 -0.427459
v -0.966158 -0.519623 0.387129
v -0.966158 -0.971551 0.387129
v -0.406525 -0.519623 0.393330
v -0.406525 -0.971551 0.393330
v -0.972359 -0.519623 0.946762
v -0.972359 -0.971551 0.946762
v -0.412726 -0.519623 0.952963
v -0.412726 -0.971551 0.952963
v 0.436640 -0.519623 0.413988
v 0.436640 -0.971551 0.413988
v 0.996273 -0.519623 0.420188
v 0.996273 -0.971551 0.420188
v 0.430439 -0.519623 0.973620
v 0.430439 -0.971551 0.973620
v 0.990072 -0.519623 0.979821
v 0.990072 -0.971551 0.979821
v 0.548328 -0.846541 -0.867754
v 0.548328 -1.414024 -0.867754
v 0.867757 -0.846541 -0.864215
v 0.867757 -1.414024 -0.864215
v 0.544789 -0.846541 -0.548325
v 0.544789 -1.414024 -0.548325
v 0.864218 -0.846541 -0.544786
v 0.864218 -1.414024 -0.544786
v -0.843407 -0.846541 -0.871860
v -0.843407 -1.414024 -0.871860
v -0.523978 -0.846541 -0.868320
v -0.523978 -1.414024 -0.868320
v -0.846946 -0.846541 -0.552431
v -0.846946 -1.414024 -0.552431
v -0.527517 -0.846541 -0.548891
v -0.527517 -1.414024 -0.548891
v -0.847387 -0.846541 0.508562
v -0.847387 -1.414024 0.508562
v -0.527958 -0.846541 0.512101
v -0.527958 -1.414024 0.512101
v -0.850926 -0.846541 0.827990
v -0.850926 -1.414024 0.827990
v -0.531497 -0.846541 0.831530
v -0.531497 -1.414024 0.831530
v 0.555411 -0.846541 0.535420
v 0.555411 -1.414024 0.535420
v 0.874840 -0.846541 0.538959
v 0.874840 -1.414024 0.538959
v 0.551872 -0.846541 0.854849
v 0.551872 -1.414024 0.854849
v 0.871301 -0.846541 0.858389
v 0.871301 -1.414024 0.858389
v 0.548328 -0.846541 -0.867754
v 0.548328 -1.414024 -0.867754
v 0.867757 -0.846541 -0.864215
v 0.867757 -1.414024 -0.864215
v 0.544789 -0.846541 -0.548325
v 0.544789 -1.414024 -0.548325
v 0.864218 -0.846541 -0.544786
v 0.864218 -1.414024 -0.544786
v -0.843407 -0.846541 -0.871860
v -0.843407 -1.414024 -0.871860
v -0.523978 -0.846541 -0.868320
v -0.523978 -1.414024 -0.868320
v -0.846946 -0.846541 -0.552431
v -0.846946 -1.414024 -0.552431
v -0.527517 -0.846541 -0.548891
v -0.527517 -1.414024 -0.548891
v -0.847387 -0.846541 0.508562
v -0.847387 -1.414024 0.508562
v -0.527958 -0.846541 0.512101
v -0.527958 -1.414024 0.512101
v -0.850926 -0.846541 0.827990
v -0.850926 -1.414024 0.827990
v -0.531497 -0.846541 0.831530
v -0.531497 -1.414024 0.831530
v 0.555411 -0.846541 0.535420
v 0.555411 -1.414024 0.535420
v 0.874840 -0.846541 0.538959
v 0.874840 -1.414024 0.538959
v 0.551872 -0.846541 0.854849
v 0.551872 -1.414024 0.854849
v 0.871301 -0.846541 0.858389
v 0.871301 -1.414024 0.858389
v -0.272474 0.996515 -2.010324
v -0.306876 0.962110 -2.010705
v -0.325494 0.917159 -2.010911
v -0.327890 0.892832 -2.010938
v -0.325494 0.868505 -2.010911
v -0.306876 0.823553 -2.010705
v -0.227005 1.015134 -2.014566
v -0.249896 1.008038 -2.019384
v -0.270993 0.996515 -2.023824
v -0.289484 0.981007 -2.027715
v -0.304659 0.962110 -2.030909
v -0.315936 0.940552 -2.033282
v -0.322880 0.917159 -2.034744
v -0.325224 0.892832 -2.035237
v -0.322880 0.868505 -2.034744
v -0.315936 0.845112 -2.033282
v -0.304659 0.823553 -2.030909
v -0.289484 0.804657 -2.027715
v -0.270993 0.789149 -2.023824
v -0.249896 0.777626 -2.019384
v -0.227005 0.770530 -2.014566
v -0.225570 1.015134 -2.019114
v -0.247082 1.008038 -2.028305
v -0.266907 0.996515 -2.036775
v -0.284283 0.981007 -2.044199
v -0.298544 0.962110 -2.050293
v -0.309141 0.940552 -2.054820
v -0.315666 0.917159 -2.057608
v -0.317870 0.892832 -2.058549
v -0.315666 0.868505 -2.057608
v -0.309141 0.845112 -2.054820
v -0.298544 0.823553 -2.050293
v -0.284283 0.804657 -2.044199
v -0.266907 0.789149 -2.036775
v -0.247082 0.777626 -2.028305
v -0.225570 0.770530 -2.019114
v -0.223276 1.015134 -2.023295
v -0.242581 1.008038 -2.036506
v -0.260372 0.996515 -2.048681
v -0.275967 0.981007 -2.059353
v -0.288765 0.962110 -2.068110
v -0.298275 0.940552 -2.074619
v -0.304131 0.917159 -2.078626
v -0.306108 0.892832 -2.079979
v -0.304131 0.868505 -2.078626
v -0.298275 0.845112 -2.074619
v -0.288765 0.823553 -2.068110
v -0.275967 0.804657 -2.059353
v -0.260372 0.789149 -2.048681
v -0.242581 0.777626 -2.036506
v -0.223276 0.770530 -2.023295
v -0.220210 1.015134 -2.026947
v -0.236566 1.008038 -2.043671
v -0.251641 0.996515 -2.059083
v -0.264854 0.981007 -2.072592
v -0.275697 0.962110 -2.083678
v -0.283755 0.940552 -2.091917
v -0.288716 0.917159 -2.096990
v -0.290392 0.892832 -2.098702
v -0.288716 0.868505 -2.096990
v -0.283755 0.845112 -2.091917
v -0.275697 0.823553 -2.083678
v -0.264854 0.804657 -2.072592
v -0.251641 0.789149 -2.059083
v -0.236566 0.777626 -2.043671
v -0.220210 0.770530 -2.026947
v -0.216490 1.015134 -2.029932
v -0.229270 1.008038 -2.049525
v -0.241048 0.996515 -2.067582
v -0.251371 0.981007 -2.083409
v -0.259844 0.962110 -2.096398
v -0.266139 0.940552 -2.106049
v -0.270016 0.917159 -2.111993
v -0.271325 0.892832 -2.114000
v -0.270016 0.868505 -2.111993
v -0.266139 0.845112 -2.106049
v -0.259844 0.823553 -2.096398
v -0.251371 0.804657 -2.083409
v -0.241048 0.789149 -2.067582
v -0.229270 0.777626 -2.049525
v -0.216490 0.770530 -2.029932
v -0.203199 1.017530 -2.009556
v -0.212259 1.015134 -2.032133
v -0.220971 1.008038 -2.053843
v -0.229000 0.996515 -2.073851
v -0.236038 0.981007 -2.091388
v -0.241813 0.962110 -2.105780
v -0.246105 0.940552 -2.116474
v -0.248748 0.917159 -2.123060
v -0.249640 0.892832 -2.125284
v -0.248748 0.868505 -2.123060
v -0.246105 0.845112 -2.116474
v -0.241813 0.823553 -2.105780
v -0.236038 0.804657 -2.091388
v -0.229000 0.789149 -2.073851
v -0.220971 0.777626 -2.053843
v -0.212259 0.770530 -2.032133
v -0.207681 1.015134 -2.033467
v -0.211990 1.008038 -2.056459
v -0.215961 0.996515 -2.077649
v -0.219442 0.981007 -2.096222
v -0.222299 0.962110 -2.111464
v -0.224422 0.940552 -2.122791
v -0.225729 0.917159 -2.129765
v -0.226170 0.892832 -2.132120
v -0.225729 0.868505 -2.129765
v -0.224422 0.845112 -2.122791
v -0.222299 0.823553 -2.111464
v -0.219442 0.804657 -2.096222
v -0.215961 0.789149 -2.077649
v -0.211990 0.777626 -2.056459
v -0.207681 0.770530 -2.033467
v -0.202930 1.015134 -2.033882
v -0.202671 1.008038 -2.057273
v -0.202432 0.996515 -2.078830
v -0.202222 0.981007 -2.097725
v -0.202051 0.962110 -2.113232
v -0.201923 0.940552 -2.124755
v -0.201844 0.917159 -2.131850
v -0.201818 0.892832 -2.134246
v -0.201844 0.868505 -2.131850
v -0.201923 0.845112 -2.124755
v -0.202051 0.823553 -2.113232
v -0.202222 0.804657 -2.097725
v -0.202432 0.789149 -2.078830
v -0.202671 0.777626 -2.057273
v -0.202930 0.770530 -2.033882
v -0.198189 1.015134 -2.033362
v -0.193372 1.008038 -2.056253
v -0.188932 0.996515 -2.077349
v -0.185040 0.981007 -2.095841
v -0.181846 0.962110 -2.111016
v -0.179473 0.940552 -2.122293
v -0.178012 0.917159 -2.129236
v -0.177518 0.892832 -2.131581
v -0.178012 0.868505 -2.129236
v -0.179473 0.845112 -2.122293
v -0.181846 0.823553 -2.111016
v -0.185040 0.804657 -2.095841
v -0.188932 0.789149 -2.077349
v -0.193372 0.777626 -2.056253
v -0.198189 0.770530 -2.033362
v -0.193641 1.015134 -2.031927
v -0.184450 1.008038 -2.053438
v -0.175980 0.996515 -2.073263
v -0.168556 0.981007 -2.090640
v -0.162463 0.962110 -2.104901
v -0.157935 0.940552 -2.115497
v -0.155147 0.917159 -2.122023
v -0.154206 0.892832 -2.124226
v -0.155147 0.868505 -2.122023
v -0.157935 0.845112 -2.115497
v -0.162463 0.823553 -2.104901
v -0.168556 0.804657 -2.090640
v -0.175980 0.789149 -2.073263
v -0.184450 0.777626 -2.053438
v -0.193641 0.770530 -2.031927
v -0.189461 1.015134 -2.029633
v -0.176250 1.008038 -2.048938
v -0.164074 0.996515 -2.066729
v -0.153403 0.981007 -2.082324
v -0.144645 0.962110 -2.095121
v -0.138137 0.940552 -2.104631
v -0.134130 0.917159 -2.110487
v -0.132776 0.892832 -2.112465
v -0.134130 0.868505 -2.110487
v -0.138137 0.845112 -2.104631
v -0.144645 0.823553 -2.095121
v -0.153403 0.804657 -2.082324
v -0.164074 0.789149 -2.066729
v -0.176250 0.777626 -2.048938
v -0.189461 0.770530 -2.029633
v -0.185808 1.015134 -2.026567
v -0.169085 1.008038 -2.042923
v -0.153672 0.996515 -2.057998
v -0.140163 0.981007 -2.071210
v -0.129077 0.962110 -2.082054
v -0.120839 0.940552 -2.090111
v -0.115766 0.917159 -2.095073
v -0.114053 0.892832 -2.096748
v -0.115766 0.868505 -2.095073
v -0.120839 0.845112 -2.090111
v -0.129077 0.823553 -2.082054
v -0.140163 0.804657 -2.071210
v -0.153672 0.789149 -2.057998
v -0.169085 0.777626 -2.042923
v -0.185808 0.770530 -2.026567
v -0.182823 1.015134 -2.022847
v -0.163230 1.008038 -2.035626
v -0.145173 0.996515 -2.047405
v -0.129346 0.981007 -2.057728
v -0.116358 0.962110 -2.066200
v -0.106706 0.940552 -2.072496
v -0.100762 0.917159 -2.076372
v -0.098756 0.892832 -2.077682
v -0.100762 0.868505 -2.076372
v -0.106706 0.845112 -2.072496
v -0.116358 0.823553 -2.066200
v -0.129346 0.804657 -2.057728
v -0.145173 0.789149 -2.047405
v -0.163230 0.777626 -2.035626
v -0.182823 0.770530 -2.022847
v -0.180622 1.015134 -2.018616
v -0.158912 1.008038 -2.027328
v -0.138905 0.996515 -2.035357
v -0.121368 0.981007 -2.042394
v -0.106975 0.962110 -2.048170
v -0.096281 0.940552 -2.052462
v -0.089695 0.917159 -2.055104
v -0.087472 0.892832 -2.055996
v -0.089695 0.868505 -2.055104
v -0.096281 0.845112 -2.052462
v -0.106975 0.823553 -2.048170
v -0.121368 0.804657 -2.042394
v -0.138905 0.789149 -2.035357
v -0.158912 0.777626 -2.027328
v -0.180622 0.770530 -2.018616
v -0.179288 1.015134 -2.014037
v -0.156296 1.008038 -2.018347
v -0.135106 0.996515 -2.022318
v -0.116534 0.981007 -2.025799
v -0.101291 0.962110 -2.028656
v -0.089965 0.940552 -2.030778
v -0.082990 0.917159 -2.032085
v -0.080635 0.892832 -2.032527
v -0.082990 0.868505 -2.032085
v -0.089965 0.845112 -2.030778
v -0.101291 0.823553 -2.028656
v -0.116534 0.804657 -2.025799
v -0.135106 0.789149 -2.022318
v -0.156296 0.777626 -2.018347
v -0.179288 0.770530 -2.014037
v -0.178874 1.015134 -2.009287
v -0.155482 1.008038 -2.009027
v -0.133925 0.996515 -2.008789
v -0.115030 0.981007 -2.008579
v -0.099523 0.962110 -2.008407
v -0.088001 0.940552 -2.008280
v -0.080905 0.917159 -2.008201
v -0.078509 0.892832 -2.008174
v -0.080905 0.868505 -2.008201
v -0.088001 0.845112 -2.008280
v -0.099523 0.823553 -2.008407
v -0.115030 0.804657 -2.008579
v -0.133925 0.789149 -2.008789
v -0.155482 0.777626 -2.009027
v -0.178874 0.770530 -2.009287
v -0.179394 1.015134 -2.004546
v -0.156502 1.008038 -1.999728
v -0.135406 0.996515 -1.995288
v -0.116915 0.981007 -1.991397
v -0.101739 0.962110 -1.988203
v -0.090463 0.940552 -1.985830
v -0.083519 0.917159 -1.984369
v -0.081175 0.892832 -1.983875
v -0.083519 0.868505 -1.984369
v -0.090463 0.845112 -1.985830
v -0.101739 0.823553 -1.988203
v -0.116915 0.804657 -1.991397
v -0.135406 0.789149 -1.995288
v -0.156502 0.777626 -1.999728
v -0.179394 0.770530 -2.004546
v -0.180828 1.015134 -1.999998
v -0.159317 1.008038 -1.990807
v -0.139492 0.996515 -1.982337
v -0.122115 0.981007 -1.974913
v -0.107855 0.962110 -1.968819
v -0.097258 0.940552 -1.964292
v -0.090733 0.917159 -1.961504
v -0.088529 0.892832 -1.960563
v -0.090733 0.868505 -1.961504
v -0.097258 0.845112 -1.964292
v -0.107855 0.823553 -1.968819
v -0.122115 0.804657 -1.974913
v -0.139492 0.789149 -1.982337
v -0.159317 0.777626 -1.990807
v -0.180828 0.770530 -1.999998
v -0.183123 1.015134 -1.995817
v -0.163818 1.008038 -1.982606
v -0.146026 0.996515 -1.970431
v -0.130432 0.981007 -1.959759
v -0.117634 0.962110 -1.951002
v -0.108124 0.940552 -1.944494
v -0.102268 0.917159 -1.940486
v -0.100291 0.892832 -1.939133
v -0.102268 0.868505 -1.940486
v -0.108124 0.845112 -1.944494
v -0.117634 0.823553 -1.951002
v -0.130432 0.804657 -1.959759
v -0.146026 0.789149 -1.970431
v -0.163818 0.777626 -1.982606
v -0.183123 0.770530 -1.995817
v -0.186189 1.015134 -1.992164
v -0.169832 1.008038 -1.975441
v -0.154758 0.996515 -1.960029
v -0.141545 0.981007 -1.946520
v -0.130702 0.962110 -1.935434
v -0.122644 0.940552 -1.927196
v -0.117682 0.917159 -1.922123
v -0.116007 0.892832 -1.920410
v -0.117682 0.868505 -1.922123
v -0.122644 0.845112 -1.927196
v -0.130702 0.823553 -1.935434
v -0.141545 0.804657 -1.946520
v -0.154758 0.789149 -1.960029
v -0.169832 0.777626 -1.975441
v -0.186189 0.770530 -1.992164
v -0.203199 0.768134 -2.009556
v -0.189909 1.015134 -1.989180
v -0.177129 1.008038 -1.969587
v -0.165351 0.996515 -1.951530
v -0.155027 0.981007 -1.935703
v -0.146555 0.962110 -1.922714
v -0.140260 0.940552 -1.913063
v -0.136383 0.917159 -1.907119
v -0.135074 0.892832 -1.905112
v -0.136383 0.868505 -1.907119
v -0.140260 0.845112 -1.913063
v -0.146555 0.823553 -1.922714
v -0.155027 0.804657 -1.935703
v -0.165351 0.789149 -1.951530
v -0.177129 0.777626 -1.969587
v -0.189909 0.770530 -1.989180
v -0.194139 1.015134 -1.986979
v -0.185427 1.008038 -1.965269
v -0.177398 0.996515 -1.945261
v -0.170361 0.981007 -1.927724
v -0.164586 0.962110 -1.913332
v -0.160294 0.940552 -1.902638
v -0.157651 0.917159 -1.896052
v -0.156759 0.892832 -1.893829
v -0.157651 0.868505 -1.896052
v -0.160294 0.845112 -1.902638
v -0.164586 0.823553 -1.913332
v -0.170361 0.804657 -1.927724
v -0.177398 0.789149 -1.945261
v -0.185427 0.777626 -1.965269
v -0.194139 0.770530 -1.986979
v -0.198718 1.015134 -1.985645
v -0.194409 1.008038 -1.962653
v -0.190437 0.996515 -1.941463
v -0.186957 0.981007 -1.922890
v -0.184100 0.962110 -1.907648
v -0.181977 0.940552 -1.896322
v -0.180670 0.917159 -1.889347
v -0.180229 0.892832 -1.886992
v -0.180670 0.868505 -1.889347
v -0.181977 0.845112 -1.896322
v -0.184100 0.823553 -1.907648
v -0.186957 0.804657 -1.922890
v -0.190437 0.789149 -1.941463
v -0.194409 0.777626 -1.962653
v -0.198718 0.770530 -1.985645
v -0.203469 1.015134 -1.985230
v -0.203728 1.008038 -1.961839
v -0.203967 0.996515 -1.940282
v -0.204176 0.981007 -1.921387
v -0.204348 0.962110 -1.905880
v -0.204476 0.940552 -1.894357
v -0.204554 0.917159 -1.887262
v -0.204581 0.892832 -1.884866
v -0.204554 0.868505 -1.887262
v -0.204476 0.845112 -1.894357
v -0.204348 0.823553 -1.905880
v -0.204176 0.804657 -1.921387
v -0.203967 0.789149 -1.940282
v -0.203728 0.777626 -1.961839
v -0.203469 0.770530 -1.985230
v -0.208209 1.015134 -1.985750
v -0.213027 1.008038 -1.962859
v -0.217467 0.996515 -1.941763
v -0.221359 0.981007 -1.923271
v -0.224552 0.962110 -1.908096
v -0.226925 0.940552 -1.896820
v -0.228387 0.917159 -1.889876
v -0.228880 0.892832 -1.887531
v -0.228387 0.868505 -1.889876
v -0.226925 0.845112 -1.896820
v -0.224552 0.823553 -1.908096
v -0.221359 0.804657 -1.923271
v -0.217467 0.789149 -1.941763
v -0.213027 0.777626 -1.962859
v -0.208209 0.770530 -1.985750
v -0.212758 1.015134 -1.987185
v -0.221948 1.008038 -1.965674
v -0.230419 0.996515 -1.945849
v -0.237843 0.981007 -1.928472
v -0.243936 0.962110 -1.914211
v -0.248463 0.940552 -1.903615
v -0.251251 0.917159 -1.897089
v -0.252193 0.892832 -1.894886
v -0.251251 0.868505 -1.897089
v -0.248463 0.845112 -1.903615
v -0.243936 0.823553 -1.914211
v -0.237843 0.804657 -1.928472
v -0.230419 0.789149 -1.945849
v -0.221948 0.777626 -1.965674
v -0.212758 0.770530 -1.987185
v -0.216938 1.015134 -1.989480
v -0.230149 1.008038 -1.970175
v -0.242324 0.996515 -1.952383
v -0.252996 0.981007 -1.936789
v -0.261754 0.962110 -1.923991
v -0.268262 0.940552 -1.914481
v -0.272269 0.917159 -1.908625
v -0.273622 0.892832 -1.906648
v -0.272269 0.868505 -1.908625
v -0.268262 0.845112 -1.914481
v -0.261754 0.823553 -1.923991
v -0.252996 0.804657 -1.936789
v -0.242324 0.789149 -1.952383
v -0.230149 0.777626 -1.970175
v -0.216938 0.770530 -1.989480
v -0.220591 1.015134 -1.992546
v -0.237314 1.008038 -1.976189
v -0.252726 0.996515 -1.961115
v -0.266235 0.981007 -1.947902
v -0.277322 0.962110 -1.937058
v -0.285560 0.940552 -1.929001
v -0.290633 0.917159 -1.924039
v -0.292346 0.892832 -1.922364
v -0.290633 0.868505 -1.924039
v -0.285560 0.845112 -1.929001
v -0.277322 0.823553 -1.937058
v -0.266235 0.804657 -1.947902
v -0.252726 0.789149 -1.961115
v -0.237314 0.777626 -1.976189
v -0.220591 0.770530 -1.992546
v -0.223575 1.015134 -1.996265
v -0.243168 1.008038 -1.983486
v -0.261225 0.996515 -1.971708
v -0.277052 0.981007 -1.961384
v -0.290041 0.962110 -1.952912
v -0.299693 0.940552 -1.946616
v -0.305636 0.917159 -1.942740
v -0.307643 0.892832 -1.941431
v -0.305636 0.868505 -1.942740
v -0.299693 0.845112 -1.946616
v -0.290041 0.823553 -1.952912
v -0.277052 0.804657 -1.961384
v -0.261225 0.789149 -1.971708
v -0.243168 0.777626 -1.983486
v -0.223575 0.770530 -1.996265
v -0.225777 1.015134 -2.000496
v -0.247486 1.008038 -1.991784
v -0.267494 0.996515 -1.983755
v -0.285031 0.981007 -1.976718
v -0.299423 0.962110 -1.970942
v -0.310118 0.940552 -1.966651
v -0.316703 0.917159 -1.964008
v -0.318927 0.892832 -1.963116
v -0.316703 0.868505 -1.964008
v -0.310118 0.845112 -1.966651
v -0.299423 0.823553 -1.970942
v -0.285031 0.804657 -1.976718
v -0.267494 0.789149 -1.983755
v -0.247486 0.777626 -1.991784
v -0.225777 0.770530 -2.000496
v -0.227110 1.015134 -2.005075
v -0.250103 1.008038 -2.000766
v -0.271292 0.996515 -1.996794
v -0.289865 0.981007 -1.993313
v -0.305108 0.962110 -1.990457
v -0.316434 0.940552 -1.988334
v -0.323408 0.917159 -1.987027
v -0.325763 0.892832 -1.986585
v -0.323408 0.868505 -1.987027
v -0.316434 0.845112 -1.988334
v -0.305108 0.823553 -1.990457
v -0.289865 0.804657 -1.993313
v -0.271292 0.789149 -1.996794
v -0.250103 0.777626 -2.000766
v -0.227110 0.770530 -2.005075
v -0.227525 1.015134 -2.009826
v -0.250916 1.008038 -2.010085
v -0.291369 0.981007 -2.010533
v -0.318398 0.940552 -2.010833
v -0.318398 0.845112 -2.010833
v -0.291369 0.804657 -2.010533
v -0.272474 0.789149 -2.010324
v -0.250916 0.777626 -2.010085
v -0.227525 0.770530 -2.009826
v 0.076621 0.981937 -2.011762
v 0.042219 0.947533 -2.012144
v 0.023600 0.902582 -2.012350
v 0.021204 0.878255 -2.012377
v 0.023600 0.853927 -2.012350
v 0.042219 0.808976 -2.012144
v 0.122089 1.000557 -2.016005
v 0.099198 0.993461 -2.020823
v 0.078101 0.981937 -2.025263
v 0.059610 0.966430 -2.029154
v 0.044435 0.947533 -2.032348
v 0.033158 0.925975 -2.034721
v 0.026215 0.902582 -2.036182
v 0.023870 0.878255 -2.036676
v 0.026215 0.853927 -2.036182
v 0.033158 0.830535 -2.034721
v 0.044435 0.808976 -2.032348
v 0.059610 0.790080 -2.029154
v 0.078101 0.774572 -2.025263
v 0.099198 0.763049 -2.020823
v 0.122089 0.755953 -2.016005
v 0.123524 1.000557 -2.020553
v 0.102012 0.993461 -2.029744
v 0.082187 0.981937 -2.038214
v 0.064811 0.966430 -2.045639
v 0.050550 0.947533 -2.051731
v 0.039953 0.925975 -2.056259
v 0.033428 0.902582 -2.059047
v 0.031225 0.878255 -2.059988
v 0.033428 0.853927 -2.059047
v 0.039953 0.830535 -2.056259
v 0.050550 0.808976 -2.051731
v 0.064811 0.790080 -2.045639
v 0.082187 0.774572 -2.038214
v 0.102012 0.763049 -2.029744
v 0.123524 0.755953 -2.020553
v 0.125818 1.000557 -2.024734
v 0.106513 0.993461 -2.037945
v 0.088722 0.981937 -2.050120
v 0.073127 0.966430 -2.060791
v 0.060329 0.947533 -2.069550
v 0.050820 0.925975 -2.076057
v 0.044963 0.902582 -2.080065
v 0.042986 0.878255 -2.081418
v 0.044963 0.853927 -2.080065
v 0.050820 0.830535 -2.076057
v 0.060329 0.808976 -2.069550
v 0.073127 0.790080 -2.060791
v 0.088722 0.774572 -2.050120
v 0.106513 0.763049 -2.037945
v 0.125818 0.755953 -2.024734
v 0.128884 1.000557 -2.028386
v 0.112528 0.993461 -2.045110
v 0.097453 0.981937 -2.060522
v 0.084240 0.966430 -2.074031
v 0.073397 0.947533 -2.085117
v 0.065339 0.925975 -2.093355
v 0.060378 0.902582 -2.098428
v 0.058702 0.878255 -2.100141
v 0.060378 0.853927 -2.098428
v 0.065339 0.830535 -2.093355
v 0.073397 0.808976 -2.085117
v 0.084240 0.790080 -2.074031
v 0.097453 0.774572 -2.060522
v 0.112528 0.763049 -2.045110
v 0.128884 0.755953 -2.028386
v 0.132604 1.000557 -2.031371
v 0.119824 0.993461 -2.050964
v 0.108046 0.981937 -2.069021
v 0.097723 0.966430 -2.084848
v 0.089251 0.947533 -2.097837
v 0.082955 0.925975 -2.107488
v 0.079078 0.902582 -2.113432
v 0.077769 0.878255 -2.115439
v 0.079078 0.853927 -2.113432
v 0.082955 0.830535 -2.107488
v 0.089251 0.808976 -2.097837
v 0.097723 0.790080 -2.084848
v 0.108046 0.774572 -2.069021
v 0.119824 0.763049 -2.050964
v 0.132604 0.755953 -2.031371
v 0.145895 1.002953 -2.010995
v 0.136835 1.000557 -2.033572
v 0.128123 0.993461 -2.055282
v 0.120094 0.981937 -2.075290
v 0.113056 0.966430 -2.092827
v 0.107281 0.947533 -2.107219
v 0.102989 0.925975 -2.117913
v 0.100347 0.902582 -2.124499
v 0.099454 0.878255 -2.126723
v 0.100347 0.853927 -2.124499
v 0.102989 0.830535 -2.117913
v 0.107281 0.808976 -2.107219
v 0.113056 0.790080 -2.092827
v 0.120094 0.774572 -2.075290
v 0.128123 0.763049 -2.055282
v 0.136835 0.755953 -2.033572
v 0.141413 1.000557 -2.034906
v 0.137104 0.993461 -2.057898
v 0.133133 0.981937 -2.079088
v 0.129652 0.966430 -2.097661
v 0.126795 0.947533 -2.112903
v 0.124673 0.925975 -2.124229
v 0.123365 0.902582 -2.131204
v 0.122924 0.878255 -2.133559
v 0.123365 0.853927 -2.131204
v 0.124673 0.830535 -2.124229
v 0.126795 0.808976 -2.112903
v 0.129652 0.790080 -2.097661
v 0.133133 0.774572 -2.079088
v 0.137104 0.763049 -2.057898
v 0.141413 0.755953 -2.034906
v 0.146164 1.000557 -2.035321
v 0.146424 0.993461 -2.058712
v 0.146662 0.981937 -2.080269
v 0.146872 0.966430 -2.099164
v 0.147044 0.947533 -2.114671
v 0.147171 0.925975 -2.126194
v 0.147250 0.902582 -2.133289
v 0.147276 0.878255 -2.135685
v 0.147250 0.853927 -2.133289
v 0.147171 0.830535 -2.126194
v 0.147044 0.808976 -2.114671
v 0.146872 0.790080 -2.099164
v 0.146662 0.774572 -2.080269
v 0.146424 0.763049 -2.058712
v 0.146164 0.755953 -2.035321
v 0.150905 1.000557 -2.034801
v 0.155722 0.993461 -2.057692
v 0.160162 0.981937 -2.078788
v 0.164054 0.966430 -2.097280
v 0.167248 0.947533 -2.112455
v 0.169621 0.925975 -2.123731
v 0.171082 0.902582 -2.130675
v 0.171576 0.878255 -2.133020
v 0.171082 0.853927 -2.130675
v 0.169621 0.830535 -2.123731
v 0.167248 0.808976 -2.112455
v 0.164054 0.790080 -2.097280
v 0.160162 0.774572 -2.078788
v 0.155722 0.763049 -2.057692
v 0.150905 0.755953 -2.034801
v 0.155453 1.000557 -2.033366
v 0.164644 0.993461 -2.054877
v 0.173114 0.981937 -2.074702
v 0.180538 0.966430 -2.092079
v 0.186631 0.947533 -2.106340
v 0.191159 0.925975 -2.116936
v 0.193947 0.902582 -2.123462
v 0.194888 0.878255 -2.125665
v 0.193947 0.853927 -2.123462
v 0.191159 0.830535 -2.116936
v 0.186631 0.808976 -2.106340
v 0.180538 0.790080 -2.092079
v 0.173114 0.774572 -2.074702
v 0.164644 0.763049 -2.054877
v 0.155453 0.755953 -2.033366
v 0.159634 1.000557 -2.031071
v 0.172845 0.993461 -2.050376
v 0.185020 0.981937 -2.068168
v 0.195691 0.966430 -2.083762
v 0.204449 0.947533 -2.096560
v 0.210957 0.925975 -2.106070
v 0.214965 0.902582 -2.111926
v 0.216318 0.878255 -2.113903
v 0.214965 0.853927 -2.111926
v 0.210957 0.830535 -2.106070
v 0.204449 0.808976 -2.096560
v 0.195691 0.790080 -2.083762
v 0.185020 0.774572 -2.068168
v 0.172845 0.763049 -2.050376
v 0.159634 0.755953 -2.031071
v 0.163286 1.000557 -2.028005
v 0.180010 0.993461 -2.044362
v 0.195422 0.981937 -2.059436
v 0.208931 0.966430 -2.072649
v 0.220017 0.947533 -2.083493
v 0.228255 0.925975 -2.091550
v 0.233328 0.902582 -2.096512
v 0.235041 0.878255 -2.098187
v 0.233328 0.853927 -2.096512
v 0.228255 0.830535 -2.091550
v 0.220017 0.808976 -2.083493
v 0.208931 0.790080 -2.072649
v 0.195422 0.774572 -2.059436
v 0.180010 0.763049 -2.044362
v 0.163286 0.755953 -2.028005
v 0.166271 1.000557 -2.024286
v 0.185864 0.993461 -2.037065
v 0.203921 0.981937 -2.048843
v 0.219748 0.966430 -2.059167
v 0.232737 0.947533 -2.067639
v 0.242388 0.925975 -2.073935
v 0.248332 0.902582 -2.077811
v 0.250339 0.878255 -2.079120
v 0.248332 0.853927 -2.077811
v 0.242388 0.830535 -2.073935
v 0.232737 0.808976 -2.067639
v 0.219748 0.790080 -2.059167
v 0.203921 0.774572 -2.048843
v 0.185864 0.763049 -2.037065
v 0.166271 0.755953 -2.024286
v 0.168472 1.000557 -2.020055
v 0.190182 0.993461 -2.028767
v 0.210190 0.981937 -2.036796
v 0.227727 0.966430 -2.043833
v 0.242119 0.947533 -2.049609
v 0.252813 0.925975 -2.053900
v 0.259399 0.902582 -2.056543
v 0.261622 0.878255 -2.057435
v 0.259399 0.853927 -2.056543
v 0.252813 0.830535 -2.053900
v 0.242119 0.808976 -2.049609
v 0.227727 0.790080 -2.043833
v 0.210190 0.774572 -2.036796
v 0.190182 0.763049 -2.028767
v 0.168472 0.755953 -2.020055
v 0.169806 1.000557 -2.015476
v 0.192798 0.993461 -2.019785
v 0.213988 0.981937 -2.023757
v 0.232561 0.966430 -2.027238
v 0.247803 0.947533 -2.030094
v 0.259129 0.925975 -2.032217
v 0.266104 0.902582 -2.033525
v 0.268459 0.878255 -2.033966
v 0.266104 0.853927 -2.033525
v 0.259129 0.830535 -2.032217
v 0.247803 0.808976 -2.030094
v 0.232561 0.790080 -2.027238
v 0.213988 0.774572 -2.023757
v 0.192798 0.763049 -2.019785
v 0.169806 0.755953 -2.015476
v 0.170221 1.000557 -2.010725
v 0.193612 0.993461 -2.010466
v 0.215169 0.981937 -2.010227
v 0.234064 0.966430 -2.010018
v 0.249571 0.947533 -2.009846
v 0.261094 0.925975 -2.009718
v 0.268189 0.902582 -2.009640
v 0.270585 0.878255 -2.009613
v 0.268189 0.853927 -2.009640
v 0.261094 0.830535 -2.009718
v 0.249571 0.808976 -2.009846
v 0.234064 0.790080 -2.010018
v 0.215169 0.774572 -2.010227
v 0.193612 0.763049 -2.010466
v 0.170221 0.755953 -2.010725
v 0.169701 1.000557 -2.005985
v 0.192592 0.993461 -2.001167
v 0.213688 0.981937 -1.996727
v 0.232180 0.966430 -1.992836
v 0.247355 0.947533 -1.989642
v 0.258631 0.925975 -1.987269
v 0.265575 0.902582 -1.985807
v 0.267920 0.878255 -1.985314
v 0.265575 0.853927 -1.985807
v 0.258631 0.830535 -1.987269
v 0.247355 0.808976 -1.989642
v 0.232180 0.790080 -1.992836
v 0.213688 0.774572 -1.996727
v 0.192592 0.763049 -2.001167
v 0.169701 0.755953 -2.005985
v 0.168266 1.000557 -2.001437
v 0.189777 0.993461 -1.992246
v 0.209602 0.981937 -1.983776
v 0.226979 0.966430 -1.976351
v 0.241240 0.947533 -1.970258
v 0.251836 0.925975 -1.965731
v 0.258362 0.902582 -1.962943
v 0.260565 0.878255 -1.962001
v 0.258362 0.853927 -1.962943
v 0.251836 0.830535 -1.965731
v 0.241240 0.808976 -1.970258
v 0.226979 0.790080 -1.976351
v 0.209602 0.774572 -1.983776
v 0.189777 0.763049 -1.992246
v 0.168266 0.755953 -2.001437
v 0.165971 1.000557 -1.997256
v 0.185276 0.993461 -1.984045
v 0.203068 0.981937 -1.971870
v 0.218662 0.966430 -1.961198
v 0.231460 0.947533 -1.952440
v 0.240970 0.925975 -1.945933
v 0.246826 0.902582 -1.941925
v 0.248803 0.878255 -1.940572
v 0.246826 0.853927 -1.941925
v 0.240970 0.830535 -1.945933
v 0.231460 0.808976 -1.952440
v 0.218662 0.790080 -1.961198
v 0.203068 0.774572 -1.971870
v 0.185276 0.763049 -1.984045
v 0.165971 0.755953 -1.997256
v 0.162905 1.000557 -1.993603
v 0.179262 0.993461 -1.976880
v 0.194336 0.981937 -1.961468
v 0.207549 0.966430 -1.947959
v 0.218393 0.947533 -1.936872
v 0.226450 0.925975 -1.928634
v 0.231412 0.902582 -1.923561
v 0.233087 0.878255 -1.921849
v 0.231412 0.853927 -1.923561
v 0.226450 0.830535 -1.928634
v 0.218393 0.808976 -1.936872
v 0.207549 0.790080 -1.947959
v 0.194336 0.774572 -1.961468
v 0.179262 0.763049 -1.976880
v 0.162905 0.755953 -1.993603
v 0.145895 0.753557 -2.010995
v 0.159185 1.000557 -1.990619
v 0.171965 0.993461 -1.971026
v 0.183743 0.981937 -1.952969
v 0.194067 0.966430 -1.937142
v 0.202539 0.947533 -1.924153
v 0.208835 0.925975 -1.914501
v 0.212711 0.902582 -1.908558
v 0.214020 0.878255 -1.906551
v 0.212711 0.853927 -1.908558
v 0.208835 0.830535 -1.914501
v 0.202539 0.808976 -1.924153
v 0.194067 0.790080 -1.937142
v 0.183743 0.774572 -1.952969
v 0.171965 0.763049 -1.971026
v 0.159185 0.755953 -1.990619
v 0.154955 1.000557 -1.988418
v 0.163667 0.993461 -1.966708
v 0.171696 0.981937 -1.946700
v 0.178733 0.966430 -1.929163
v 0.184509 0.947533 -1.914771
v 0.188800 0.925975 -1.904076
v 0.191443 0.902582 -1.897491
v 0.192335 0.878255 -1.895267
v 0.191443 0.853927 -1.897491
v 0.188800 0.830535 -1.904076
v 0.184509 0.808976 -1.914771
v 0.178733 0.790080 -1.929163
v 0.171696 0.774572 -1.946700
v 0.163667 0.763049 -1.966708
v 0.154955 0.755953 -1.988418
v 0.150376 1.000557 -1.987084
v 0.154685 0.993461 -1.964092
v 0.158657 0.981937 -1.942902
v 0.162138 0.966430 -1.924329
v 0.164994 0.947533 -1.909087
v 0.167117 0.925975 -1.897761
v 0.168424 0.902582 -1.890786
v 0.168866 0.878255 -1.888431
v 0.168424 0.853927 -1.890786
v 0.167117 0.830535 -1.897761
v 0.164994 0.808976 -1.909087
v 0.162138 0.790080 -1.924329
v 0.158657 0.774572 -1.942902
v 0.154685 0.763049 -1.964092
v 0.150376 0.755953 -1.987084
v 0.145625 1.000557 -1.986669
v 0.145366 0.993461 -1.963278
v 0.145127 0.981937 -1.941721
v 0.144918 0.966430 -1.922825
v 0.144746 0.947533 -1.907319
v 0.144618 0.925975 -1.895796
v 0.144540 0.902582 -1.888700
v 0.144513 0.878255 -1.886305
v 0.144540 0.853927 -1.888700
v 0.144618 0.830535 -1.895796
v 0.144746 0.808976 -1.907319
v 0.144918 0.790080 -1.922825
v 0.145127 0.774572 -1.941721
v 0.145366 0.763049 -1.963278
v 0.145625 0.755953 -1.986669
v 0.140885 1.000557 -1.987189
v 0.136067 0.993461 -1.964298
v 0.131627 0.981937 -1.943202
v 0.127736 0.966430 -1.924710
v 0.124542 0.947533 -1.909535
v 0.122169 0.925975 -1.898259
v 0.120707 0.902582 -1.891315
v 0.120214 0.878255 -1.888970
v 0.120707 0.853927 -1.891315
v 0.122169 0.830535 -1.898259
v 0.124542 0.808976 -1.909535
v 0.127736 0.790080 -1.924710
v 0.131627 0.774572 -1.943202
v 0.136067 0.763049 -1.964298
v 0.140885 0.755953 -1.987189
v 0.136337 1.000557 -1.988624
v 0.127146 0.993461 -1.967112
v 0.118676 0.981937 -1.947288
v 0.111251 0.966430 -1.929911
v 0.105158 0.947533 -1.915650
v 0.100631 0.925975 -1.905053
v 0.097843 0.902582 -1.898528
v 0.096901 0.878255 -1.896325
v 0.097843 0.853927 -1.898528
v 0.100631 0.830535 -1.905053
v 0.105158 0.808976 -1.915650
v 0.111251 0.790080 -1.929911
v 0.118676 0.774572 -1.947288
v 0.127146 0.763049 -1.967112
v 0.136337 0.755953 -1.988624
v 0.132156 1.000557 -1.990918
v 0.118945 0.993461 -1.971613
v 0.106770 0.981937 -1.953822
v 0.096098 0.966430 -1.938227
v 0.087340 0.947533 -1.925430
v 0.080832 0.925975 -1.915920
v 0.076825 0.902582 -1.910064
v 0.075472 0.878255 -1.908086
v 0.076825 0.853927 -1.910064
v 0.080832 0.830535 -1.915920
v 0.087340 0.808976 -1.925430
v 0.096098 0.790080 -1.938227
v 0.106770 0.774572 -1.953822
v 0.118945 0.763049 -1.971613
v 0.132156 0.755953 -1.990918
v 0.128503 1.000557 -1.993984
v 0.111780 0.993461 -1.977628
v 0.096368 0.981937 -1.962554
v 0.082859 0.966430 -1.949341
v 0.071772 0.947533 -1.938497
v 0.063534 0.925975 -1.930440
v 0.058461 0.902582 -1.925478
v 0.056749 0.878255 -1.923803
v 0.058461 0.853927 -1.925478
v 0.063534 0.830535 -1.930440
v 0.071772 0.808976 -1.938497
v 0.082859 0.790080 -1.949341
v 0.096368 0.774572 -1.962554
v 0.111780 0.763049 -1.977628
v 0.128503 0.755953 -1.993984
v 0.125519 1.000557 -1.997704
v 0.105926 0.993461 -1.984924
v 0.087869 0.981937 -1.973146
v 0.072042 0.966430 -1.962823
v 0.059053 0.947533 -1.954351
v 0.049401 0.925975 -1.948055
v 0.043458 0.902582 -1.944178
v 0.041451 0.878255 -1.942869
v 0.043458 0.853927 -1.944178
v 0.049401 0.830535 -1.948055
v 0.059053 0.808976 -1.954351
v 0.072042 0.790080 -1.962823
v 0.087869 0.774572 -1.973146
v 0.105926 0.763049 -1.984924
v 0.125519 0.755953 -1.997704
v 0.123317 1.000557 -2.001935
v 0.101608 0.993461 -1.993223
v 0.081600 0.981937 -1.985194
v 0.064063 0.966430 -1.978156
v 0.049671 0.947533 -1.972381
v 0.038976 0.925975 -1.968089
v 0.032391 0.902582 -1.965447
v 0.030167 0.878255 -1.964554
v 0.032391 0.853927 -1.965447
v 0.038976 0.830535 -1.968089
v 0.049671 0.808976 -1.972381
v 0.064063 0.790080 -1.978156
v 0.081600 0.774572 -1.985194
v 0.101608 0.763049 -1.993223
v 0.123317 0.755953 -2.001935
v 0.121984 1.000557 -2.006514
v 0.098992 0.993461 -2.002204
v 0.077802 0.981937 -1.998233
v 0.059229 0.966430 -1.994752
v 0.043987 0.947533 -1.991895
v 0.032660 0.925975 -1.989773
v 0.025686 0.902582 -1.988465
v 0.023331 0.878255 -1.988024
v 0.025686 0.853927 -1.988465
v 0.032660 0.830535 -1.989773
v 0.043987 0.808976 -1.991895
v 0.059229 0.790080 -1.994752
v 0.077802 0.774572 -1.998233
v 0.098992 0.763049 -2.002204
v 0.121984 0.755953 -2.006514
v 0.121569 1.000557 -2.011264
v 0.098178 0.993461 -2.011524
v 0.057725 0.966430 -2.011972
v 0.030696 0.925975 -2.012271
v 0.030696 0.830535 -2.012271
v 0.057725 0.790080 -2.011972
v 0.076621 0.774572 -2.011762
v 0.098178 0.763049 -2.011524
v 0.121569 0.755953 -2.011264
v 0.169973 0.120176 -1.974685
v 0.169973 0.208432 -1.974685
v -0.207162 0.120176 -1.978864
v -0.207162 0.208432 -1.978864
v 0.170951 0.120176 -2.062935
v 0.170951 0.208432 -2.062935
v -0.206184 0.120176 -2.067114
v -0.206184 0.208432 -2.067114
v 0.111456 0.908397 -2.104755
v 0.098326 0.895266 -2.104901
v 0.091220 0.878110 -2.104980
v 0.090306 0.868825 -2.104990
v 0.091220 0.859540 -2.104980
v 0.098326 0.842384 -2.104901
v 0.128810 0.915503 -2.106375
v 0.120073 0.912795 -2.108213
v 0.112021 0.908397 -2.109908
v 0.104964 0.902478 -2.111393
v 0.099172 0.895266 -2.112612
v 0.094868 0.887038 -2.113518
v 0.092218 0.878110 -2.114075
v 0.091323 0.868825 -2.114264
v 0.092218 0.859540 -2.114075
v 0.094868 0.850612 -2.113518
v 0.099172 0.842384 -2.112612
v 0.104964 0.835172 -2.111393
v 0.112021 0.829253 -2.109908
v 0.120073 0.824855 -2.108213
v 0.128810 0.822146 -2.106375
v 0.129357 0.915503 -2.108110
v 0.121147 0.912795 -2.111618
v 0.113581 0.908397 -2.114851
v 0.106949 0.902478 -2.117685
v 0.101506 0.895266 -2.120010
v 0.097461 0.887038 -2.121738
v 0.094971 0.878110 -2.122802
v 0.094130 0.868825 -2.123161
v 0.094971 0.859540 -2.122802
v 0.097461 0.850612 -2.121738
v 0.101506 0.842384 -2.120010
v 0.106949 0.835172 -2.117685
v 0.113581 0.829253 -2.114851
v 0.121147 0.824855 -2.111618
v 0.129357 0.822146 -2.108110
v 0.130233 0.915503 -2.109706
v 0.122865 0.912795 -2.114748
v 0.116075 0.908397 -2.119395
v 0.110123 0.902478 -2.123468
v 0.105238 0.895266 -2.126811
v 0.101609 0.887038 -2.129294
v 0.099374 0.878110 -2.130824
v 0.098619 0.868825 -2.131341
v 0.099374 0.859540 -2.130824
v 0.101609 0.850612 -2.129294
v 0.105238 0.842384 -2.126811
v 0.110123 0.835172 -2.123468
v 0.116075 0.829253 -2.119395
v 0.122865 0.824855 -2.114748
v 0.130233 0.822146 -2.109706
v 0.131403 0.915503 -2.111100
v 0.125161 0.912795 -2.117483
v 0.119407 0.908397 -2.123365
v 0.114364 0.902478 -2.128521
v 0.110226 0.895266 -2.132752
v 0.107150 0.887038 -2.135897
v 0.105257 0.878110 -2.137833
v 0.104617 0.868825 -2.138486
v 0.105257 0.859540 -2.137833
v 0.107150 0.850612 -2.135897
v 0.110226 0.842384 -2.132752
v 0.114364 0.835172 -2.128521
v 0.119407 0.829253 -2.123365
v 0.125161 0.824855 -2.117483
v 0.131403 0.822146 -2.111100
v 0.132823 0.915503 -2.112239
v 0.127945 0.912795 -2.119717
v 0.123450 0.908397 -2.126609
v 0.119510 0.902478 -2.132650
v 0.116276 0.895266 -2.137607
v 0.113874 0.887038 -2.141290
v 0.112394 0.878110 -2.143559
v 0.111894 0.868825 -2.144325
v 0.112394 0.859540 -2.143559
v 0.113874 0.850612 -2.141290
v 0.116276 0.842384 -2.137607
v 0.119510 0.835172 -2.132650
v 0.123450 0.829253 -2.126609
v 0.127945 0.824855 -2.119717
v 0.132823 0.822146 -2.112239
v 0.137896 0.916418 -2.104462
v 0.134438 0.915503 -2.113079
v 0.131113 0.912795 -2.121365
v 0.128048 0.908397 -2.129001
v 0.125362 0.902478 -2.135695
v 0.123158 0.895266 -2.141187
v 0.121520 0.887038 -2.145269
v 0.120511 0.878110 -2.147783
v 0.120171 0.868825 -2.148631
v 0.120511 0.859540 -2.147783
v 0.121520 0.850612 -2.145269
v 0.123158 0.842384 -2.141187
v 0.125362 0.835172 -2.135695
v 0.128048 0.829253 -2.129001
v 0.131113 0.824855 -2.121365
v 0.134438 0.822146 -2.113079
v 0.136185 0.915503 -2.113588
v 0.134541 0.912795 -2.122364
v 0.133025 0.908397 -2.130451
v 0.131696 0.902478 -2.137540
v 0.130606 0.895266 -2.143357
v 0.129796 0.887038 -2.147680
v 0.129297 0.878110 -2.150342
v 0.129128 0.868825 -2.151241
v 0.129297 0.859540 -2.150342
v 0.129796 0.850612 -2.147680
v 0.130606 0.842384 -2.143357
v 0.131696 0.835172 -2.137540
v 0.133025 0.829253 -2.130451
v 0.134541 0.824855 -2.122364
v 0.136185 0.822146 -2.113588
v 0.137998 0.915503 -2.113747
v 0.138097 0.912795 -2.122674
v 0.138189 0.908397 -2.130902
v 0.138268 0.902478 -2.138113
v 0.138334 0.895266 -2.144032
v 0.138383 0.887038 -2.148430
v 0.138413 0.878110 -2.151138
v 0.138423 0.868825 -2.152052
v 0.138413 0.859540 -2.151138
v 0.138383 0.850612 -2.148430
v 0.138334 0.842384 -2.144032
v 0.138268 0.835172 -2.138113
v 0.138189 0.829253 -2.130902
v 0.138097 0.824855 -2.122674
v 0.137998 0.822146 -2.113747
v 0.139808 0.915503 -2.113548
v 0.141646 0.912795 -2.122285
v 0.143341 0.908397 -2.130337
v 0.144826 0.902478 -2.137394
v 0.146045 0.895266 -2.143186
v 0.146951 0.887038 -2.147490
v 0.147509 0.878110 -2.150140
v 0.147697 0.868825 -2.151035
v 0.147509 0.859540 -2.150140
v 0.146951 0.850612 -2.147490
v 0.146045 0.842384 -2.143186
v 0.144826 0.835172 -2.137394
v 0.143341 0.829253 -2.130337
v 0.141646 0.824855 -2.122285
v 0.139808 0.822146 -2.113548
v 0.141544 0.915503 -2.113001
v 0.145051 0.912795 -2.121211
v 0.148284 0.908397 -2.128777
v 0.151118 0.902478 -2.135409
v 0.153443 0.895266 -2.140852
v 0.155171 0.887038 -2.144897
v 0.156235 0.878110 -2.147387
v 0.156595 0.868825 -2.148228
v 0.156235 0.859540 -2.147387
v 0.155171 0.850612 -2.144897
v 0.153443 0.842384 -2.140852
v 0.151118 0.835172 -2.135409
v 0.148284 0.829253 -2.128777
v 0.145051 0.824855 -2.121211
v 0.141544 0.822146 -2.113001
v 0.143139 0.915503 -2.112125
v 0.148181 0.912795 -2.119493
v 0.152828 0.908397 -2.126283
v 0.156901 0.902478 -2.132235
v 0.160244 0.895266 -2.137120
v 0.162728 0.887038 -2.140749
v 0.164257 0.878110 -2.142984
v 0.164774 0.868825 -2.143739
v 0.164257 0.859540 -2.142984
v 0.162728 0.850612 -2.140749
v 0.160244 0.842384 -2.137120
v 0.156901 0.835172 -2.132235
v 0.152828 0.829253 -2.126283
v 0.148181 0.824855 -2.119493
v 0.143139 0.822146 -2.112125
v 0.144533 0.915503 -2.110955
v 0.150916 0.912795 -2.117197
v 0.156798 0.908397 -2.122951
v 0.161954 0.902478 -2.127994
v 0.166186 0.895266 -2.132132
v 0.169330 0.887038 -2.135208
v 0.171266 0.878110 -2.137101
v 0.171920 0.868825 -2.137741
v 0.171266 0.859540 -2.137101
v 0.169330 0.850612 -2.135208
v 0.166186 0.842384 -2.132132
v 0.161954 0.835172 -2.127994
v 0.156798 0.829253 -2.122951
v 0.150916 0.824855 -2.117197
v 0.144533 0.822146 -2.110955
v 0.145672 0.915503 -2.109535
v 0.153150 0.912795 -2.114413
v 0.160042 0.908397 -2.118908
v 0.166083 0.902478 -2.122848
v 0.171040 0.895266 -2.126081
v 0.174724 0.887038 -2.128484
v 0.176992 0.878110 -2.129964
v 0.177758 0.868825 -2.130464
v 0.176992 0.859540 -2.129964
v 0.174724 0.850612 -2.128484
v 0.171040 0.842384 -2.126081
v 0.166083 0.835172 -2.122848
v 0.160042 0.829253 -2.118908
v 0.153150 0.824855 -2.114413
v 0.145672 0.822146 -2.109535
v 0.146513 0.915503 -2.107920
v 0.154798 0.912795 -2.111245
v 0.162435 0.908397 -2.114310
v 0.169128 0.902478 -2.116996
v 0.174621 0.895266 -2.119200
v 0.178703 0.887038 -2.120838
v 0.181216 0.878110 -2.121846
v 0.182065 0.868825 -2.122187
v 0.181216 0.859540 -2.121846
v 0.178703 0.850612 -2.120838
v 0.174621 0.842384 -2.119200
v 0.169128 0.835172 -2.116996
v 0.162435 0.829253 -2.114310
v 0.154798 0.824855 -2.111245
v 0.146513 0.822146 -2.107920
v 0.147022 0.915503 -2.106173
v 0.155797 0.912795 -2.107817
v 0.163884 0.908397 -2.109333
v 0.170973 0.902478 -2.110662
v 0.176790 0.895266 -2.111752
v 0.181113 0.887038 -2.112562
v 0.183775 0.878110 -2.113061
v 0.184674 0.868825 -2.113230
v 0.183775 0.859540 -2.113061
v 0.181113 0.850612 -2.112562
v 0.176790 0.842384 -2.111752
v 0.170973 0.835172 -2.110662
v 0.163884 0.829253 -2.109333
v 0.155797 0.824855 -2.107817
v 0.147022 0.822146 -2.106173
v 0.147180 0.915503 -2.104359
v 0.156107 0.912795 -2.104260
v 0.164335 0.908397 -2.104169
v 0.171547 0.902478 -2.104089
v 0.177465 0.895266 -2.104024
v 0.181863 0.887038 -2.103975
v 0.184571 0.878110 -2.103945
v 0.185486 0.868825 -2.103935
v 0.184571 0.859540 -2.103945
v 0.181863 0.850612 -2.103975
v 0.177465 0.842384 -2.104024
v 0.171547 0.835172 -2.104089
v 0.164335 0.829253 -2.104169
v 0.156107 0.824855 -2.104260
v 0.147180 0.822146 -2.104359
v 0.146981 0.915503 -2.102550
v 0.155718 0.912795 -2.100712
v 0.163770 0.908397 -2.099017
v 0.170827 0.902478 -2.097532
v 0.176619 0.895266 -2.096313
v 0.180923 0.887038 -2.095407
v 0.183573 0.878110 -2.094849
v 0.184468 0.868825 -2.094661
v 0.183573 0.859540 -2.094849
v 0.180923 0.850612 -2.095407
v 0.176619 0.842384 -2.096313
v 0.170827 0.835172 -2.097532
v 0.163770 0.829253 -2.099017
v 0.155718 0.824855 -2.100712
v 0.146981 0.822146 -2.102550
v 0.146434 0.915503 -2.100814
v 0.154644 0.912795 -2.097307
v 0.162210 0.908397 -2.094074
v 0.168843 0.902478 -2.091240
v 0.174285 0.895266 -2.088915
v 0.178330 0.887038 -2.087187
v 0.180820 0.878110 -2.086123
v 0.181661 0.868825 -2.085763
v 0.180820 0.859540 -2.086123
v 0.178330 0.850612 -2.087187
v 0.174285 0.842384 -2.088915
v 0.168843 0.835172 -2.091240
v 0.162210 0.829253 -2.094074
v 0.154644 0.824855 -2.097307
v 0.146434 0.822146 -2.100814
v 0.145558 0.915503 -2.099219
v 0.152926 0.912795 -2.094177
v 0.159717 0.908397 -2.089530
v 0.165668 0.902478 -2.085457
v 0.170553 0.895266 -2.082114
v 0.174183 0.887038 -2.079630
v 0.176418 0.878110 -2.078101
v 0.177172 0.868825 -2.077585
v 0.176418 0.859540 -2.078101
v 0.174183 0.850612 -2.079630
v 0.170553 0.842384 -2.082114
v 0.165668 0.835172 -2.085457
v 0.159717 0.829253 -2.089530
v 0.152926 0.824855 -2.094177
v 0.145558 0.822146 -2.099219
v 0.144388 0.915503 -2.097825
v 0.150631 0.912795 -2.091442
v 0.156384 0.908397 -2.085560
v 0.161427 0.902478 -2.080404
v 0.165566 0.895266 -2.076172
v 0.168641 0.887038 -2.073028
v 0.170534 0.878110 -2.071092
v 0.171174 0.868825 -2.070438
v 0.170534 0.859540 -2.071092
v 0.168641 0.850612 -2.073028
v 0.165566 0.842384 -2.076172
v 0.161427 0.835172 -2.080404
v 0.156384 0.829253 -2.085560
v 0.150631 0.824855 -2.091442
v 0.144388 0.822146 -2.097825
v 0.137896 0.821232 -2.104462
v 0.142968 0.915503 -2.096686
v 0.147846 0.912795 -2.089208
v 0.152341 0.908397 -2.082316
v 0.156281 0.902478 -2.076275
v 0.159515 0.895266 -2.071318
v 0.161917 0.887038 -2.067634
v 0.163397 0.878110 -2.065366
v 0.163897 0.868825 -2.064600
v 0.163397 0.859540 -2.065366
v 0.161917 0.850612 -2.067634
v 0.159515 0.842384 -2.071318
v 0.156281 0.835172 -2.076275
v 0.152341 0.829253 -2.082316
v 0.147846 0.824855 -2.089208
v 0.142968 0.822146 -2.096686
v 0.141354 0.915503 -2.095845
v 0.144679 0.912795 -2.087559
v 0.147743 0.908397 -2.079923
v 0.150429 0.902478 -2.073230
v 0.152633 0.895266 -2.067737
v 0.154271 0.887038 -2.063655
v 0.155280 0.878110 -2.061142
v 0.155620 0.868825 -2.060293
v 0.155280 0.859540 -2.061142
v 0.154271 0.850612 -2.063655
v 0.152633 0.842384 -2.067737
v 0.150429 0.835172 -2.073230
v 0.147743 0.829253 -2.079923
v 0.144679 0.824855 -2.087559
v 0.141354 0.822146 -2.095845
v 0.139606 0.915503 -2.095336
v 0.141251 0.912795 -2.086561
v 0.142766 0.908397 -2.078474
v 0.144095 0.902478 -2.071385
v 0.145185 0.895266 -2.065567
v 0.145995 0.887038 -2.061245
v 0.146494 0.878110 -2.058583
v 0.146663 0.868825 -2.057684
v 0.146494 0.859540 -2.058583
v 0.145995 0.850612 -2.061245
v 0.145185 0.842384 -2.065567
v 0.144095 0.835172 -2.071385
v 0.142766 0.829253 -2.078474
v 0.141251 0.824855 -2.086561
v 0.139606 0.822146 -2.095336
v 0.137793 0.915503 -2.095178
v 0.137694 0.912795 -2.086250
v 0.137603 0.908397 -2.078023
v 0.137523 0.902478 -2.070811
v 0.137457 0.895266 -2.064893
v 0.137408 0.887038 -2.060495
v 0.137378 0.878110 -2.057787
v 0.137368 0.868825 -2.056872
v 0.137378 0.859540 -2.057787
v 0.137408 0.850612 -2.060495
v 0.137457 0.842384 -2.064893
v 0.137523 0.835172 -2.070811
v 0.137603 0.829253 -2.078023
v 0.137694 0.824855 -2.086250
v 0.137793 0.822146 -2.095178
v 0.135983 0.915503 -2.095376
v 0.134145 0.912795 -2.086640
v 0.132450 0.908397 -2.078588
v 0.130965 0.902478 -2.071530
v 0.129746 0.895266 -2.065739
v 0.128840 0.887038 -2.061435
v 0.128282 0.878110 -2.058785
v 0.128094 0.868825 -2.057890
v 0.128282 0.859540 -2.058785
v 0.128840 0.850612 -2.061435
v 0.129746 0.842384 -2.065739
v 0.130965 0.835172 -2.071530
v 0.132450 0.829253 -2.078588
v 0.134145 0.824855 -2.086640
v 0.135983 0.822146 -2.095376
v 0.134248 0.915503 -2.095924
v 0.130740 0.912795 -2.087714
v 0.127507 0.908397 -2.080148
v 0.124673 0.902478 -2.073515
v 0.122348 0.895266 -2.068072
v 0.120620 0.887038 -2.064028
v 0.119556 0.878110 -2.061538
v 0.119197 0.868825 -2.060697
v 0.119556 0.859540 -2.061538
v 0.120620 0.850612 -2.064028
v 0.122348 0.842384 -2.068072
v 0.124673 0.835172 -2.073515
v 0.127507 0.829253 -2.080148
v 0.130740 0.824855 -2.087714
v 0.134248 0.822146 -2.095924
v 0.132652 0.915503 -2.096800
v 0.127610 0.912795 -2.089432
v 0.122963 0.908397 -2.082641
v 0.118890 0.902478 -2.076690
v 0.115547 0.895266 -2.071805
v 0.113064 0.887038 -2.068175
v 0.111534 0.878110 -2.065940
v 0.111018 0.868825 -2.065186
v 0.111534 0.859540 -2.065940
v 0.113064 0.850612 -2.068175
v 0.115547 0.842384 -2.071805
v 0.118890 0.835172 -2.076690
v 0.122963 0.829253 -2.082641
v 0.127610 0.824855 -2.089432
v 0.132652 0.822146 -2.096800
v 0.131258 0.915503 -2.097970
v 0.124875 0.912795 -2.091727
v 0.118993 0.908397 -2.085974
v 0.113837 0.902478 -2.080931
v 0.109606 0.895266 -2.076792
v 0.106461 0.887038 -2.073717
v 0.104525 0.878110 -2.071823
v 0.103872 0.868825 -2.071184
v 0.104525 0.859540 -2.071823
v 0.106461 0.850612 -2.073717
v 0.109606 0.842384 -2.076792
v 0.113837 0.835172 -2.080931
v 0.118993 0.829253 -2.085974
v 0.124875 0.824855 -2.091727
v 0.131258 0.822146 -2.097970
v 0.130119 0.915503 -2.099390
v 0.122641 0.912795 -2.094512
v 0.115749 0.908397 -2.090017
v 0.109708 0.902478 -2.086077
v 0.104751 0.895266 -2.082843
v 0.101067 0.887038 -2.080441
v 0.098799 0.878110 -2.078961
v 0.098033 0.868825 -2.078461
v 0.098799 0.859540 -2.078961
v 0.101067 0.850612 -2.080441
v 0.104751 0.842384 -2.082843
v 0.109708 0.835172 -2.086077
v 0.115749 0.829253 -2.090017
v 0.122641 0.824855 -2.094512
v 0.130119 0.822146 -2.099390
v 0.129279 0.915503 -2.101004
v 0.120993 0.912795 -2.097680
v 0.113357 0.908397 -2.094615
v 0.106663 0.902478 -2.091929
v 0.101170 0.895266 -2.089725
v 0.097089 0.887038 -2.088087
v 0.094575 0.878110 -2.087078
v 0.093726 0.868825 -2.086737
v 0.094575 0.859540 -2.087078
v 0.097089 0.850612 -2.088087
v 0.101170 0.842384 -2.089725
v 0.106663 0.835172 -2.091929
v 0.113357 0.829253 -2.094615
v 0.120993 0.824855 -2.097680
v 0.129279 0.822146 -2.101004
v 0.128770 0.915503 -2.102752
v 0.119994 0.912795 -2.101107
v 0.111907 0.908397 -2.099591
v 0.104818 0.902478 -2.098263
v 0.099001 0.895266 -2.097173
v 0.094678 0.887038 -2.096363
v 0.092016 0.878110 -2.095864
v 0.091117 0.868825 -2.095695
v 0.092016 0.859540 -2.095864
v 0.094678 0.850612 -2.096363
v 0.099001 0.842384 -2.097173
v 0.104818 0.835172 -2.098263
v 0.111907 0.829253 -2.099591
v 0.119994 0.824855 -2.101107
v 0.128770 0.822146 -2.102752
v 0.128611 0.915503 -2.104565
v 0.119684 0.912795 -2.104664
v 0.104244 0.902478 -2.104835
v 0.093928 0.887038 -2.104949
v 0.093928 0.850612 -2.104949
v 0.104244 0.835172 -2.104835
v 0.111456 0.829253 -2.104755
v 0.119684 0.824855 -2.104664
v 0.128611 0.822146 -2.104565
vn -0.0979 0.9951 -0.0108
vn -0.0979 -0.9951 -0.0107
vn -0.9893 -0.0976 -0.1085
vn -0.2899 0.9565 -0.0318
vn -0.9516 -0.2890 -0.1044
vn -0.4703 0.8810 -0.0516
vn -0.8776 -0.4696 -0.0963
vn -0.6324 0.7715 -0.0694
vn -0.7699 -0.6326 -0.0844
vn -0.7699 0.6326 -0.0844
vn -0.6324 -0.7715 -0.0694
vn -0.8776 0.4696 -0.0963
vn -0.4704 -0.8810 -0.0516
vn -0.9516 0.2890 -0.1044
vn -0.2898 -0.9565 -0.0318
vn -0.9893 0.0976 -0.1085
vn -0.2780 -0.9566 -0.0877
vn -0.9491 0.0976 -0.2995
vn -0.0939 0.9951 -0.0296
vn -0.0939 -0.9951 -0.0296
vn -0.9491 -0.0976 -0.2994
vn -0.2781 0.9565 -0.0877
vn -0.9130 -0.2890 -0.2880
vn -0.4513 0.8810 -0.1424
vn -0.8420 -0.4696 -0.2656
vn -0.6068 0.7715 -0.1914
vn -0.7386 -0.6326 -0.2330
vn -0.7386 0.6326 -0.2330
vn -0.6067 -0.7715 -0.1914
vn -0.8420 0.4696 -0.2656
vn -0.4512 -0.8810 -0.1424
vn -0.9130 0.2890 -0.2880
vn -0.5577 0.7715 -0.3061
vn -0.6790 -0.6326 -0.3726
vn -0.6790 0.6326 -0.3727
vn -0.5578 -0.7715 -0.3061
vn -0.7739 0.4696 -0.4248
vn -0.4148 -0.8810 -0.2277
vn -0.8392 0.2890 -0.4606
vn -0.2556 -0.9566 -0.1403
vn -0.8725 0.0976 -0.4789
vn -0.0863 0.9951 -0.0474
vn -0.0863 -0.9951 -0.0474
vn -0.8725 -0.0975 -0.4788
vn -0.2556 0.9566 -0.1403
vn -0.8392 -0.2890 -0.4606
vn -0.4148 0.8810 -0.2277
vn -0.7739 -0.4697 -0.4248
vn -0.7623 0.0975 -0.6398
vn -0.0754 0.9951 -0.0633
vn -0.0754 -0.9951 -0.0634
vn -0.7623 -0.0975 -0.6399
vn -0.2233 0.9566 -0.1874
vn -0.7333 -0.2890 -0.6155
vn -0.3624 0.8810 -0.3042
vn -0.6762 -0.4696 -0.5676
vn -0.4873 0.7715 -0.4090
vn -0.5932 -0.6326 -0.4979
vn -0.5932 0.6326 -0.4979
vn -0.4873 -0.7715 -0.4090
vn -0.6762 0.4696 -0.5676
vn -0.3624 -0.8810 -0.3042
vn -0.7332 0.2890 -0.6155
vn -0.2233 -0.9565 -0.1875
vn -0.4846 -0.6326 -0.6041
vn -0.4847 0.6326 -0.6041
vn -0.3981 -0.7715 -0.4962
vn -0.5525 0.4696 -0.6886
vn -0.2961 -0.8810 -0.3691
vn -0.5991 0.2890 -0.7467
vn -0.1824 -0.9566 -0.2274
vn -0.6228 0.0975 -0.7763
vn -0.0616 0.9951 -0.0768
vn -0.0616 -0.9951 -0.0768
vn -0.6228 -0.0975 -0.7763
vn -0.1825 0.9565 -0.2274
vn -0.5991 -0.2890 -0.7467
vn -0.2961 0.8810 -0.3691
vn -0.5525 -0.4696 -0.6886
vn -0.3981 0.7715 -0.4962
vn -0.0455 0.9951 -0.0873
vn -0.0455 -0.9951 -0.0873
vn -0.4594 -0.0975 -0.8829
vn -0.1346 0.9565 -0.2587
vn -0.4419 -0.2890 -0.8493
vn -0.2184 0.8810 -0.4197
vn -0.4075 -0.4696 -0.7832
vn -0.2937 0.7715 -0.5644
vn -0.3575 -0.6326 -0.6871
vn -0.3576 0.6326 -0.6870
vn -0.2937 -0.7715 -0.5644
vn -0.4076 0.4696 -0.7832
vn -0.2184 -0.8810 -0.4197
vn -0.4419 0.2890 -0.8492
vn -0.1346 -0.9565 -0.2587
vn -0.4594 0.0975 -0.8828
vn -0.2166 0.6326 -0.7436
vn -0.1780 -0.7715 -0.6108
vn -0.2469 0.4696 -0.8476
vn -0.1323 -0.8810 -0.4543
vn -0.2677 0.2890 -0.9191
vn -0.0815 -0.9566 -0.2799
vn -0.2784 0.0976 -0.9555
vn -0.0275 0.9951 -0.0946
vn -0.0275 -0.9951 -0.0946
vn -0.2783 -0.0976 -0.9555
vn -0.0815 0.9566 -0.2799
vn -0.2677 -0.2890 -0.9191
vn -0.1324 0.8810 -0.4543
vn -0.2469 -0.4696 -0.8476
vn -0.1779 0.7715 -0.6108
vn -0.2166 -0.6326 -0.7436
vn -0.0865 -0.0975 -0.9915
vn -0.0254 0.9566 -0.2905
vn -0.0833 -0.2890 -0.9537
vn -0.0411 0.8810 -0.4714
vn -0.0768 -0.4696 -0.8795
vn -0.0553 0.7715 -0.6338
vn -0.0673 -0.6326 -0.7716
vn -0.0673 0.6326 -0.7716
vn -0.0553 -0.7715 -0.6338
vn -0.0768 0.4696 -0.8795
vn -0.0411 -0.8810 -0.4714
vn -0.0833 0.2890 -0.9537
vn -0.0254 -0.9566 -0.2905
vn -0.0865 0.0976 -0.9915
vn -0.0086 0.9951 -0.0981
vn -0.0086 -0.9951 -0.0981
vn 0.0694 -0.7715 -0.6324
vn 0.0963 0.4696 -0.8776
vn 0.0516 -0.8810 -0.4703
vn 0.1044 0.2890 -0.9516
vn 0.0319 -0.9566 -0.2898
vn 0.1085 0.0975 -0.9893
vn 0.0107 0.9951 -0.0979
vn 0.0107 -0.9951 -0.0979
vn 0.1086 -0.0975 -0.9893
vn 0.0318 0.9566 -0.2898
vn 0.1044 -0.2890 -0.9516
vn 0.0516 0.8810 -0.4704
vn 0.0962 -0.4696 -0.8776
vn 0.0693 0.7715 -0.6324
vn 0.0844 -0.6326 -0.7699
vn 0.0844 0.6326 -0.7699
vn 0.2880 -0.2890 -0.9130
vn 0.1424 0.8810 -0.4513
vn 0.2656 -0.4696 -0.8420
vn 0.1914 0.7715 -0.6067
vn 0.2330 -0.6326 -0.7386
vn 0.2330 0.6326 -0.7386
vn 0.1914 -0.7715 -0.6067
vn 0.2656 0.4696 -0.8420
vn 0.1424 -0.8810 -0.4512
vn 0.2881 0.2890 -0.9130
vn 0.0877 -0.9566 -0.2781
vn 0.2995 0.0976 -0.9491
vn 0.0296 0.9951 -0.0939
vn 0.0296 -0.9951 -0.0939
vn 0.2995 -0.0976 -0.9491
vn 0.0877 0.9566 -0.2781
vn 0.2277 -0.8810 -0.4148
vn 0.4606 0.2890 -0.8392
vn 0.1403 -0.9565 -0.2556
vn 0.4789 0.0976 -0.8725
vn 0.0474 0.9951 -0.0863
vn 0.0474 -0.9951 -0.0863
vn 0.4788 -0.0975 -0.8725
vn 0.1403 0.9565 -0.2556
vn 0.4606 -0.2890 -0.8393
vn 0.2276 0.8810 -0.4148
vn 0.4247 -0.4696 -0.7740
vn 0.3061 0.7715 -0.5577
vn 0.3727 -0.6326 -0.6790
vn 0.3727 0.6325 -0.6790
vn 0.3061 -0.7715 -0.5577
vn 0.4248 0.4696 -0.7740
vn 0.3042 0.8810 -0.3624
vn 0.5676 -0.4696 -0.6762
vn 0.4090 0.7715 -0.4873
vn 0.4979 -0.6326 -0.5932
vn 0.4980 0.6326 -0.5932
vn 0.4090 -0.7715 -0.4873
vn 0.5676 0.4696 -0.6762
vn 0.3042 -0.8810 -0.3624
vn 0.6155 0.2890 -0.7333
vn 0.1874 -0.9566 -0.2233
vn 0.6399 0.0975 -0.7623
vn 0.0633 0.9951 -0.0755
vn 0.0633 -0.9951 -0.0754
vn 0.6399 -0.0975 -0.7623
vn 0.1875 0.9565 -0.2233
vn 0.6155 -0.2890 -0.7332
vn 0.7467 0.2890 -0.5991
vn 0.2275 -0.9565 -0.1825
vn 0.7763 0.0975 -0.6228
vn 0.0768 0.9951 -0.0616
vn 0.0768 -0.9951 -0.0617
vn 0.7763 -0.0976 -0.6228
vn 0.2274 0.9566 -0.1824
vn 0.7467 -0.2890 -0.5991
vn 0.3690 0.8810 -0.2961
vn 0.6886 -0.4696 -0.5525
vn 0.4962 0.7715 -0.3981
vn 0.6041 -0.6326 -0.4847
vn 0.6041 0.6326 -0.4847
vn 0.4962 -0.7715 -0.3981
vn 0.6887 0.4696 -0.5525
vn 0.3691 -0.8810 -0.2961
vn 0.7832 -0.4696 -0.4075
vn 0.5644 0.7715 -0.2937
vn 0.6871 -0.6326 -0.3575
vn 0.6871 0.6326 -0.3575
vn 0.5644 -0.7715 -0.2937
vn 0.7832 0.4696 -0.4075
vn 0.4197 -0.8810 -0.2184
vn 0.8492 0.2890 -0.4419
vn 0.2587 -0.9565 -0.1346
vn 0.8828 0.0976 -0.4594
vn 0.0874 0.9951 -0.0454
vn 0.0874 -0.9951 -0.0455
vn 0.8829 -0.0975 -0.4594
vn 0.2586 0.9566 -0.1346
vn 0.8492 -0.2890 -0.4419
vn 0.4197 0.8810 -0.2184
vn 0.2799 -0.9566 -0.0815
vn 0.9555 0.0976 -0.2783
vn 0.0946 0.9951 -0.0276
vn 0.0946 -0.9951 -0.0276
vn 0.9555 -0.0975 -0.2783
vn 0.2800 0.9565 -0.0816
vn 0.9191 -0.2890 -0.2677
vn 0.4543 0.8810 -0.1323
vn 0.8476 -0.4696 -0.2469
vn 0.6108 0.7715 -0.1779
vn 0.7436 -0.6326 -0.2166
vn 0.7436 0.6326 -0.2166
vn 0.6109 -0.7715 -0.1779
vn 0.8476 0.4696 -0.2469
vn 0.4543 -0.8810 -0.1323
vn 0.9191 0.2890 -0.2677
vn 0.6338 0.7715 -0.0553
vn 0.7716 -0.6326 -0.0674
vn 0.7716 0.6326 -0.0674
vn 0.6338 -0.7715 -0.0553
vn 0.8795 0.4696 -0.0768
vn 0.4714 -0.8810 -0.0412
vn 0.9537 0.2890 -0.0833
vn 0.2904 -0.9566 -0.0254
vn 0.9915 0.0976 -0.0866
vn 0.0981 0.9951 -0.0085
vn 0.0981 -0.9951 -0.0085
vn 0.9915 -0.0975 -0.0866
vn 0.2905 0.9565 -0.0254
vn 0.9537 -0.2890 -0.0833
vn 0.4714 0.8810 -0.0412
vn 0.8795 -0.4697 -0.0768
vn 0.9893 0.0975 0.1085
vn 0.0979 0.9951 0.0107
vn 0.0979 -0.9951 0.0107
vn 0.9893 -0.0975 0.1085
vn 0.2898 0.9565 0.0318
vn 0.9516 -0.2890 0.1044
vn 0.4703 0.8810 0.0516
vn 0.8776 -0.4696 0.0963
vn 0.6324 0.7715 0.0694
vn 0.7699 -0.6326 0.0845
vn 0.7699 0.6326 0.0844
vn 0.6324 -0.7715 0.0694
vn 0.8776 0.4696 0.0963
vn 0.4704 -0.8810 0.0516
vn 0.9516 0.2890 0.1044
vn 0.2898 -0.9565 0.0318
vn 0.7386 -0.6326 0.2330
vn 0.7386 0.6326 0.2330
vn 0.6068 -0.7715 0.1914
vn 0.8420 0.4696 0.2656
vn 0.4512 -0.8810 0.1424
vn 0.9130 0.2890 0.2880
vn 0.2780 -0.9566 0.0877
vn 0.9491 0.0975 0.2994
vn 0.0939 0.9951 0.0297
vn 0.0939 -0.9951 0.0296
vn 0.9491 -0.0976 0.2994
vn 0.2781 0.9565 0.0878
vn 0.9130 -0.2890 0.2880
vn 0.4513 0.8810 0.1424
vn 0.8420 -0.4696 0.2656
vn 0.6067 0.7715 0.1914
vn 0.0863 -0.9951 0.0474
vn 0.8725 -0.0975 0.4788
vn 0.2556 0.9565 0.1403
vn 0.8392 -0.2890 0.4606
vn 0.4148 0.8810 0.2277
vn 0.7740 -0.4696 0.4248
vn 0.5577 0.7715 0.3061
vn 0.6790 -0.6325 0.3726
vn 0.6789 0.6326 0.3727
vn 0.5578 -0.7715 0.3061
vn 0.7740 0.4696 0.4248
vn 0.4148 -0.8810 0.2276
vn 0.8392 0.2890 0.4606
vn 0.2556 -0.9566 0.1403
vn 0.8725 0.0976 0.4789
vn 0.0863 0.9951 0.0474
vn 0.4873 -0.7715 0.4090
vn 0.6762 0.4696 0.5676
vn 0.3624 -0.8810 0.3042
vn 0.7333 0.2890 0.6155
vn 0.2234 -0.9565 0.1874
vn 0.7623 0.0975 0.6399
vn 0.0754 0.9951 0.0633
vn 0.0754 -0.9951 0.0634
vn 0.7623 -0.0975 0.6399
vn 0.2233 0.9566 0.1874
vn 0.7332 -0.2890 0.6155
vn 0.3624 0.8810 0.3042
vn 0.6762 -0.4696 0.5676
vn 0.4873 0.7715 0.4090
vn 0.5932 -0.6326 0.4979
vn 0.5932 0.6326 0.4979
vn 0.1825 0.9565 0.2274
vn 0.5991 -0.2890 0.7467
vn 0.2961 0.8810 0.3691
vn 0.5525 -0.4696 0.6886
vn 0.3981 0.7715 0.4963
vn 0.4846 -0.6326 0.6041
vn 0.4847 0.6326 0.6041
vn 0.3981 -0.7715 0.4962
vn 0.5525 0.4696 0.6886
vn 0.2961 -0.8810 0.3691
vn 0.5991 0.2890 0.7467
vn 0.1824 -0.9566 0.2274
vn 0.6228 0.0975 0.7763
vn 0.0616 0.9951 0.0768
vn 0.0616 -0.9951 0.0768
vn 0.6228 -0.0975 0.7763
vn 0.4075 0.4696 0.7832
vn 0.2185 -0.8810 0.4197
vn 0.4419 0.2890 0.8492
vn 0.1346 -0.9565 0.2587
vn 0.4594 0.0975 0.8829
vn 0.0455 0.9951 0.0873
vn 0.0455 -0.9951 0.0873
vn 0.4594 -0.0975 0.8829
vn 0.1346 0.9565 0.2587
vn 0.4419 -0.2890 0.8492
vn 0.2184 0.8810 0.4198
vn 0.4075 -0.4696 0.7832
vn 0.2937 0.7715 0.5644
vn 0.3575 -0.6326 0.6871
vn 0.3576 0.6325 0.6871
vn 0.2937 -0.7715 0.5644
vn 0.2677 -0.2890 0.9191
vn 0.1323 0.8810 0.4543
vn 0.2469 -0.4696 0.8476
vn 0.1779 0.7715 0.6108
vn 0.2166 -0.6326 0.7436
vn 0.2166 0.6326 0.7436
vn 0.1779 -0.7715 0.6108
vn 0.2469 0.4696 0.8476
vn 0.1323 -0.8810 0.4543
vn 0.2677 0.2890 0.9191
vn 0.0816 -0.9565 0.2799
vn 0.2783 0.0975 0.9555
vn 0.0275 0.9951 0.0946
vn 0.0275 -0.9951 0.0946
vn 0.2783 -0.0976 0.9555
vn 0.0815 0.9566 0.2799
vn 0.0412 -0.8810 0.4714
vn 0.0833 0.2890 0.9537
vn 0.0254 -0.9566 0.2905
vn 0.0866 0.0975 0.9915
vn 0.0086 0.9951 0.0981
vn 0.0086 -0.9951 0.0981
vn 0.0866 -0.0975 0.9915
vn 0.0254 0.9565 0.2905
vn 0.0833 -0.2890 0.9537
vn 0.0411 0.8810 0.4714
vn 0.0768 -0.4696 0.8795
vn 0.0553 0.7715 0.6338
vn 0.0674 -0.6326 0.7716
vn 0.0673 0.6326 0.7716
vn 0.0553 -0.7715 0.6338
vn 0.0768 0.4696 0.8795
vn -0.0516 0.8810 0.4704
vn -0.0962 -0.4696 0.8776
vn -0.0694 0.7715 0.6324
vn -0.0845 -0.6326 0.7699
vn -0.0844 0.6326 0.7699
vn -0.0694 -0.7715 0.6324
vn -0.0963 0.4696 0.8776
vn -0.0516 -0.8810 0.4703
vn -0.1044 0.2890 0.9516
vn -0.0319 -0.9566 0.2898
vn -0.1086 0.0975 0.9893
vn -0.0107 0.9951 0.0979
vn -0.0107 -0.9951 0.0979
vn -0.1085 -0.0975 0.9893
vn -0.0318 0.9566 0.2898
vn -0.1044 -0.2890 0.9516
vn -0.2881 0.2890 0.9130
vn -0.0878 -0.9566 0.2780
vn -0.2995 0.0976 0.9491
vn -0.0296 0.9951 0.0939
vn -0.0296 -0.9951 0.0939
vn -0.2994 -0.0975 0.9491
vn -0.0877 0.9566 0.2781
vn -0.2880 -0.2890 0.9130
vn -0.1424 0.8810 0.4513
vn -0.2656 -0.4696 0.8420
vn -0.1914 0.7715 0.6067
vn -0.2330 -0.6326 0.7386
vn -0.2330 0.6326 0.7386
vn -0.1914 -0.7715 0.6067
vn -0.2656 0.4696 0.8420
vn -0.1423 -0.8810 0.4512
vn -0.4248 -0.4696 0.7740
vn -0.3061 0.7715 0.5577
vn -0.3726 -0.6326 0.6790
vn -0.3727 0.6325 0.6790
vn -0.3061 -0.7715 0.5577
vn -0.4247 0.4696 0.7740
vn -0.2277 -0.8810 0.4148
vn -0.4606 0.2890 0.8393
vn -0.1403 -0.9565 0.2556
vn -0.4789 0.0975 0.8725
vn -0.0474 0.9951 0.0863
vn -0.0474 -0.9951 0.0863
vn -0.4788 -0.0976 0.8725
vn -0.1402 0.9566 0.2556
vn -0.4606 -0.2890 0.8392
vn -0.2276 0.8810 0.4148
vn -0.1874 -0.9566 0.2233
vn -0.6398 0.0975 0.7623
vn -0.0633 0.9951 0.0755
vn -0.0633 -0.9951 0.0754
vn -0.6399 -0.0975 0.7623
vn -0.1875 0.9565 0.2233
vn -0.6155 -0.2890 0.7332
vn -0.3042 0.8810 0.3624
vn -0.5676 -0.4696 0.6762
vn -0.4090 0.7715 0.4873
vn -0.4979 -0.6326 0.5933
vn -0.4979 0.6326 0.5932
vn -0.4090 -0.7715 0.4873
vn -0.5676 0.4696 0.6762
vn -0.3042 -0.8810 0.3624
vn -0.6155 0.2890 0.7332
vn -0.6041 -0.6326 0.4847
vn -0.6041 0.6326 0.4847
vn -0.4962 -0.7715 0.3981
vn -0.6886 0.4696 0.5525
vn -0.3691 -0.8810 0.2961
vn -0.7467 0.2890 0.5990
vn -0.2274 -0.9565 0.1825
vn -0.7763 0.0975 0.6228
vn -0.0768 0.9951 0.0616
vn -0.0768 -0.9951 0.0617
vn -0.7763 -0.0975 0.6228
vn -0.2274 0.9566 0.1824
vn -0.7467 -0.2890 0.5991
vn -0.3690 0.8810 0.2961
vn -0.6886 -0.4696 0.5525
vn -0.4962 0.7715 0.3981
vn -0.0874 0.9951 0.0454
vn -0.0874 -0.9951 0.0455
vn -0.8829 -0.0975 0.4594
vn -0.2587 0.9565 0.1346
vn -0.8492 -0.2890 0.4419
vn -0.4197 0.8810 0.2184
vn -0.7832 -0.4696 0.4075
vn -0.5644 0.7715 0.2937
vn -0.6871 -0.6325 0.3575
vn -0.6871 0.6326 0.3575
vn -0.5644 -0.7715 0.2937
vn -0.7832 0.4696 0.4075
vn -0.4198 -0.8810 0.2184
vn -0.8492 0.2890 0.4419
vn -0.2586 -0.9566 0.1346
vn -0.8828 0.0976 0.4594
vn -0.7436 0.6325 0.2166
vn -0.6108 -0.7715 0.1779
vn -0.8476 0.4696 0.2469
vn -0.4543 -0.8810 0.1323
vn -0.9191 0.2890 0.2677
vn -0.2799 -0.9565 0.0816
vn -0.9555 0.0976 0.2783
vn -0.0946 0.9951 0.0276
vn -0.0946 -0.9951 0.0276
vn -0.9555 -0.0976 0.2783
vn -0.2799 0.9565 0.0816
vn -0.9191 -0.2890 0.2677
vn -0.4543 0.8810 0.1323
vn -0.8476 -0.4696 0.2469
vn -0.6108 0.7715 0.1779
vn -0.7436 -0.6326 0.2166
vn -0.9915 -0.0976 0.0866
vn -0.2905 0.9565 0.0253
vn -0.9537 -0.2890 0.0833
vn -0.4714 0.8810 0.0412
vn -0.8795 -0.4696 0.0768
vn -0.6338 0.7715 0.0553
vn -0.7716 -0.6326 0.0674
vn -0.7716 0.6326 0.0674
vn -0.6338 -0.7715 0.0554
vn -0.8795 0.4696 0.0768
vn -0.4714 -0.8810 0.0412
vn -0.9537 0.2890 0.0833
vn -0.2904 -0.9566 0.0253
vn -0.9915 0.0975 0.0866
vn -0.0981 0.9951 0.0085
vn -0.0981 -0.9951 0.0085
vn -0.0000 1.0000 -0.0000
vn 0.9999 -0.0000 0.0111
vn -0.0111 -0.0000 0.9999
vn -0.0000 -1.0000 -0.0000
vn 0.0111 -0.0000 -0.9999
vn -0.9999 -0.0000 -0.0111
vn -0.0979 0.9951 -0.0107
vn -0.9893 -0.0975 -0.1085
vn -0.2898 0.9565 -0.0318
vn -0.4704 0.8810 -0.0516
vn -0.7699 -0.6326 -0.0845
vn -0.7699 0.6326 -0.0845
vn -0.4703 -0.8810 -0.0516
vn -0.2899 -0.9565 -0.0318
vn -0.2781 -0.9565 -0.0877
vn -0.9491 0.0975 -0.2994
vn -0.9491 -0.0975 -0.2994
vn -0.2781 0.9566 -0.0877
vn -0.4512 0.8810 -0.1424
vn -0.6067 0.7715 -0.1914
vn -0.6068 -0.7715 -0.1914
vn -0.5578 0.7715 -0.3061
vn -0.6790 -0.6326 -0.3727
vn -0.5577 -0.7715 -0.3061
vn -0.7740 0.4696 -0.4248
vn -0.8725 0.0975 -0.4788
vn -0.8725 -0.0975 -0.4789
vn -0.7740 -0.4696 -0.4248
vn -0.7623 0.0975 -0.6399
vn -0.0754 -0.9951 -0.0633
vn -0.2233 0.9565 -0.1875
vn -0.7332 -0.2890 -0.6155
vn -0.7333 0.2890 -0.6155
vn -0.4847 -0.6326 -0.6041
vn -0.1825 -0.9565 -0.2274
vn -0.0455 -0.9951 -0.0874
vn -0.1346 0.9566 -0.2586
vn -0.4419 -0.2890 -0.8492
vn -0.3575 0.6326 -0.6871
vn -0.4075 0.4696 -0.7832
vn -0.1346 -0.9565 -0.2586
vn -0.4594 0.0976 -0.8829
vn -0.1779 -0.7715 -0.6108
vn -0.0816 -0.9565 -0.2799
vn -0.2783 0.0976 -0.9555
vn -0.2783 -0.0975 -0.9555
vn -0.0815 0.9565 -0.2799
vn -0.1323 0.8810 -0.4543
vn -0.0866 -0.0975 -0.9915
vn -0.0253 0.9566 -0.2905
vn -0.0412 0.8810 -0.4714
vn -0.0554 0.7715 -0.6338
vn -0.0674 -0.6326 -0.7716
vn -0.0674 0.6326 -0.7716
vn -0.0253 -0.9565 -0.2905
vn -0.0866 0.0976 -0.9915
vn 0.0516 -0.8810 -0.4704
vn 0.0318 -0.9565 -0.2898
vn 0.1085 0.0976 -0.9893
vn 0.1085 -0.0976 -0.9893
vn 0.0318 0.9565 -0.2898
vn 0.0516 0.8810 -0.4703
vn 0.0963 -0.4696 -0.8776
vn 0.0694 0.7715 -0.6324
vn 0.0845 0.6326 -0.7699
vn 0.1424 0.8810 -0.4512
vn 0.2657 -0.4696 -0.8420
vn 0.2880 0.2890 -0.9130
vn 0.0877 -0.9565 -0.2781
vn 0.2994 0.0975 -0.9491
vn 0.2994 -0.0975 -0.9491
vn 0.4788 0.0975 -0.8725
vn 0.4789 -0.0975 -0.8725
vn 0.4606 -0.2890 -0.8392
vn 0.2277 0.8810 -0.4148
vn 0.4248 -0.4696 -0.7740
vn 0.3726 -0.6326 -0.6790
vn 0.3727 0.6326 -0.6790
vn 0.4980 -0.6326 -0.5932
vn 0.4979 0.6326 -0.5932
vn 0.1875 -0.9565 -0.2233
vn 0.0633 0.9951 -0.0754
vn 0.6398 -0.0976 -0.7623
vn 0.2274 -0.9565 -0.1825
vn 0.0768 -0.9951 -0.0616
vn 0.7763 -0.0975 -0.6228
vn 0.2274 0.9565 -0.1825
vn 0.3691 0.8810 -0.2961
vn 0.4963 0.7715 -0.3981
vn 0.6886 0.4696 -0.5525
vn 0.3690 -0.8810 -0.2961
vn 0.2586 -0.9566 -0.1346
vn 0.8829 0.0976 -0.4594
vn 0.0874 0.9951 -0.0455
vn 0.2586 0.9565 -0.1346
vn 0.4198 0.8810 -0.2184
vn 0.2800 -0.9565 -0.0815
vn 0.9555 0.0975 -0.2783
vn 0.0946 0.9951 -0.0275
vn 0.0946 -0.9951 -0.0275
vn 0.2799 0.9566 -0.0815
vn 0.6108 -0.7715 -0.1779
vn 0.4714 -0.8810 -0.0411
vn 0.2905 -0.9565 -0.0254
vn 0.9915 0.0975 -0.0866
vn 0.8795 -0.4696 -0.0768
vn 0.9893 -0.0976 0.1085
vn 0.7699 0.6326 0.0845
vn 0.2898 -0.9566 0.0318
vn 0.6067 -0.7715 0.1914
vn 0.4513 -0.8810 0.1424
vn 0.2781 -0.9566 0.0877
vn 0.0939 0.9951 0.0296
vn 0.9491 -0.0975 0.2994
vn 0.2781 0.9565 0.0877
vn 0.4512 0.8810 0.1424
vn 0.2556 0.9566 0.1403
vn 0.6790 -0.6326 0.3727
vn 0.6790 0.6326 0.3726
vn 0.5577 -0.7715 0.3061
vn 0.4148 -0.8810 0.2277
vn 0.2556 -0.9565 0.1403
vn 0.8725 0.0975 0.4788
vn 0.2233 -0.9566 0.1875
vn 0.0754 -0.9951 0.0633
vn 0.2233 0.9565 0.1875
vn 0.7333 -0.2890 0.6155
vn 0.3981 0.7715 0.4962
vn 0.4847 -0.6326 0.6041
vn 0.1825 -0.9566 0.2274
vn 0.2184 -0.8810 0.4197
vn 0.0455 -0.9951 0.0874
vn 0.1346 0.9566 0.2586
vn 0.2184 0.8810 0.4197
vn 0.3575 0.6326 0.6871
vn 0.0815 -0.9565 0.2799
vn 0.2783 -0.0975 0.9555
vn 0.0815 0.9565 0.2799
vn 0.0253 -0.9565 0.2905
vn 0.0254 0.9566 0.2905
vn 0.0412 0.8810 0.4714
vn 0.0674 0.6326 0.7716
vn -0.0516 0.8810 0.4703
vn -0.0963 -0.4696 0.8776
vn -0.0845 0.6326 0.7699
vn -0.0318 -0.9565 0.2898
vn -0.1085 0.0975 0.9893
vn -0.2880 0.2890 0.9130
vn -0.0877 -0.9565 0.2781
vn -0.2994 0.0976 0.9491
vn -0.0877 0.9565 0.2781
vn -0.1424 0.8810 0.4512
vn -0.1424 -0.8810 0.4512
vn -0.3727 -0.6326 0.6790
vn -0.3727 0.6326 0.6790
vn -0.4248 0.4696 0.7740
vn -0.4606 0.2890 0.8392
vn -0.4788 0.0975 0.8725
vn -0.4788 -0.0975 0.8725
vn -0.1403 0.9565 0.2556
vn -0.2277 0.8810 0.4148
vn -0.1875 -0.9565 0.2233
vn -0.6399 0.0975 0.7623
vn -0.6398 -0.0975 0.7623
vn -0.1875 0.9566 0.2233
vn -0.4980 -0.6326 0.5932
vn -0.4980 0.6326 0.5932
vn -0.4091 -0.7715 0.4873
vn -0.7467 0.2890 0.5991
vn -0.2274 -0.9565 0.1824
vn -0.0768 -0.9951 0.0616
vn -0.2274 0.9565 0.1825
vn -0.3691 0.8810 0.2961
vn -0.2586 0.9566 0.1346
vn -0.6871 -0.6326 0.3575
vn -0.4197 -0.8810 0.2184
vn -0.2587 -0.9565 0.1346
vn -0.8829 0.0975 0.4594
vn -0.7436 0.6326 0.2166
vn -0.2799 -0.9566 0.0815
vn -0.9555 0.0975 0.2783
vn -0.0946 -0.9951 0.0275
vn -0.9555 -0.0975 0.2783
vn -0.2799 0.9565 0.0815
vn -0.9915 -0.0975 0.0866
vn -0.2905 0.9565 0.0254
vn -0.6338 -0.7715 0.0553
vn -0.2904 -0.9566 0.0254
vn -0.0981 -0.9951 0.0086
vn -0.7699 -0.6325 -0.0844
vn -0.2781 -0.9566 -0.0877
vn -0.6790 0.6326 -0.3726
vn -0.2556 0.9565 -0.1403
vn -0.2233 -0.9566 -0.1874
vn -0.6228 -0.0976 -0.7763
vn -0.3981 0.7715 -0.4963
vn -0.1346 -0.9566 -0.2586
vn -0.0815 -0.9565 -0.2799
vn -0.0275 0.9951 -0.0945
vn -0.0866 -0.0976 -0.9915
vn -0.0412 -0.8810 -0.4714
vn -0.0254 -0.9565 -0.2905
vn 0.2994 0.0976 -0.9491
vn 0.2994 -0.0976 -0.9491
vn 0.1403 -0.9566 -0.2556
vn 0.4789 0.0975 -0.8725
vn 0.4788 -0.0976 -0.8725
vn 0.1403 0.9566 -0.2556
vn 0.3726 0.6326 -0.6790
vn 0.6155 0.2890 -0.7332
vn 0.6398 0.0975 -0.7623
vn 0.6398 -0.0975 -0.7623
vn 0.8829 0.0975 -0.4594
vn 0.9555 -0.0976 -0.2783
vn 0.2799 0.9565 -0.0815
vn 0.7716 -0.6325 -0.0674
vn 0.9893 0.0976 0.1085
vn 0.2781 -0.9565 0.0877
vn 0.6790 -0.6326 0.3726
vn 0.7332 0.2890 0.6155
vn 0.2233 -0.9566 0.1874
vn 0.5932 -0.6326 0.4980
vn 0.1825 -0.9565 0.2274
vn 0.0275 0.9951 0.0945
vn 0.0254 -0.9565 0.2905
vn 0.0554 0.7715 0.6338
vn -0.0318 0.9565 0.2898
vn -0.2994 0.0975 0.9491
vn -0.3726 0.6326 0.6790
vn -0.1403 -0.9566 0.2556
vn -0.6155 -0.2890 0.7333
vn -0.2274 -0.9566 0.1824
vn -0.0874 0.9951 0.0455
vn -0.2800 -0.9565 0.0815
vn -0.0946 0.9951 0.0275
vn -0.2898 0.9566 -0.0318
vn -0.9893 0.0975 -0.1085
vn -0.9491 0.0976 -0.2994
vn -0.0939 -0.9951 -0.0297
vn -0.7386 -0.6325 -0.2330
vn -0.6789 -0.6326 -0.3727
vn -0.6790 0.6325 -0.3726
vn -0.8393 0.2890 -0.4606
vn -0.8725 0.0976 -0.4788
vn -0.0864 0.9951 -0.0474
vn -0.0864 -0.9951 -0.0474
vn -0.2556 0.9566 -0.1402
vn -0.8393 -0.2890 -0.4606
vn -0.7623 0.0976 -0.6399
vn -0.3625 0.8810 -0.3042
vn -0.4847 -0.6325 -0.6041
vn -0.3981 -0.7715 -0.4963
vn -0.1824 0.9566 -0.2274
vn -0.5990 -0.2890 -0.7467
vn -0.0454 0.9951 -0.0874
vn -0.0454 -0.9951 -0.0873
vn -0.1345 -0.9566 -0.2587
vn -0.4594 0.0975 -0.8829
vn -0.2470 0.4696 -0.8476
vn -0.2784 0.0975 -0.9555
vn -0.0276 0.9951 -0.0946
vn -0.0276 -0.9951 -0.0946
vn -0.0253 0.9565 -0.2905
vn -0.0767 0.4696 -0.8795
vn 0.0317 -0.9566 -0.2898
vn 0.1086 0.0976 -0.9893
vn 0.1085 -0.0975 -0.9893
vn 0.1043 -0.2890 -0.9516
vn 0.1423 0.8810 -0.4512
vn 0.1914 0.7715 -0.6068
vn 0.2657 0.4696 -0.8419
vn 0.1423 -0.8810 -0.4512
vn 0.2995 0.0975 -0.9491
vn 0.0297 0.9951 -0.0939
vn 0.0297 -0.9951 -0.0939
vn 0.2276 -0.8810 -0.4148
vn 0.1402 -0.9566 -0.2556
vn 0.0474 0.9951 -0.0864
vn 0.3062 -0.7715 -0.5577
vn 0.4248 0.4696 -0.7739
vn 0.4091 0.7715 -0.4873
vn 0.4980 -0.6325 -0.5932
vn 0.6154 -0.2890 -0.7333
vn 0.2274 -0.9566 -0.1824
vn 0.6870 -0.6326 -0.3575
vn 0.6871 0.6325 -0.3575
vn 0.4198 -0.8810 -0.2184
vn 0.8828 -0.0976 -0.4594
vn 0.2587 0.9566 -0.1346
vn 0.8493 -0.2890 -0.4419
vn 0.0945 0.9951 -0.0275
vn 0.0945 -0.9951 -0.0275
vn 0.2800 0.9565 -0.0815
vn 0.7436 -0.6325 -0.2166
vn 0.8477 0.4696 -0.2469
vn 0.7715 -0.6326 -0.0674
vn 0.6338 -0.7715 -0.0554
vn 0.4713 -0.8810 -0.0411
vn 0.0981 -0.9951 -0.0086
vn 0.2904 0.9566 -0.0254
vn 0.2898 0.9566 0.0318
vn 0.7699 -0.6326 0.0844
vn 0.4703 -0.8810 0.0516
vn 0.2899 -0.9565 0.0318
vn 0.4513 -0.8809 0.1424
vn 0.0864 -0.9951 0.0474
vn 0.4147 0.8810 0.2277
vn 0.7739 -0.4696 0.4248
vn 0.0864 0.9951 0.0474
vn 0.4874 -0.7715 0.4090
vn 0.7623 0.0976 0.6399
vn 0.7623 -0.0975 0.6398
vn 0.4873 0.7715 0.4091
vn 0.5932 0.6326 0.4980
vn 0.3981 -0.7715 0.4963
vn 0.1346 -0.9566 0.2586
vn 0.4594 0.0976 0.8829
vn 0.0454 0.9951 0.0874
vn 0.0454 -0.9951 0.0874
vn 0.2936 0.7715 0.5644
vn 0.1780 -0.7715 0.6108
vn 0.1324 -0.8810 0.4543
vn 0.0815 -0.9566 0.2799
vn 0.2783 0.0976 0.9555
vn 0.0816 0.9565 0.2799
vn 0.0832 0.2890 0.9537
vn 0.0866 0.0976 0.9915
vn 0.0866 -0.0976 0.9915
vn 0.0253 0.9565 0.2905
vn 0.0554 -0.7715 0.6338
vn -0.0693 0.7715 0.6324
vn -0.1085 0.0976 0.9893
vn -0.0108 0.9951 0.0979
vn -0.0108 -0.9951 0.0979
vn -0.1085 -0.0976 0.9893
vn -0.0877 -0.9566 0.2781
vn -0.2995 -0.0976 0.9491
vn -0.0878 0.9565 0.2781
vn -0.1423 0.8810 0.4513
vn -0.3061 -0.7715 0.5578
vn -0.2276 -0.8810 0.4148
vn -0.4789 0.0976 0.8725
vn -0.0474 0.9951 0.0864
vn -0.0633 0.9951 0.0754
vn -0.4979 -0.6326 0.5932
vn -0.4963 -0.7715 0.3981
vn -0.6887 0.4696 0.5525
vn -0.2275 -0.9565 0.1824
vn -0.4962 0.7715 0.3982
vn -0.8828 -0.0976 0.4594
vn -0.4544 -0.8809 0.1323
vn -0.2799 -0.9566 0.0816
vn -0.0945 0.9951 0.0275
vn -0.0945 -0.9951 0.0275
vn -0.2800 0.9565 0.0816
vn -0.2904 0.9566 0.0254
vn -0.4713 -0.8810 0.0412
vn -0.2905 -0.9565 0.0254
vn -0.9915 0.0976 0.0866
vn -0.2897 0.9566 -0.0317
vn -0.2898 -0.9566 -0.0318
vn -0.2780 0.9566 -0.0878
vn -0.8419 -0.4696 -0.2656
vn -0.4513 -0.8810 -0.1423
vn -0.2556 -0.9565 -0.1403
vn -0.8725 -0.0976 -0.4789
vn -0.2556 0.9565 -0.1402
vn -0.7623 -0.0975 -0.6398
vn -0.4846 0.6326 -0.6041
vn -0.4594 -0.0976 -0.8829
vn -0.3576 -0.6325 -0.6871
vn -0.4419 0.2890 -0.8493
vn -0.1779 -0.7715 -0.6109
vn -0.1324 -0.8810 -0.4543
vn -0.2784 -0.0976 -0.9555
vn -0.1780 0.7715 -0.6108
vn -0.0254 0.9565 -0.2905
vn -0.0866 0.0975 -0.9915
vn 0.0693 -0.7715 -0.6324
vn 0.0962 0.4696 -0.8776
vn 0.1086 0.0975 -0.9893
vn 0.0319 0.9565 -0.2898
vn 0.4606 0.2890 -0.8393
vn 0.4789 -0.0976 -0.8725
vn 0.4248 -0.4696 -0.7739
vn 0.3727 -0.6325 -0.6790
vn 0.1874 0.9566 -0.2233
vn 0.6155 -0.2890 -0.7333
vn 0.7763 0.0976 -0.6228
vn 0.6887 -0.4696 -0.5525
vn 0.6870 0.6326 -0.3575
vn 0.8829 -0.0976 -0.4594
vn 0.2587 0.9565 -0.1345
vn 0.2799 0.9566 -0.0816
vn 0.6109 0.7715 -0.1779
vn 0.8795 0.4697 -0.0768
vn 0.9915 -0.0976 -0.0866
vn 0.2904 0.9566 -0.0253
vn 0.4714 0.8810 -0.0411
vn 0.2898 0.9566 0.0317
vn 0.4704 0.8810 0.0516
vn 0.4513 -0.8810 0.1423
vn 0.9491 0.0976 0.2994
vn 0.2780 0.9566 0.0878
vn 0.4512 0.8810 0.1423
vn 0.6068 0.7715 0.1914
vn 0.8725 -0.0976 0.4789
vn 0.2556 0.9566 0.1402
vn 0.4148 0.8810 0.2276
vn 0.5578 0.7715 0.3061
vn 0.6789 -0.6326 0.3727
vn 0.6790 0.6325 0.3726
vn 0.2233 -0.9565 0.1875
vn 0.1824 0.9566 0.2274
vn 0.4846 0.6326 0.6041
vn 0.2184 -0.8810 0.4198
vn 0.1346 -0.9566 0.2587
vn 0.4594 -0.0976 0.8829
vn 0.4419 -0.2890 0.8493
vn 0.2185 0.8810 0.4197
vn 0.3576 -0.6325 0.6871
vn 0.0816 0.9566 0.2799
vn 0.0411 -0.8810 0.4714
vn 0.0673 -0.6326 0.7716
vn -0.0844 -0.6326 0.7699
vn -0.0962 0.4696 0.8776
vn -0.0516 -0.8810 0.4704
vn -0.0319 0.9565 0.2898
vn -0.2881 -0.2890 0.9130
vn -0.3727 -0.6325 0.6790
vn -0.1402 -0.9566 0.2556
vn -0.4788 0.0976 0.8725
vn -0.4789 -0.0975 0.8725
vn -0.4606 -0.2890 0.8393
vn -0.1874 0.9566 0.2233
vn -0.6155 0.2890 0.7333
vn -0.3690 -0.8810 0.2961
vn -0.7467 -0.2890 0.5990
vn -0.8829 -0.0976 0.4594
vn -0.2586 0.9566 0.1345
vn -0.6870 -0.6326 0.3575
vn -0.6870 0.6326 0.3575
vn -0.7436 -0.6325 0.2166
vn -0.6338 0.7715 0.0554
vn -0.4513 -0.8810 -0.1424
vn -0.1825 -0.9566 -0.2274
vn -0.1346 0.9565 -0.2586
vn -0.2184 0.8810 -0.4198
vn -0.2783 0.0975 -0.9555
vn -0.0554 -0.7715 -0.6338
vn -0.0253 -0.9566 -0.2905
vn 0.0845 -0.6326 -0.7699
vn 0.2657 0.4696 -0.8420
vn 0.0877 0.9565 -0.2781
vn 0.2274 -0.9566 -0.1825
vn 0.2274 0.9566 -0.1825
vn 0.4963 -0.7715 -0.3981
vn 0.2781 0.9566 0.0877
vn 0.6790 0.6326 0.3727
vn 0.1825 0.9566 0.2274
vn 0.1346 0.9565 0.2586
vn -0.0318 -0.9566 0.2898
vn -0.1403 0.9566 0.2556
vn -0.1875 -0.9566 0.2233
vn -0.4963 0.7715 0.3981
vn -0.2799 -0.9565 0.0815
vn -0.2799 0.9566 0.0815
vn -0.2904 0.9566 0.0253
vn -0.4714 0.8810 0.0411
vn -0.7699 0.6325 -0.0844
vn -0.5932 0.6326 -0.4980
vn -0.6228 0.0976 -0.7763
vn 0.4788 0.0976 -0.8725
vn 0.2587 0.9565 -0.1346
vn 0.2799 -0.9565 -0.0815
vn 0.2905 0.9565 -0.0253
vn 0.1346 -0.9565 0.2586
vn -0.1423 0.8810 0.4512
vn -0.2800 0.9565 0.0815
vn -0.2899 0.9565 -0.0317
vn -0.9130 -0.2890 -0.2881
vn -0.4512 0.8810 -0.1423
vn -0.7386 0.6325 -0.2330
vn -0.6790 -0.6325 -0.3726
vn -0.6789 0.6326 -0.3727
vn -0.8725 -0.0976 -0.4788
vn -0.7623 -0.0976 -0.6399
vn -0.2233 0.9566 -0.1875
vn -0.4873 0.7715 -0.4091
vn -0.3625 -0.8810 -0.3042
vn -0.5990 0.2890 -0.7467
vn -0.1824 -0.9565 -0.2274
vn -0.1345 0.9566 -0.2587
vn -0.0816 0.9565 -0.2799
vn -0.2470 -0.4696 -0.8476
vn -0.2166 -0.6325 -0.7436
vn -0.0767 -0.4696 -0.8795
vn -0.0865 0.0975 -0.9915
vn 0.1043 0.2890 -0.9516
vn 0.0317 0.9566 -0.2898
vn 0.2881 -0.2890 -0.9130
vn 0.2657 -0.4696 -0.8419
vn 0.2330 -0.6325 -0.7386
vn 0.1914 -0.7715 -0.6068
vn 0.0878 -0.9565 -0.2781
vn 0.2995 -0.0975 -0.9491
vn 0.0878 0.9565 -0.2781
vn 0.1402 0.9566 -0.2556
vn 0.3062 0.7715 -0.5577
vn 0.4091 -0.7715 -0.4873
vn 0.6154 0.2890 -0.7333
vn 0.1874 -0.9565 -0.2234
vn 0.6886 -0.4697 -0.5525
vn 0.4962 0.7715 -0.3982
vn 0.6871 -0.6325 -0.3575
vn 0.8493 0.2890 -0.4419
vn 0.4543 0.8809 -0.1323
vn 0.8477 -0.4696 -0.2469
vn 0.7436 0.6325 -0.2166
vn 0.6338 0.7715 -0.0554
vn 0.4713 0.8810 -0.0412
vn 0.2899 0.9565 0.0319
vn 0.7699 0.6325 0.0844
vn 0.4513 0.8809 0.1423
vn 0.7739 0.4696 0.4248
vn 0.4147 -0.8810 0.2277
vn 0.4873 -0.7715 0.4091
vn 0.7623 0.0975 0.6398
vn 0.7623 -0.0976 0.6399
vn 0.2234 0.9565 0.1875
vn 0.4874 0.7715 0.4090
vn 0.1824 0.9565 0.2275
vn 0.3982 0.7715 0.4962
vn 0.4847 -0.6325 0.6041
vn 0.1345 -0.9566 0.2587
vn 0.1345 0.9566 0.2586
vn 0.2936 -0.7715 0.5644
vn 0.1324 0.8810 0.4543
vn 0.1780 0.7715 0.6108
vn 0.2784 0.0976 0.9555
vn 0.0253 -0.9566 0.2905
vn 0.0832 -0.2890 0.9537
vn -0.0693 -0.7715 0.6324
vn -0.0878 -0.9565 0.2781
vn -0.2994 -0.0976 0.9491
vn -0.1423 -0.8810 0.4513
vn -0.1874 0.9566 0.2234
vn -0.6041 0.6325 0.4847
vn -0.7763 0.0976 0.6228
vn -0.2275 0.9565 0.1825
vn -0.4544 0.8809 0.1323
vn -0.8477 -0.4696 0.2469
vn -0.4713 0.8810 0.0411
vn -0.7716 0.6325 0.0674
vn -0.4714 -0.8810 0.0411
vt 0.750000 0.937500
vt 0.734375 1.000000
vt 0.718750 0.937500
vt 0.734375 0.000000
vt 0.750000 0.062500
vt 0.718750 0.062500
vt 0.750000 0.500000
vt 0.718750 0.437500
vt 0.750000 0.437500
vt 0.718750 0.875000
vt 0.750000 0.875000
vt 0.718750 0.375000
vt 0.750000 0.375000
vt 0.750000 0.812500
vt 0.718750 0.812500
vt 0.750000 0.312500
vt 0.718750 0.312500
vt 0.718750 0.750000
vt 0.750000 0.750000
vt 0.718750 0.250000
vt 0.750000 0.250000
vt 0.750000 0.687500
vt 0.718750 0.687500
vt 0.750000 0.187500
vt 0.718750 0.187500
vt 0.718750 0.625000
vt 0.750000 0.625000
vt 0.718750 0.125000
vt 0.750000 0.125000
vt 0.750000 0.562500
vt 0.718750 0.562500
vt 0.718750 0.500000
vt 0.687500 0.125000
vt 0.687500 0.062500
vt 0.687500 0.562500
vt 0.687500 0.500000
vt 0.703125 1.000000
vt 0.687500 0.937500
vt 0.703125 0.000000
vt 0.687500 0.437500
vt 0.687500 0.875000
vt 0.687500 0.375000
vt 0.687500 0.812500
vt 0.687500 0.312500
vt 0.687500 0.750000
vt 0.687500 0.250000
vt 0.687500 0.687500
vt 0.687500 0.187500
vt 0.687500 0.625000
vt 0.656250 0.750000
vt 0.656250 0.250000
vt 0.656250 0.687500
vt 0.656250 0.187500
vt 0.656250 0.625000
vt 0.656250 0.125000
vt 0.656250 0.562500
vt 0.656250 0.062500
vt 0.656250 0.500000
vt 0.671875 1.000000
vt 0.656250 0.937500
vt 0.671875 0.000000
vt 0.656250 0.437500
vt 0.656250 0.875000
vt 0.656250 0.375000
vt 0.656250 0.812500
vt 0.656250 0.312500
vt 0.625000 0.500000
vt 0.640625 1.000000
vt 0.625000 0.937500
vt 0.640625 0.000000
vt 0.625000 0.062500
vt 0.625000 0.437500
vt 0.625000 0.875000
vt 0.625000 0.375000
vt 0.625000 0.812500
vt 0.625000 0.312500
vt 0.625000 0.750000
vt 0.625000 0.250000
vt 0.625000 0.687500
vt 0.625000 0.187500
vt 0.625000 0.625000
vt 0.625000 0.125000
vt 0.625000 0.562500
vt 0.593750 0.312500
vt 0.593750 0.250000
vt 0.593750 0.687500
vt 0.593750 0.187500
vt 0.593750 0.625000
vt 0.593750 0.125000
vt 0.593750 0.562500
vt 0.593750 0.062500
vt 0.593750 0.500000
vt 0.609375 1.000000
vt 0.593750 0.937500
vt 0.609375 0.000000
vt 0.593750 0.437500
vt 0.593750 0.875000
vt 0.593750 0.375000
vt 0.593750 0.812500
vt 0.593750 0.750000
vt 0.578125 1.000000
vt 0.562500 0.937500
vt 0.578125 0.000000
vt 0.562500 0.062500
vt 0.562500 0.437500
vt 0.562500 0.875000
vt 0.562500 0.375000
vt 0.562500 0.812500
vt 0.562500 0.312500
vt 0.562500 0.750000
vt 0.562500 0.250000
vt 0.562500 0.687500
vt 0.562500 0.187500
vt 0.562500 0.625000
vt 0.562500 0.125000
vt 0.562500 0.562500
vt 0.562500 0.500000
vt 0.531250 0.687500
vt 0.531250 0.250000
vt 0.531250 0.187500
vt 0.531250 0.625000
vt 0.531250 0.125000
vt 0.531250 0.562500
vt 0.531250 0.062500
vt 0.531250 0.500000
vt 0.546875 1.000000
vt 0.531250 0.937500
vt 0.546875 0.000000
vt 0.531250 0.437500
vt 0.531250 0.875000
vt 0.531250 0.375000
vt 0.531250 0.812500
vt 0.531250 0.312500
vt 0.531250 0.750000
vt 0.500000 0.437500
vt 0.500000 0.937500
vt 0.500000 0.875000
vt 0.500000 0.375000
vt 0.500000 0.812500
vt 0.500000 0.312500
vt 0.500000 0.750000
vt 0.500000 0.250000
vt 0.500000 0.687500
vt 0.500000 0.187500
vt 0.500000 0.625000
vt 0.500000 0.125000
vt 0.500000 0.562500
vt 0.500000 0.062500
vt 0.500000 0.500000
vt 0.515625 1.000000
vt 0.515625 0.000000
vt 0.468750 0.187500
vt 0.468750 0.687500
vt 0.468750 0.625000
vt 0.468750 0.125000
vt 0.468750 0.562500
vt 0.468750 0.062500
vt 0.468750 0.500000
vt 0.484375 1.000000
vt 0.468750 0.937500
vt 0.484375 0.000000
vt 0.468750 0.437500
vt 0.468750 0.875000
vt 0.468750 0.375000
vt 0.468750 0.812500
vt 0.468750 0.312500
vt 0.468750 0.750000
vt 0.468750 0.250000
vt 0.437500 0.437500
vt 0.437500 0.375000
vt 0.437500 0.812500
vt 0.437500 0.312500
vt 0.437500 0.750000
vt 0.437500 0.250000
vt 0.437500 0.687500
vt 0.437500 0.187500
vt 0.437500 0.625000
vt 0.437500 0.125000
vt 0.437500 0.562500
vt 0.437500 0.062500
vt 0.437500 0.500000
vt 0.453125 1.000000
vt 0.437500 0.937500
vt 0.453125 0.000000
vt 0.437500 0.875000
vt 0.406250 0.125000
vt 0.406250 0.625000
vt 0.406250 0.562500
vt 0.406250 0.062500
vt 0.406250 0.500000
vt 0.421875 1.000000
vt 0.406250 0.937500
vt 0.421875 0.000000
vt 0.406250 0.437500
vt 0.406250 0.875000
vt 0.406250 0.375000
vt 0.406250 0.812500
vt 0.406250 0.312500
vt 0.406250 0.750000
vt 0.406250 0.250000
vt 0.406250 0.687500
vt 0.406250 0.187500
vt 0.375000 0.875000
vt 0.375000 0.812500
vt 0.375000 0.312500
vt 0.375000 0.750000
vt 0.375000 0.250000
vt 0.375000 0.687500
vt 0.375000 0.187500
vt 0.375000 0.625000
vt 0.375000 0.125000
vt 0.375000 0.562500
vt 0.375000 0.062500
vt 0.375000 0.500000
vt 0.390625 1.000000
vt 0.375000 0.937500
vt 0.390625 0.000000
vt 0.375000 0.437500
vt 0.375000 0.375000
vt 0.343750 0.625000
vt 0.343750 0.562500
vt 0.343750 0.125000
vt 0.343750 0.062500
vt 0.343750 0.500000
vt 0.359375 1.000000
vt 0.343750 0.937500
vt 0.359375 0.000000
vt 0.343750 0.437500
vt 0.343750 0.875000
vt 0.343750 0.375000
vt 0.343750 0.812500
vt 0.343750 0.312500
vt 0.343750 0.750000
vt 0.343750 0.250000
vt 0.343750 0.687500
vt 0.343750 0.187500
vt 0.312500 0.375000
vt 0.312500 0.312500
vt 0.312500 0.812500
vt 0.312500 0.750000
vt 0.312500 0.250000
vt 0.312500 0.687500
vt 0.312500 0.187500
vt 0.312500 0.625000
vt 0.312500 0.125000
vt 0.312500 0.562500
vt 0.312500 0.062500
vt 0.312500 0.500000
vt 0.328125 1.000000
vt 0.312500 0.937500
vt 0.328125 0.000000
vt 0.312500 0.437500
vt 0.312500 0.875000
vt 0.281250 0.062500
vt 0.281250 0.500000
vt 0.296875 1.000000
vt 0.281250 0.937500
vt 0.296875 0.000000
vt 0.281250 0.437500
vt 0.281250 0.875000
vt 0.281250 0.375000
vt 0.281250 0.812500
vt 0.281250 0.312500
vt 0.281250 0.750000
vt 0.281250 0.250000
vt 0.281250 0.687500
vt 0.281250 0.187500
vt 0.281250 0.625000
vt 0.281250 0.125000
vt 0.281250 0.562500
vt 0.250000 0.812500
vt 0.250000 0.750000
vt 0.250000 0.312500
vt 0.250000 0.250000
vt 0.250000 0.687500
vt 0.250000 0.187500
vt 0.250000 0.625000
vt 0.250000 0.125000
vt 0.250000 0.562500
vt 0.250000 0.062500
vt 0.250000 0.500000
vt 0.265625 1.000000
vt 0.250000 0.937500
vt 0.265625 0.000000
vt 0.250000 0.437500
vt 0.250000 0.875000
vt 0.250000 0.375000
vt 0.218750 0.562500
vt 0.218750 0.500000
vt 0.234375 1.000000
vt 0.218750 0.937500
vt 0.234375 0.000000
vt 0.218750 0.062500
vt 0.218750 0.437500
vt 0.218750 0.875000
vt 0.218750 0.375000
vt 0.218750 0.812500
vt 0.218750 0.312500
vt 0.218750 0.750000
vt 0.218750 0.250000
vt 0.218750 0.687500
vt 0.218750 0.187500
vt 0.218750 0.625000
vt 0.218750 0.125000
vt 0.187500 0.250000
vt 0.187500 0.750000
vt 0.187500 0.687500
vt 0.187500 0.187500
vt 0.187500 0.625000
vt 0.187500 0.125000
vt 0.187500 0.562500
vt 0.187500 0.062500
vt 0.187500 0.500000
vt 0.203125 1.000000
vt 0.187500 0.937500
vt 0.203125 0.000000
vt 0.187500 0.437500
vt 0.187500 0.875000
vt 0.187500 0.375000
vt 0.187500 0.812500
vt 0.187500 0.312500
vt 0.171875 0.000000
vt 0.156250 0.062500
vt 0.156250 0.500000
vt 0.156250 0.437500
vt 0.156250 0.937500
vt 0.156250 0.875000
vt 0.156250 0.375000
vt 0.156250 0.812500
vt 0.156250 0.312500
vt 0.156250 0.750000
vt 0.156250 0.250000
vt 0.156250 0.687500
vt 0.156250 0.187500
vt 0.156250 0.625000
vt 0.156250 0.125000
vt 0.156250 0.562500
vt 0.171875 1.000000
vt 0.125000 0.187500
vt 0.125000 0.625000
vt 0.125000 0.125000
vt 0.125000 0.562500
vt 0.125000 0.062500
vt 0.125000 0.500000
vt 0.140625 1.000000
vt 0.125000 0.937500
vt 0.140625 0.000000
vt 0.125000 0.437500
vt 0.125000 0.875000
vt 0.125000 0.375000
vt 0.125000 0.812500
vt 0.125000 0.312500
vt 0.125000 0.750000
vt 0.125000 0.250000
vt 0.125000 0.687500
vt 0.093750 0.937500
vt 0.093750 0.875000
vt 0.093750 0.375000
vt 0.093750 0.812500
vt 0.093750 0.312500
vt 0.093750 0.750000
vt 0.093750 0.250000
vt 0.093750 0.687500
vt 0.093750 0.187500
vt 0.093750 0.625000
vt 0.093750 0.125000
vt 0.093750 0.562500
vt 0.093750 0.062500
vt 0.093750 0.500000
vt 0.109375 1.000000
vt 0.109375 0.000000
vt 0.093750 0.437500
vt 0.062500 0.687500
vt 0.062500 0.625000
vt 0.062500 0.187500
vt 0.062500 0.125000
vt 0.062500 0.562500
vt 0.062500 0.062500
vt 0.062500 0.500000
vt 0.078125 1.000000
vt 0.062500 0.937500
vt 0.078125 0.000000
vt 0.062500 0.437500
vt 0.062500 0.875000
vt 0.062500 0.375000
vt 0.062500 0.812500
vt 0.062500 0.312500
vt 0.062500 0.750000
vt 0.062500 0.250000
vt 0.031250 0.375000
vt 0.031250 0.875000
vt 0.031250 0.812500
vt 0.031250 0.312500
vt 0.031250 0.750000
vt 0.031250 0.250000
vt 0.031250 0.687500
vt 0.031250 0.187500
vt 0.031250 0.625000
vt 0.031250 0.125000
vt 0.031250 0.562500
vt 0.031250 0.062500
vt 0.031250 0.500000
vt 0.046875 1.000000
vt 0.031250 0.937500
vt 0.046875 0.000000
vt 0.031250 0.437500
vt 0.000000 0.125000
vt 0.000000 0.625000
vt 0.000000 0.562500
vt 0.000000 0.062500
vt 0.000000 0.500000
vt 0.015625 1.000000
vt 0.000000 0.937500
vt 0.015625 0.000000
vt 0.000000 0.437500
vt 0.000000 0.875000
vt 0.000000 0.375000
vt 0.000000 0.812500
vt 0.000000 0.312500
vt 0.000000 0.750000
vt 0.000000 0.250000
vt 0.000000 0.687500
vt 0.000000 0.187500
vt 1.000000 0.875000
vt 0.968750 0.812500
vt 1.000000 0.812500
vt 1.000000 0.312500
vt 0.968750 0.375000
vt 0.968750 0.312500
vt 0.968750 0.750000
vt 1.000000 0.750000
vt 0.968750 0.250000
vt 1.000000 0.250000
vt 0.968750 0.687500
vt 1.000000 0.687500
vt 1.000000 0.187500
vt 0.968750 0.187500
vt 0.968750 0.625000
vt 1.000000 0.625000
vt 0.968750 0.125000
vt 1.000000 0.125000
vt 1.000000 0.562500
vt 0.968750 0.562500
vt 1.000000 0.062500
vt 0.968750 0.062500
vt 1.000000 0.500000
vt 0.968750 0.500000
vt 1.000000 0.937500
vt 0.984375 1.000000
vt 0.968750 0.937500
vt 0.984375 0.000000
vt 1.000000 0.437500
vt 0.968750 0.437500
vt 0.968750 0.875000
vt 1.000000 0.375000
vt 0.937500 0.625000
vt 0.937500 0.562500
vt 0.937500 0.125000
vt 0.937500 0.062500
vt 0.937500 0.500000
vt 0.953125 1.000000
vt 0.937500 0.937500
vt 0.953125 0.000000
vt 0.937500 0.437500
vt 0.937500 0.875000
vt 0.937500 0.375000
vt 0.937500 0.812500
vt 0.937500 0.312500
vt 0.937500 0.750000
vt 0.937500 0.250000
vt 0.937500 0.687500
vt 0.937500 0.187500
vt 0.906250 0.375000
vt 0.906250 0.312500
vt 0.906250 0.812500
vt 0.906250 0.750000
vt 0.906250 0.250000
vt 0.906250 0.687500
vt 0.906250 0.187500
vt 0.906250 0.625000
vt 0.906250 0.125000
vt 0.906250 0.562500
vt 0.906250 0.062500
vt 0.906250 0.500000
vt 0.921875 1.000000
vt 0.906250 0.937500
vt 0.921875 0.000000
vt 0.906250 0.437500
vt 0.906250 0.875000
vt 0.875000 0.125000
vt 0.875000 0.062500
vt 0.875000 0.562500
vt 0.875000 0.500000
vt 0.890625 1.000000
vt 0.875000 0.937500
vt 0.890625 0.000000
vt 0.875000 0.437500
vt 0.875000 0.875000
vt 0.875000 0.375000
vt 0.875000 0.812500
vt 0.875000 0.312500
vt 0.875000 0.750000
vt 0.875000 0.250000
vt 0.875000 0.687500
vt 0.875000 0.187500
vt 0.875000 0.625000
vt 0.843750 0.312500
vt 0.843750 0.250000
vt 0.843750 0.687500
vt 0.843750 0.187500
vt 0.843750 0.625000
vt 0.843750 0.125000
vt 0.843750 0.562500
vt 0.843750 0.062500
vt 0.843750 0.500000
vt 0.859375 1.000000
vt 0.843750 0.937500
vt 0.859375 0.000000
vt 0.843750 0.437500
vt 0.843750 0.875000
vt 0.843750 0.375000
vt 0.843750 0.812500
vt 0.843750 0.750000
vt 0.828125 1.000000
vt 0.812500 0.937500
vt 0.828125 0.000000
vt 0.812500 0.062500
vt 0.812500 0.500000
vt 0.812500 0.437500
vt 0.812500 0.875000
vt 0.812500 0.375000
vt 0.812500 0.812500
vt 0.812500 0.312500
vt 0.812500 0.750000
vt 0.812500 0.250000
vt 0.812500 0.687500
vt 0.812500 0.187500
vt 0.812500 0.625000
vt 0.812500 0.125000
vt 0.812500 0.562500
vt 0.781250 0.687500
vt 0.781250 0.250000
vt 0.781250 0.187500
vt 0.781250 0.625000
vt 0.781250 0.125000
vt 0.781250 0.562500
vt 0.781250 0.062500
vt 0.781250 0.500000
vt 0.796875 1.000000
vt 0.781250 0.937500
vt 0.796875 0.000000
vt 0.781250 0.437500
vt 0.781250 0.875000
vt 0.781250 0.375000
vt 0.781250 0.812500
vt 0.781250 0.312500
vt 0.781250 0.750000
vt 0.765625 1.000000
vt 0.765625 0.000000
vt 0.875000 0.500000
vt 0.375000 1.000000
vt 0.625000 0.000000
vt 0.375000 0.000000
vt 0.375000 0.500000
vt 0.125000 0.500000
vt 0.875000 0.750000
vt 0.625000 1.000000
s 0
f 474/1/1 82/2/1 7/3/1
f 308/4/2 482/5/2 21/6/2
f 4/7/3 15/8/3 5/9/3
f 474/1/4 8/10/4 475/11/4
f 5/9/5 16/12/5 478/13/5
f 1/14/6 8/10/6 9/15/6
f 6/16/7 16/12/7 17/17/7
f 1/14/8 10/18/8 476/19/8
f 6/16/9 18/20/9 479/21/9
f 2/22/10 10/18/10 11/23/10
f 480/24/11 18/20/11 19/25/11
f 2/22/12 12/26/12 477/27/12
f 480/24/13 20/28/13 481/29/13
f 3/30/14 12/26/14 13/31/14
f 481/29/15 21/6/15 482/5/15
f 4/7/16 13/31/16 14/32/16
f 21/6/17 35/33/17 36/34/17
f 14/32/18 28/35/18 29/36/18
f 7/3/19 82/37/19 22/38/19
f 308/39/20 21/6/20 36/34/20
f 14/32/21 30/40/21 15/8/21
f 7/3/22 23/41/22 8/10/22
f 16/12/23 30/40/23 31/42/23
f 9/15/24 23/41/24 24/43/24
f 17/17/25 31/42/25 32/44/25
f 9/15/26 25/45/26 10/18/26
f 17/17/27 33/46/27 18/20/27
f 10/18/28 26/47/28 11/23/28
f 19/25/29 33/46/29 34/48/29
f 11/23/30 27/49/30 12/26/30
f 19/25/31 35/33/31 20/28/31
f 12/26/32 28/35/32 13/31/32
f 24/43/33 40/50/33 25/45/33
f 32/44/34 48/51/34 33/46/34
f 25/45/35 41/52/35 26/47/35
f 33/46/36 49/53/36 34/48/36
f 27/49/37 41/52/37 42/54/37
f 35/33/38 49/53/38 50/55/38
f 27/49/39 43/56/39 28/35/39
f 36/34/40 50/55/40 51/57/40
f 28/35/41 44/58/41 29/36/41
f 22/38/42 82/59/42 37/60/42
f 308/61/43 36/34/43 51/57/43
f 30/40/44 44/58/44 45/62/44
f 23/41/45 37/60/45 38/63/45
f 31/42/46 45/62/46 46/64/46
f 23/41/47 39/65/47 24/43/47
f 32/44/48 46/64/48 47/66/48
f 43/56/49 59/67/49 44/58/49
f 37/60/50 82/68/50 52/69/50
f 308/70/51 51/57/51 66/71/51
f 45/62/52 59/67/52 60/72/52
f 37/60/53 53/73/53 38/63/53
f 46/64/54 60/72/54 61/74/54
f 38/63/55 54/75/55 39/65/55
f 46/64/56 62/76/56 47/66/56
f 40/50/57 54/75/57 55/77/57
f 47/66/58 63/78/58 48/51/58
f 40/50/59 56/79/59 41/52/59
f 48/51/60 64/80/60 49/53/60
f 42/54/61 56/79/61 57/81/61
f 49/53/62 65/82/62 50/55/62
f 42/54/63 58/83/63 43/56/63
f 51/57/64 65/82/64 66/71/64
f 63/78/65 77/84/65 78/85/65
f 55/77/66 71/86/66 56/79/66
f 63/78/67 79/87/67 64/80/67
f 56/79/68 72/88/68 57/81/68
f 65/82/69 79/87/69 80/89/69
f 57/81/70 73/90/70 58/83/70
f 65/82/71 81/91/71 66/71/71
f 58/83/72 74/92/72 59/67/72
f 52/69/73 82/93/73 67/94/73
f 308/95/74 66/71/74 81/91/74
f 59/67/75 75/96/75 60/72/75
f 53/73/76 67/94/76 68/97/76
f 60/72/77 76/98/77 61/74/77
f 53/73/78 69/99/78 54/75/78
f 62/76/79 76/98/79 77/84/79
f 55/77/80 69/99/80 70/100/80
f 67/94/81 82/101/81 83/102/81
f 308/103/82 81/91/82 97/104/82
f 74/92/83 91/105/83 75/96/83
f 67/94/84 84/106/84 68/97/84
f 76/98/85 91/105/85 92/107/85
f 68/97/86 85/108/86 69/99/86
f 76/98/87 93/109/87 77/84/87
f 70/100/88 85/108/88 86/110/88
f 77/84/89 94/111/89 78/85/89
f 71/86/90 86/110/90 87/112/90
f 78/85/91 95/113/91 79/87/91
f 71/86/92 88/114/92 72/88/92
f 80/89/93 95/113/93 96/115/93
f 72/88/94 89/116/94 73/90/94
f 81/91/95 96/115/95 97/104/95
f 73/90/96 90/117/96 74/92/96
f 86/110/97 102/118/97 87/112/97
f 95/113/98 109/119/98 110/120/98
f 87/112/99 103/121/99 88/114/99
f 95/113/100 111/122/100 96/115/100
f 89/116/101 103/121/101 104/123/101
f 97/104/102 111/122/102 112/124/102
f 90/117/103 104/123/103 105/125/103
f 83/102/104 82/126/104 98/127/104
f 308/128/105 97/104/105 112/124/105
f 90/117/106 106/129/106 91/105/106
f 84/106/107 98/127/107 99/130/107
f 91/105/108 107/131/108 92/107/108
f 85/108/109 99/130/109 100/132/109
f 92/107/110 108/133/110 93/109/110
f 85/108/111 101/134/111 86/110/111
f 94/111/112 108/133/112 109/119/112
f 105/125/113 121/135/113 106/129/113
f 99/130/114 113/136/114 114/137/114
f 106/129/115 122/138/115 107/131/115
f 99/130/116 115/139/116 100/132/116
f 107/131/117 123/140/117 108/133/117
f 100/132/118 116/141/118 101/134/118
f 109/119/119 123/140/119 124/142/119
f 101/134/120 117/143/120 102/118/120
f 110/120/121 124/142/121 125/144/121
f 103/121/122 117/143/122 118/145/122
f 111/122/123 125/144/123 126/146/123
f 104/123/124 118/145/124 119/147/124
f 111/122/125 127/148/125 112/124/125
f 104/123/126 120/149/126 105/125/126
f 98/127/127 82/150/127 113/136/127
f 308/151/128 112/124/128 127/148/128
f 124/142/129 140/152/129 125/144/129
f 118/145/130 132/153/130 133/154/130
f 126/146/131 140/152/131 141/155/131
f 119/147/132 133/154/132 134/156/132
f 127/148/133 141/155/133 142/157/133
f 120/149/134 134/156/134 135/158/134
f 113/136/135 82/159/135 128/160/135
f 308/161/136 127/148/136 142/157/136
f 120/149/137 136/162/137 121/135/137
f 113/136/138 129/163/138 114/137/138
f 122/138/139 136/162/139 137/164/139
f 114/137/140 130/165/140 115/139/140
f 122/138/141 138/166/141 123/140/141
f 116/141/142 130/165/142 131/167/142
f 123/140/143 139/168/143 124/142/143
f 117/143/144 131/167/144 132/153/144
f 137/164/145 151/169/145 152/170/145
f 129/163/146 145/171/146 130/165/146
f 137/164/147 153/172/147 138/166/147
f 130/165/148 146/173/148 131/167/148
f 138/166/149 154/174/149 139/168/149
f 132/153/150 146/173/150 147/175/150
f 140/152/151 154/174/151 155/176/151
f 133/154/152 147/175/152 148/177/152
f 141/155/153 155/176/153 156/178/153
f 134/156/154 148/177/154 149/179/154
f 141/155/155 157/180/155 142/157/155
f 135/158/156 149/179/156 150/181/156
f 128/160/157 82/182/157 143/183/157
f 308/184/158 142/157/158 157/180/158
f 136/162/159 150/181/159 151/169/159
f 129/163/160 143/183/160 144/185/160
f 155/176/161 171/186/161 156/178/161
f 149/179/162 163/187/162 164/188/162
f 156/178/163 172/189/163 157/180/163
f 149/179/164 165/190/164 150/181/164
f 143/183/165 82/191/165 158/192/165
f 308/193/166 157/180/166 172/189/166
f 151/169/167 165/190/167 166/194/167
f 144/185/168 158/192/168 159/195/168
f 151/169/169 167/196/169 152/170/169
f 145/171/170 159/195/170 160/197/170
f 152/170/171 168/198/171 153/172/171
f 146/173/172 160/197/172 161/199/172
f 154/174/173 168/198/173 169/200/173
f 146/173/174 162/201/174 147/175/174
f 155/176/175 169/200/175 170/202/175
f 147/175/176 163/187/176 148/177/176
f 160/197/177 174/203/177 175/204/177
f 167/196/178 183/205/178 168/198/178
f 161/199/179 175/204/179 176/206/179
f 168/198/180 184/207/180 169/200/180
f 162/201/181 176/206/181 177/208/181
f 170/202/182 184/207/182 185/209/182
f 163/187/183 177/208/183 178/210/183
f 170/202/184 186/211/184 171/186/184
f 164/188/185 178/210/185 179/212/185
f 172/189/186 186/211/186 187/213/186
f 165/190/187 179/212/187 180/214/187
f 158/192/188 82/215/188 173/216/188
f 308/217/189 172/189/189 187/213/189
f 166/194/190 180/214/190 181/218/190
f 158/192/191 174/203/191 159/195/191
f 166/194/192 182/219/192 167/196/192
f 179/212/193 193/220/193 194/221/193
f 187/213/194 201/222/194 202/223/194
f 180/214/195 194/221/195 195/224/195
f 173/216/196 82/225/196 188/226/196
f 308/227/197 187/213/197 202/223/197
f 180/214/198 196/228/198 181/218/198
f 174/203/199 188/226/199 189/229/199
f 181/218/200 197/230/200 182/219/200
f 175/204/201 189/229/201 190/231/201
f 183/205/202 197/230/202 198/232/202
f 175/204/203 191/233/203 176/206/203
f 184/207/204 198/232/204 199/234/204
f 176/206/205 192/235/205 177/208/205
f 185/209/206 199/234/206 200/236/206
f 177/208/207 193/220/207 178/210/207
f 186/211/208 200/236/208 201/222/208
f 198/232/209 212/237/209 213/238/209
f 191/233/210 205/239/210 206/240/210
f 198/232/211 214/241/211 199/234/211
f 191/233/212 207/242/212 192/235/212
f 199/234/213 215/243/213 200/236/213
f 192/235/214 208/244/214 193/220/214
f 201/222/215 215/243/215 216/245/215
f 194/221/216 208/244/216 209/246/216
f 202/223/217 216/245/217 217/247/217
f 194/221/218 210/248/218 195/224/218
f 188/226/219 82/249/219 203/250/219
f 308/251/220 202/223/220 217/247/220
f 196/228/221 210/248/221 211/252/221
f 188/226/222 204/253/222 189/229/222
f 196/228/223 212/237/223 197/230/223
f 190/231/224 204/253/224 205/239/224
f 216/245/225 232/254/225 217/247/225
f 209/246/226 225/255/226 210/248/226
f 203/250/227 82/256/227 218/257/227
f 308/258/228 217/247/228 232/254/228
f 210/248/229 226/259/229 211/252/229
f 204/253/230 218/257/230 219/260/230
f 211/252/231 227/261/231 212/237/231
f 205/239/232 219/260/232 220/262/232
f 212/237/233 228/263/233 213/238/233
f 205/239/234 221/264/234 206/240/234
f 214/241/235 228/263/235 229/265/235
f 206/240/236 222/266/236 207/242/236
f 215/243/237 229/265/237 230/267/237
f 208/244/238 222/266/238 223/268/238
f 216/245/239 230/267/239 231/269/239
f 209/246/240 223/268/240 224/270/240
f 221/264/241 235/271/241 236/272/241
f 229/265/242 243/273/242 244/274/242
f 221/264/243 237/275/243 222/266/243
f 229/265/244 245/276/244 230/267/244
f 223/268/245 237/275/245 238/277/245
f 230/267/246 246/278/246 231/269/246
f 224/270/247 238/277/247 239/279/247
f 231/269/248 247/280/248 232/254/248
f 224/270/249 240/281/249 225/255/249
f 218/257/250 82/282/250 233/283/250
f 308/284/251 232/254/251 247/280/251
f 226/259/252 240/281/252 241/285/252
f 219/260/253 233/283/253 234/286/253
f 226/259/254 242/287/254 227/261/254
f 220/262/255 234/286/255 235/271/255
f 227/261/256 243/273/256 228/263/256
f 240/281/257 254/288/257 255/289/257
f 233/283/258 82/290/258 248/291/258
f 308/292/259 247/280/259 262/293/259
f 240/281/260 256/294/260 241/285/260
f 233/283/261 249/295/261 234/286/261
f 242/287/262 256/294/262 257/296/262
f 234/286/263 250/297/263 235/271/263
f 242/287/264 258/298/264 243/273/264
f 235/271/265 251/299/265 236/272/265
f 243/273/266 259/300/266 244/274/266
f 237/275/267 251/299/267 252/301/267
f 244/274/268 260/302/268 245/276/268
f 237/275/269 253/303/269 238/277/269
f 246/278/270 260/302/270 261/304/270
f 238/277/271 254/288/271 239/279/271
f 246/278/272 262/293/272 247/280/272
f 258/298/273 274/305/273 259/300/273
f 252/301/274 266/306/274 267/307/274
f 259/300/275 275/308/275 260/302/275
f 252/301/276 268/309/276 253/303/276
f 260/302/277 276/310/277 261/304/277
f 254/288/278 268/309/278 269/311/278
f 262/293/279 276/310/279 277/312/279
f 255/289/280 269/311/280 270/313/280
f 248/291/281 82/314/281 263/315/281
f 308/316/282 262/293/282 277/312/282
f 255/289/283 271/317/283 256/294/283
f 248/291/284 264/318/284 249/295/284
f 256/294/285 272/319/285 257/296/285
f 250/297/286 264/318/286 265/320/286
f 258/298/287 272/319/287 273/321/287
f 251/299/288 265/320/288 266/306/288
f 308/322/289 277/312/289 292/323/289
f 271/317/290 285/324/290 286/325/290
f 264/318/291 278/326/291 279/327/291
f 271/317/292 287/328/292 272/319/292
f 265/320/293 279/327/293 280/329/293
f 273/321/294 287/328/294 288/330/294
f 265/320/295 281/331/295 266/306/295
f 274/305/296 288/330/296 289/332/296
f 266/306/297 282/333/297 267/307/297
f 275/308/298 289/332/298 290/334/298
f 267/307/299 283/335/299 268/309/299
f 276/310/300 290/334/300 291/336/300
f 269/311/301 283/335/301 284/337/301
f 276/310/302 292/323/302 277/312/302
f 269/311/303 285/324/303 270/313/303
f 263/315/304 82/338/304 278/326/304
f 289/332/305 305/339/305 290/334/305
f 282/333/306 298/340/306 283/335/306
f 291/336/307 305/339/307 306/341/307
f 284/337/308 298/340/308 299/342/308
f 291/336/309 307/343/309 292/323/309
f 284/337/310 300/344/310 285/324/310
f 278/326/311 82/345/311 293/346/311
f 308/347/312 292/323/312 307/343/312
f 286/325/313 300/344/313 301/348/313
f 279/327/314 293/346/314 294/349/314
f 286/325/315 302/350/315 287/328/315
f 280/329/316 294/349/316 295/351/316
f 288/330/317 302/350/317 303/352/317
f 281/331/318 295/351/318 296/353/318
f 289/332/319 303/352/319 304/354/319
f 281/331/320 297/355/320 282/333/320
f 294/349/321 309/356/321 310/357/321
f 301/348/322 318/358/322 302/350/322
f 294/349/323 311/359/323 295/351/323
f 303/352/324 318/358/324 319/360/324
f 295/351/325 312/361/325 296/353/325
f 304/354/326 319/360/326 320/362/326
f 296/353/327 313/363/327 297/355/327
f 304/354/328 321/364/328 305/339/328
f 297/355/329 314/365/329 298/340/329
f 306/341/330 321/364/330 322/366/330
f 299/342/331 314/365/331 315/367/331
f 306/341/332 323/368/332 307/343/332
f 299/342/333 316/369/333 300/344/333
f 293/346/334 82/370/334 309/356/334
f 308/371/335 307/343/335 323/368/335
f 300/344/336 317/372/336 301/348/336
f 314/365/337 328/373/337 329/374/337
f 322/366/338 336/375/338 337/376/338
f 314/365/339 330/377/339 315/367/339
f 323/368/340 337/376/340 338/378/340
f 315/367/341 331/379/341 316/369/341
f 309/356/342 82/380/342 324/381/342
f 308/382/343 323/368/343 338/378/343
f 316/369/344 332/383/344 317/372/344
f 309/356/345 325/384/345 310/357/345
f 318/358/346 332/383/346 333/385/346
f 310/357/347 326/386/347 311/359/347
f 318/358/348 334/387/348 319/360/348
f 311/359/349 327/388/349 312/361/349
f 320/362/350 334/387/350 335/389/350
f 312/361/351 328/373/351 313/363/351
f 321/364/352 335/389/352 336/375/352
f 332/383/353 348/390/353 333/385/353
f 326/386/354 340/391/354 341/392/354
f 334/387/355 348/390/355 349/393/355
f 327/388/356 341/392/356 342/394/356
f 334/387/357 350/395/357 335/389/357
f 328/373/358 342/394/358 343/396/358
f 335/389/359 351/397/359 336/375/359
f 329/374/360 343/396/360 344/398/360
f 337/376/361 351/397/361 352/399/361
f 330/377/362 344/398/362 345/400/362
f 338/378/363 352/399/363 353/401/363
f 331/379/364 345/400/364 346/402/364
f 324/381/365 82/403/365 339/404/365
f 308/405/366 338/378/366 353/401/366
f 331/379/367 347/406/367 332/383/367
f 325/384/368 339/404/368 340/391/368
f 351/397/369 367/407/369 352/399/369
f 345/400/370 359/408/370 360/409/370
f 352/399/371 368/410/371 353/401/371
f 345/400/372 361/411/372 346/402/372
f 339/404/373 82/412/373 354/413/373
f 308/414/374 353/401/374 368/410/374
f 346/402/375 362/415/375 347/406/375
f 340/391/376 354/413/376 355/416/376
f 347/406/377 363/417/377 348/390/377
f 341/392/378 355/416/378 356/418/378
f 348/390/379 364/419/379 349/393/379
f 341/392/380 357/420/380 342/394/380
f 350/395/381 364/419/381 365/421/381
f 342/394/382 358/422/382 343/396/382
f 351/397/383 365/421/383 366/423/383
f 344/398/384 358/422/384 359/408/384
f 355/424/385 371/425/385 356/426/385
f 364/427/386 378/428/386 379/429/386
f 356/426/387 372/430/387 357/431/387
f 364/427/388 380/432/388 365/433/388
f 357/431/389 373/434/389 358/435/389
f 366/436/390 380/432/390 381/437/390
f 358/435/391 374/438/391 359/439/391
f 366/436/392 382/440/392 367/441/392
f 360/442/393 374/438/393 375/443/393
f 368/444/394 382/440/394 383/445/394
f 361/446/395 375/443/395 376/447/395
f 354/448/396 82/449/396 369/450/396
f 308/451/397 368/444/397 383/445/397
f 362/452/398 376/447/398 377/453/398
f 354/448/399 370/454/399 355/424/399
f 362/452/400 378/428/400 363/455/400
f 375/443/401 389/456/401 390/457/401
f 383/445/402 397/458/402 398/459/402
f 376/447/403 390/457/403 391/460/403
f 369/450/404 82/461/404 384/462/404
f 308/463/405 383/445/405 398/459/405
f 376/447/406 392/464/406 377/453/406
f 370/454/407 384/462/407 385/465/407
f 377/453/408 393/466/408 378/428/408
f 371/425/409 385/465/409 386/467/409
f 378/428/410 394/468/410 379/429/410
f 371/425/411 387/469/411 372/430/411
f 379/429/412 395/470/412 380/432/412
f 373/434/413 387/469/413 388/471/413
f 381/437/414 395/470/414 396/472/414
f 374/438/415 388/471/415 389/456/415
f 381/437/416 397/458/416 382/440/416
f 394/468/417 408/473/417 409/474/417
f 387/469/418 401/475/418 402/476/418
f 394/468/419 410/477/419 395/470/419
f 388/471/420 402/476/420 403/478/420
f 395/470/421 411/479/421 396/472/421
f 388/471/422 404/480/422 389/456/422
f 396/472/423 412/481/423 397/458/423
f 390/457/424 404/480/424 405/482/424
f 397/458/425 413/483/425 398/459/425
f 391/460/426 405/482/426 406/484/426
f 384/462/427 82/485/427 399/486/427
f 308/487/428 398/459/428 413/483/428
f 391/460/429 407/488/429 392/464/429
f 385/465/430 399/486/430 400/489/430
f 393/466/431 407/488/431 408/473/431
f 386/467/432 400/489/432 401/475/432
f 413/483/433 427/490/433 428/491/433
f 406/484/434 420/492/434 421/493/434
f 399/486/435 82/494/435 414/495/435
f 308/496/436 413/483/436 428/491/436
f 406/484/437 422/497/437 407/488/437
f 399/486/438 415/498/438 400/489/438
f 407/488/439 423/499/439 408/473/439
f 401/475/440 415/498/440 416/500/440
f 408/473/441 424/501/441 409/474/441
f 402/476/442 416/500/442 417/502/442
f 409/474/443 425/503/443 410/477/443
f 403/478/444 417/502/444 418/504/444
f 410/477/445 426/505/445 411/479/445
f 404/480/446 418/504/446 419/506/446
f 411/479/447 427/490/447 412/481/447
f 404/480/448 420/492/448 405/482/448
f 425/503/449 439/507/449 440/508/449
f 417/502/450 433/509/450 418/504/450
f 426/505/451 440/508/451 441/510/451
f 419/506/452 433/509/452 434/511/452
f 426/505/453 442/512/453 427/490/453
f 419/506/454 435/513/454 420/492/454
f 427/490/455 443/514/455 428/491/455
f 420/492/456 436/515/456 421/493/456
f 414/495/457 82/516/457 429/517/457
f 308/518/458 428/491/458 443/514/458
f 422/497/459 436/515/459 437/519/459
f 415/498/460 429/517/460 430/520/460
f 423/499/461 437/519/461 438/521/461
f 415/498/462 431/522/462 416/500/462
f 423/499/463 439/507/463 424/501/463
f 416/500/464 432/523/464 417/502/464
f 429/517/465 82/524/465 444/525/465
f 308/526/466 443/514/466 458/527/466
f 437/519/467 451/528/467 452/529/467
f 429/517/468 445/530/468 430/520/468
f 438/521/469 452/529/469 453/531/469
f 431/522/470 445/530/470 446/532/470
f 438/521/471 454/533/471 439/507/471
f 431/522/472 447/534/472 432/523/472
f 439/507/473 455/535/473 440/508/473
f 432/523/474 448/536/474 433/509/474
f 441/510/475 455/535/475 456/537/475
f 434/511/476 448/536/476 449/538/476
f 441/510/477 457/539/477 442/512/477
f 434/511/478 450/540/478 435/513/478
f 443/514/479 457/539/479 458/527/479
f 435/513/480 451/528/480 436/515/480
f 447/534/481 463/541/481 448/536/481
f 456/537/482 470/542/482 471/543/482
f 449/538/483 463/541/483 464/544/483
f 456/537/484 472/545/484 457/539/484
f 449/538/485 465/546/485 450/540/485
f 458/527/486 472/545/486 473/547/486
f 450/540/487 466/548/487 451/528/487
f 444/525/488 82/549/488 459/550/488
f 308/551/489 458/527/489 473/547/489
f 451/528/490 467/552/490 452/529/490
f 444/525/491 460/553/491 445/530/491
f 452/529/492 468/554/492 453/531/492
f 446/532/493 460/553/493 461/555/493
f 453/531/494 469/556/494 454/533/494
f 446/532/495 462/557/495 447/534/495
f 455/535/496 469/556/496 470/542/496
f 466/548/497 5/9/497 467/552/497
f 460/553/498 474/1/498 475/11/498
f 468/554/499 5/9/499 478/13/499
f 461/555/500 475/11/500 1/14/500
f 469/556/501 478/13/501 6/16/501
f 462/557/502 1/14/502 476/19/502
f 469/556/503 479/21/503 470/542/503
f 462/557/504 2/22/504 463/541/504
f 470/542/505 480/24/505 471/543/505
f 463/541/506 477/27/506 464/544/506
f 471/543/507 481/29/507 472/545/507
f 464/544/508 3/30/508 465/546/508
f 472/545/509 482/5/509 473/547/509
f 465/546/510 4/7/510 466/548/510
f 459/550/511 82/558/511 474/1/511
f 308/559/512 473/547/512 482/5/512
f 487/560/513 485/77/513 483/67/513
f 485/77/514 490/561/514 486/206/514
f 489/562/515 488/207/515 490/563/515
f 484/564/516 490/353/516 488/565/516
f 483/67/517 486/206/517 484/564/517
f 487/78/518 484/564/518 488/207/518
f 492/562/515 493/207/515 491/563/515
f 494/78/518 497/564/518 493/207/518
f 498/67/517 495/206/517 497/564/517
f 496/77/514 491/561/514 495/206/514
f 497/564/516 491/353/516 493/565/516
f 494/560/513 496/77/513 498/67/513
f 500/562/515 501/207/515 499/563/515
f 502/78/518 505/564/518 501/207/518
f 506/67/517 503/206/517 505/564/517
f 504/77/514 499/561/514 503/206/514
f 505/564/516 499/353/516 501/565/516
f 502/560/513 504/77/513 506/67/513
f 511/560/513 509/77/513 507/67/513
f 509/77/514 514/561/514 510/206/514
f 513/562/515 512/207/515 514/563/515
f 508/564/516 514/353/516 512/565/516
f 507/67/517 510/206/517 508/564/517
f 511/78/518 508/564/518 512/207/518
f 519/560/513 517/77/513 515/67/513
f 517/77/514 522/561/514 518/206/514
f 521/562/515 520/207/515 522/563/515
f 516/564/516 522/353/516 520/565/516
f 515/67/517 518/206/517 516/564/517
f 519/78/518 516/564/518 520/207/518
f 527/560/513 525/77/513 523/67/513
f 525/77/514 530/561/514 526/206/514
f 529/562/515 528/207/515 530/563/515
f 524/564/516 530/353/516 528/565/516
f 523/67/517 526/206/517 524/564/517
f 527/78/518 524/564/518 528/207/518
f 535/560/513 533/77/513 531/67/513
f 533/77/514 538/561/514 534/206/514
f 537/562/515 536/207/515 538/563/515
f 532/564/516 538/353/516 536/565/516
f 531/67/517 534/206/517 532/564/517
f 535/78/518 532/564/518 536/207/518
f 543/560/513 541/77/513 539/67/513
f 541/77/514 546/561/514 542/206/514
f 545/562/515 544/207/515 546/563/515
f 540/564/516 546/353/516 544/565/516
f 539/67/517 542/206/517 540/564/517
f 543/78/518 540/564/518 544/207/518
f 551/560/513 549/77/513 547/67/513
f 549/77/514 554/561/514 550/206/514
f 553/562/515 552/207/515 554/563/515
f 548/564/516 554/353/516 552/565/516
f 547/67/517 550/206/517 548/564/517
f 551/78/518 548/564/518 552/207/518
f 559/560/513 557/77/513 555/67/513
f 557/77/514 562/561/514 558/206/514
f 561/562/515 560/207/515 562/563/515
f 556/564/516 562/353/516 560/565/516
f 555/67/517 558/206/517 556/564/517
f 559/78/518 556/564/518 560/207/518
f 567/560/513 565/77/513 563/67/513
f 565/77/514 570/561/514 566/206/514
f 569/562/515 568/207/515 570/563/515
f 564/564/516 570/353/516 568/565/516
f 563/67/517 566/206/517 564/564/517
f 567/78/518 564/564/518 568/207/518
f 575/560/513 573/77/513 571/67/513
f 573/77/514 578/561/514 574/206/514
f 577/562/515 576/207/515 578/563/515
f 572/564/516 578/353/516 576/565/516
f 571/67/517 574/206/517 572/564/517
f 575/78/518 572/564/518 576/207/518
f 583/560/513 581/77/513 579/67/513
f 581/77/514 586/561/514 582/206/514
f 585/562/515 584/207/515 586/563/515
f 580/564/516 586/353/516 584/565/516
f 579/67/517 582/206/517 580/564/517
f 583/78/518 580/564/518 584/207/518
f 591/560/513 589/77/513 587/67/513
f 589/77/514 594/561/514 590/206/514
f 593/562/515 592/207/515 594/563/515
f 588/564/516 594/353/516 592/565/516
f 587/67/517 590/206/517 588/564/517
f 591/78/518 588/564/518 592/207/518
f 599/560/513 597/77/513 595/67/513
f 597/77/514 602/561/514 598/206/514
f 601/562/515 600/207/515 602/563/515
f 596/564/516 602/353/516 600/565/516
f 595/67/517 598/206/517 596/564/517
f 599/78/518 596/564/518 600/207/518
f 1076/1/519 684/2/519 609/3/519
f 910/4/2 1084/5/2 623/6/2
f 606/7/520 617/8/520 607/9/520
f 1076/1/521 610/10/521 1077/11/521
f 607/9/5 618/12/5 1080/13/5
f 603/14/522 610/10/522 611/15/522
f 1080/13/7 619/17/7 608/16/7
f 1078/19/8 611/15/8 612/18/8
f 1081/21/523 619/17/523 620/20/523
f 1078/19/524 613/23/524 604/22/524
f 1081/21/11 621/25/11 1082/24/11
f 1079/27/12 613/23/12 614/26/12
f 1082/24/525 622/28/525 1083/29/525
f 605/30/14 614/26/14 615/31/14
f 1084/5/526 622/28/526 623/6/526
f 605/30/16 616/32/16 606/7/16
f 623/6/527 637/33/527 638/34/527
f 615/31/528 631/36/528 616/32/528
f 609/3/19 684/37/19 624/38/19
f 910/39/20 623/6/20 638/34/20
f 617/8/529 631/36/529 632/40/529
f 609/3/530 625/41/530 610/10/530
f 617/8/23 633/42/23 618/12/23
f 611/15/531 625/41/531 626/43/531
f 619/17/25 633/42/25 634/44/25
f 611/15/532 627/45/532 612/18/532
f 619/17/27 635/46/27 620/20/27
f 613/23/28 627/45/28 628/47/28
f 620/20/533 636/48/533 621/25/533
f 613/23/30 629/49/30 614/26/30
f 622/28/31 636/48/31 637/33/31
f 615/31/32 629/49/32 630/35/32
f 626/43/534 642/50/534 627/45/534
f 634/44/535 650/51/535 635/46/535
f 628/47/35 642/50/35 643/52/35
f 636/48/536 650/51/536 651/53/536
f 628/47/537 644/54/537 629/49/537
f 636/48/38 652/55/38 637/33/38
f 629/49/39 645/56/39 630/35/39
f 638/34/40 652/55/40 653/57/40
f 630/35/538 646/58/538 631/36/538
f 624/38/42 684/59/42 639/60/42
f 910/61/43 638/34/43 653/57/43
f 632/40/539 646/58/539 647/62/539
f 625/41/45 639/60/45 640/63/45
f 632/40/46 648/64/46 633/42/46
f 626/43/47 640/63/47 641/65/47
f 634/44/540 648/64/540 649/66/540
f 645/56/541 661/67/541 646/58/541
f 639/60/50 684/68/50 654/69/50
f 910/70/542 653/57/542 668/71/542
f 647/62/52 661/67/52 662/72/52
f 639/60/543 655/73/543 640/63/543
f 647/62/544 663/74/544 648/64/544
f 640/63/55 656/75/55 641/65/55
f 648/64/56 664/76/56 649/66/56
f 641/65/57 657/77/57 642/50/57
f 649/66/58 665/78/58 650/51/58
f 643/52/59 657/77/59 658/79/59
f 651/53/60 665/78/60 666/80/60
f 643/52/61 659/81/61 644/54/61
f 652/55/62 666/80/62 667/82/62
f 645/56/545 659/81/545 660/83/545
f 653/57/64 667/82/64 668/71/64
f 664/76/546 680/85/546 665/78/546
f 657/77/66 673/86/66 658/79/66
f 666/80/67 680/85/67 681/87/67
f 658/79/68 674/88/68 659/81/68
f 666/80/69 682/89/69 667/82/69
f 660/83/70 674/88/70 675/90/70
f 667/82/547 683/91/547 668/71/547
f 660/83/72 676/92/72 661/67/72
f 654/69/73 684/93/73 669/94/73
f 910/95/74 668/71/74 683/91/74
f 661/67/75 677/96/75 662/72/75
f 655/73/76 669/94/76 670/97/76
f 662/72/77 678/98/77 663/74/77
f 656/75/78 670/97/78 671/99/78
f 663/74/79 679/84/79 664/76/79
f 657/77/80 671/99/80 672/100/80
f 669/94/81 684/101/81 685/102/81
f 910/103/548 683/91/548 699/104/548
f 676/92/83 693/105/83 677/96/83
f 669/94/549 686/106/549 670/97/549
f 677/96/550 694/107/550 678/98/550
f 671/99/86 686/106/86 687/108/86
f 679/84/87 694/107/87 695/109/87
f 671/99/88 688/110/88 672/100/88
f 679/84/89 696/111/89 680/85/89
f 673/86/551 688/110/551 689/112/551
f 681/87/91 696/111/91 697/113/91
f 673/86/552 690/114/552 674/88/552
f 682/89/93 697/113/93 698/115/93
f 674/88/94 691/116/94 675/90/94
f 683/91/553 698/115/553 699/104/553
f 676/92/554 691/116/554 692/117/554
f 689/112/97 703/134/97 704/118/97
f 697/113/555 711/119/555 712/120/555
f 690/114/99 704/118/99 705/121/99
f 698/115/100 712/120/100 713/122/100
f 691/116/101 705/121/101 706/123/101
f 699/104/556 713/122/556 714/124/556
f 691/116/557 707/125/557 692/117/557
f 685/102/104 684/126/104 700/127/104
f 910/128/105 699/104/105 714/124/105
f 693/105/558 707/125/558 708/129/558
f 686/106/559 700/127/559 701/130/559
f 693/105/108 709/131/108 694/107/108
f 687/108/560 701/130/560 702/132/560
f 694/107/110 710/133/110 695/109/110
f 687/108/111 703/134/111 688/110/111
f 695/109/112 711/119/112 696/111/112
f 707/125/561 723/135/561 708/129/561
f 700/127/562 716/137/562 701/130/562
f 708/129/115 724/138/115 709/131/115
f 701/130/563 717/139/563 702/132/563
f 709/131/117 725/140/117 710/133/117
f 702/132/564 718/141/564 703/134/564
f 711/119/565 725/140/565 726/142/565
f 703/134/566 719/143/566 704/118/566
f 712/120/121 726/142/121 727/144/121
f 705/121/122 719/143/122 720/145/122
f 712/120/123 728/146/123 713/122/123
f 705/121/124 721/147/124 706/123/124
f 713/122/567 729/148/567 714/124/567
f 707/125/568 721/147/568 722/149/568
f 700/127/127 684/150/127 715/136/127
f 910/151/128 714/124/128 729/148/128
f 727/144/129 741/168/129 742/152/129
f 719/143/130 735/154/130 720/145/130
f 728/146/569 742/152/569 743/155/569
f 721/147/132 735/154/132 736/156/132
f 729/148/570 743/155/570 744/157/570
f 721/147/571 737/158/571 722/149/571
f 715/136/135 684/159/135 730/160/135
f 910/161/136 729/148/136 744/157/136
f 722/149/572 738/162/572 723/135/572
f 715/136/573 731/163/573 716/137/573
f 723/135/139 739/164/139 724/138/139
f 716/137/574 732/165/574 717/139/574
f 725/140/575 739/164/575 740/166/575
f 717/139/576 733/167/576 718/141/576
f 725/140/143 741/168/143 726/142/143
f 719/143/577 733/167/577 734/153/577
f 738/162/145 754/170/145 739/164/145
f 732/165/578 746/185/578 747/171/578
f 740/166/579 754/170/579 755/172/579
f 732/165/148 748/173/148 733/167/148
f 740/166/149 756/174/149 741/168/149
f 734/153/150 748/173/150 749/175/150
f 742/152/151 756/174/151 757/176/151
f 734/153/152 750/177/152 735/154/152
f 742/152/153 758/178/153 743/155/153
f 735/154/580 751/179/580 736/156/580
f 743/155/581 759/180/581 744/157/581
f 737/158/582 751/179/582 752/181/582
f 730/160/157 684/182/157 745/183/157
f 910/184/158 744/157/158 759/180/158
f 737/158/583 753/169/583 738/162/583
f 731/163/160 745/183/160 746/185/160
f 757/176/161 773/186/161 758/178/161
f 750/177/162 766/188/162 751/179/162
f 758/178/163 774/189/163 759/180/163
f 751/179/584 767/190/584 752/181/584
f 745/183/165 684/191/165 760/192/165
f 910/193/166 759/180/166 774/189/166
f 752/181/585 768/194/585 753/169/585
f 746/185/168 760/192/168 761/195/168
f 753/169/586 769/196/586 754/170/586
f 746/185/587 762/197/587 747/171/587
f 755/172/588 769/196/588 770/198/588
f 747/171/172 763/199/172 748/173/172
f 755/172/589 771/200/589 756/174/589
f 748/173/590 764/201/590 749/175/590
f 756/174/175 772/202/175 757/176/175
f 749/175/176 765/187/176 750/177/176
f 762/197/177 776/203/177 777/204/177
f 769/196/178 785/205/178 770/198/178
f 763/199/179 777/204/179 778/206/179
f 770/198/591 786/207/591 771/200/591
f 763/199/592 779/208/592 764/201/592
f 772/202/182 786/207/182 787/209/182
f 765/187/183 779/208/183 780/210/183
f 773/186/184 787/209/184 788/211/184
f 766/188/185 780/210/185 781/212/185
f 774/189/593 788/211/593 789/213/593
f 766/188/187 782/214/187 767/190/187
f 760/192/594 684/215/594 775/216/594
f 910/217/189 774/189/189 789/213/189
f 767/190/595 783/218/595 768/194/595
f 760/192/191 776/203/191 761/195/191
f 768/194/192 784/219/192 769/196/192
f 781/212/193 795/220/193 796/221/193
f 789/213/596 803/222/596 804/223/596
f 781/212/195 797/224/195 782/214/195
f 775/216/196 684/225/196 790/226/196
f 910/227/597 789/213/597 804/223/597
f 782/214/598 798/228/598 783/218/598
f 776/203/599 790/226/599 791/229/599
f 783/218/200 799/230/200 784/219/200
f 777/204/600 791/229/600 792/231/600
f 785/205/202 799/230/202 800/232/202
f 778/206/601 792/231/601 793/233/601
f 786/207/204 800/232/204 801/234/204
f 778/206/205 794/235/205 779/208/205
f 786/207/206 802/236/206 787/209/206
f 779/208/602 795/220/602 780/210/602
f 787/209/603 803/222/603 788/211/603
f 799/230/209 815/238/209 800/232/209
f 793/233/210 807/239/210 808/240/210
f 801/234/211 815/238/211 816/241/211
f 794/235/212 808/240/212 809/242/212
f 801/234/213 817/243/213 802/236/213
f 795/220/214 809/242/214 810/244/214
f 803/222/215 817/243/215 818/245/215
f 796/221/216 810/244/216 811/246/216
f 804/223/604 818/245/604 819/247/604
f 796/221/605 812/248/605 797/224/605
f 790/226/606 684/249/606 805/250/606
f 910/251/220 804/223/220 819/247/220
f 798/228/221 812/248/221 813/252/221
f 790/226/607 806/253/607 791/229/607
f 798/228/223 814/237/223 799/230/223
f 791/229/608 807/239/608 792/231/608
f 818/245/609 834/254/609 819/247/609
f 811/246/610 827/255/610 812/248/610
f 805/250/611 684/256/611 820/257/611
f 910/258/612 819/247/612 834/254/612
f 813/252/229 827/255/229 828/259/229
f 806/253/613 820/257/613 821/260/613
f 813/252/231 829/261/231 814/237/231
f 806/253/232 822/262/232 807/239/232
f 815/238/233 829/261/233 830/263/233
f 807/239/234 823/264/234 808/240/234
f 816/241/235 830/263/235 831/265/235
f 808/240/236 824/266/236 809/242/236
f 816/241/614 832/267/614 817/243/614
f 810/244/238 824/266/238 825/268/238
f 818/245/239 832/267/239 833/269/239
f 811/246/240 825/268/240 826/270/240
f 823/264/241 837/271/241 838/272/241
f 831/265/242 845/273/242 846/274/242
f 823/264/243 839/275/243 824/266/243
f 831/265/244 847/276/244 832/267/244
f 824/266/245 840/277/245 825/268/245
f 832/267/615 848/278/615 833/269/615
f 825/268/247 841/279/247 826/270/247
f 833/269/616 849/280/616 834/254/616
f 826/270/617 842/281/617 827/255/617
f 820/257/250 684/282/250 835/283/250
f 910/284/251 834/254/251 849/280/251
f 827/255/252 843/285/252 828/259/252
f 821/260/253 835/283/253 836/286/253
f 828/259/254 844/287/254 829/261/254
f 821/260/255 837/271/255 822/262/255
f 830/263/618 844/287/618 845/273/618
f 842/281/257 856/288/257 857/289/257
f 835/283/258 684/290/258 850/291/258
f 910/292/259 849/280/259 864/293/259
f 842/281/619 858/294/619 843/285/619
f 836/286/261 850/291/261 851/295/261
f 843/285/262 859/296/262 844/287/262
f 836/286/263 852/297/263 837/271/263
f 845/273/264 859/296/264 860/298/264
f 837/271/265 853/299/265 838/272/265
f 845/273/266 861/300/266 846/274/266
f 838/272/620 854/301/620 839/275/620
f 846/274/268 862/302/268 847/276/268
f 839/275/269 855/303/269 840/277/269
f 848/278/270 862/302/270 863/304/270
f 840/277/271 856/288/271 841/279/271
f 848/278/621 864/293/621 849/280/621
f 860/298/273 876/305/273 861/300/273
f 853/299/274 869/307/274 854/301/274
f 861/300/622 877/308/622 862/302/622
f 854/301/276 870/309/276 855/303/276
f 863/304/623 877/308/623 878/310/623
f 855/303/278 871/311/278 856/288/278
f 864/293/624 878/310/624 879/312/624
f 857/289/280 871/311/280 872/313/280
f 850/291/625 684/314/625 865/315/625
f 910/316/282 864/293/282 879/312/282
f 857/289/626 873/317/626 858/294/626
f 850/291/627 866/318/627 851/295/627
f 858/294/285 874/319/285 859/296/285
f 851/295/628 867/320/628 852/297/628
f 860/298/287 874/319/287 875/321/287
f 852/297/288 868/306/288 853/299/288
f 910/322/289 879/312/289 894/323/289
f 872/313/290 888/325/290 873/317/290
f 865/315/629 881/327/629 866/318/629
f 873/317/292 889/328/292 874/319/292
f 867/320/293 881/327/293 882/329/293
f 875/321/294 889/328/294 890/330/294
f 867/320/295 883/331/295 868/306/295
f 876/305/630 890/330/630 891/332/630
f 868/306/631 884/333/631 869/307/631
f 877/308/632 891/332/632 892/334/632
f 869/307/299 885/335/299 870/309/299
f 877/308/633 893/336/633 878/310/633
f 871/311/301 885/335/301 886/337/301
f 879/312/634 893/336/634 894/323/634
f 872/313/635 886/337/635 887/324/635
f 865/315/304 684/338/304 880/326/304
f 891/332/305 907/339/305 892/334/305
f 885/335/306 899/355/306 900/340/306
f 892/334/307 908/341/307 893/336/307
f 885/335/308 901/342/308 886/337/308
f 894/323/636 908/341/636 909/343/636
f 886/337/310 902/344/310 887/324/310
f 880/326/311 684/345/311 895/346/311
f 910/347/637 894/323/637 909/343/637
f 887/324/313 903/348/313 888/325/313
f 880/326/638 896/349/638 881/327/638
f 888/325/639 904/350/639 889/328/639
f 881/327/316 897/351/316 882/329/316
f 889/328/317 905/352/317 890/330/317
f 883/331/318 897/351/318 898/353/318
f 890/330/319 906/354/319 891/332/319
f 883/331/320 899/355/320 884/333/320
f 895/346/321 912/357/321 896/349/321
f 903/348/322 920/358/322 904/350/322
f 896/349/323 913/359/323 897/351/323
f 905/352/324 920/358/324 921/360/324
f 897/351/640 914/361/640 898/353/640
f 905/352/641 922/362/641 906/354/641
f 899/355/327 914/361/327 915/363/327
f 907/339/328 922/362/328 923/364/328
f 899/355/329 916/365/329 900/340/329
f 908/341/330 923/364/330 924/366/330
f 900/340/331 917/367/331 901/342/331
f 909/343/642 924/366/642 925/368/642
f 901/342/333 918/369/333 902/344/333
f 895/346/334 684/370/334 911/356/334
f 910/371/335 909/343/335 925/368/335
f 902/344/336 919/372/336 903/348/336
f 916/365/337 930/373/337 931/374/337
f 923/364/643 939/376/643 924/366/643
f 917/367/339 931/374/339 932/377/339
f 924/366/340 940/378/340 925/368/340
f 917/367/341 933/379/341 918/369/341
f 911/356/342 684/380/342 926/381/342
f 910/382/644 925/368/644 940/378/644
f 918/369/344 934/383/344 919/372/344
f 911/356/645 927/384/645 912/357/645
f 919/372/346 935/385/346 920/358/346
f 913/359/646 927/384/646 928/386/646
f 921/360/348 935/385/348 936/387/348
f 914/361/349 928/386/349 929/388/349
f 922/362/350 936/387/350 937/389/350
f 914/361/647 930/373/647 915/363/647
f 922/362/352 938/375/352 923/364/352
f 934/383/353 950/390/353 935/385/353
f 927/384/354 943/392/354 928/386/354
f 935/385/355 951/393/355 936/387/355
f 928/386/356 944/394/356 929/388/356
f 936/387/357 952/395/357 937/389/357
f 929/388/358 945/396/358 930/373/358
f 937/389/359 953/397/359 938/375/359
f 931/374/360 945/396/360 946/398/360
f 938/375/361 954/399/361 939/376/361
f 932/377/362 946/398/362 947/400/362
f 939/376/648 955/401/648 940/378/648
f 933/379/364 947/400/364 948/402/364
f 926/381/365 684/403/365 941/404/365
f 910/405/366 940/378/366 955/401/366
f 934/383/649 948/402/649 949/406/649
f 927/384/650 941/404/650 942/391/650
f 953/397/369 969/407/369 954/399/369
f 947/400/370 961/408/370 962/409/370
f 954/399/651 970/410/651 955/401/651
f 948/402/372 962/409/372 963/411/372
f 941/404/373 684/412/373 956/413/373
f 910/414/374 955/401/374 970/410/374
f 948/402/375 964/415/375 949/406/375
f 942/391/652 956/413/652 957/416/652
f 949/406/377 965/417/377 950/390/377
f 943/392/653 957/416/653 958/418/653
f 951/393/379 965/417/379 966/419/379
f 944/394/380 958/418/380 959/420/380
f 952/395/381 966/419/381 967/421/381
f 944/394/654 960/422/654 945/396/654
f 952/395/383 968/423/383 953/397/383
f 946/398/384 960/422/384 961/408/384
f 958/426/655 972/454/655 973/425/655
f 965/455/656 981/429/656 966/427/656
f 959/431/387 973/425/387 974/430/387
f 966/427/388 982/432/388 967/433/388
f 960/435/657 974/430/657 975/434/657
f 967/433/390 983/437/390 968/436/390
f 961/439/391 975/434/391 976/438/391
f 968/436/392 984/440/392 969/441/392
f 961/439/393 977/443/393 962/442/393
f 970/444/658 984/440/658 985/445/658
f 963/446/659 977/443/659 978/447/659
f 956/448/396 684/449/396 971/450/396
f 910/451/397 970/444/397 985/445/397
f 963/446/398 979/453/398 964/452/398
f 956/448/399 972/454/399 957/424/399
f 964/452/400 980/428/400 965/455/400
f 977/443/660 991/456/660 992/457/660
f 985/445/661 999/458/661 1000/459/661
f 977/443/662 993/460/662 978/447/662
f 971/450/404 684/461/404 986/462/404
f 910/463/405 985/445/405 1000/459/405
f 978/447/406 994/464/406 979/453/406
f 971/450/663 987/465/663 972/454/663
f 979/453/408 995/466/408 980/428/408
f 973/425/664 987/465/664 988/467/664
f 980/428/410 996/468/410 981/429/410
f 973/425/411 989/469/411 974/430/411
f 981/429/412 997/470/412 982/432/412
f 975/434/413 989/469/413 990/471/413
f 983/437/414 997/470/414 998/472/414
f 976/438/415 990/471/415 991/456/415
f 984/440/665 998/472/665 999/458/665
f 996/468/417 1010/473/417 1011/474/417
f 988/467/418 1004/476/418 989/469/418
f 996/468/666 1012/477/666 997/470/666
f 990/471/667 1004/476/667 1005/478/667
f 997/470/421 1013/479/421 998/472/421
f 990/471/668 1006/480/668 991/456/668
f 998/472/423 1014/481/423 999/458/423
f 992/457/669 1006/480/669 1007/482/669
f 1000/459/425 1014/481/425 1015/483/425
f 992/457/670 1008/484/670 993/460/670
f 986/462/427 684/485/427 1001/486/427
f 910/487/428 1000/459/428 1015/483/428
f 993/460/671 1009/488/671 994/464/671
f 986/462/672 1002/489/672 987/465/672
f 994/464/431 1010/473/431 995/466/431
f 987/465/673 1003/475/673 988/467/673
f 1014/481/674 1030/491/674 1015/483/674
f 1007/482/675 1023/493/675 1008/484/675
f 1001/486/435 684/494/435 1016/495/435
f 910/496/436 1015/483/436 1030/491/436
f 1008/484/676 1024/497/676 1009/488/676
f 1002/489/677 1016/495/677 1017/498/677
f 1009/488/439 1025/499/439 1010/473/439
f 1003/475/440 1017/498/440 1018/500/440
f 1010/473/441 1026/501/441 1011/474/441
f 1003/475/442 1019/502/442 1004/476/442
f 1011/474/678 1027/503/678 1012/477/678
f 1005/478/679 1019/502/679 1020/504/679
f 1013/479/680 1027/503/680 1028/505/680
f 1006/480/446 1020/504/446 1021/506/446
f 1014/481/447 1028/505/447 1029/490/447
f 1006/480/448 1022/492/448 1007/482/448
f 1026/501/449 1042/508/449 1027/503/449
f 1020/504/450 1034/523/450 1035/509/450
f 1027/503/451 1043/510/451 1028/505/451
f 1020/504/452 1036/511/452 1021/506/452
f 1028/505/453 1044/512/453 1029/490/453
f 1021/506/681 1037/513/681 1022/492/681
f 1030/491/682 1044/512/682 1045/514/682
f 1022/492/456 1038/515/456 1023/493/456
f 1016/495/457 684/516/457 1031/517/457
f 910/518/683 1030/491/683 1045/514/683
f 1024/497/459 1038/515/459 1039/519/459
f 1016/495/684 1032/520/684 1017/498/684
f 1024/497/461 1040/521/461 1025/499/461
f 1018/500/685 1032/520/685 1033/522/685
f 1026/501/463 1040/521/463 1041/507/463
f 1018/500/464 1034/523/464 1019/502/464
f 1031/517/465 684/524/465 1046/525/465
f 910/526/466 1045/514/466 1060/527/466
f 1038/515/467 1054/529/467 1039/519/467
f 1031/517/686 1047/530/686 1032/520/686
f 1039/519/469 1055/531/469 1040/521/469
f 1032/520/470 1048/532/470 1033/522/470
f 1040/521/471 1056/533/471 1041/507/471
f 1034/523/472 1048/532/472 1049/534/472
f 1042/508/687 1056/533/687 1057/535/687
f 1034/523/474 1050/536/474 1035/509/474
f 1042/508/475 1058/537/475 1043/510/475
f 1035/509/476 1051/538/476 1036/511/476
f 1043/510/688 1059/539/688 1044/512/688
f 1036/511/478 1052/540/478 1037/513/478
f 1045/514/689 1059/539/689 1060/527/689
f 1037/513/690 1053/528/690 1038/515/690
f 1049/534/691 1065/541/691 1050/536/691
f 1058/537/482 1072/542/482 1073/543/482
f 1050/536/483 1066/544/483 1051/538/483
f 1058/537/484 1074/545/484 1059/539/484
f 1051/538/485 1067/546/485 1052/540/485
f 1059/539/692 1075/547/692 1060/527/692
f 1053/528/693 1067/546/693 1068/548/693
f 1046/525/488 684/549/488 1061/550/488
f 910/551/694 1060/527/694 1075/547/694
f 1053/528/695 1069/552/695 1054/529/695
f 1047/530/696 1061/550/696 1062/553/696
f 1054/529/492 1070/554/492 1055/531/492
f 1048/532/493 1062/553/493 1063/555/493
f 1056/533/494 1070/554/494 1071/556/494
f 1048/532/495 1064/557/495 1049/534/495
f 1057/535/496 1071/556/496 1072/542/496
f 1068/548/697 607/9/697 1069/552/697
f 1061/550/698 1077/11/698 1062/553/698
f 1069/552/499 1080/13/499 1070/554/499
f 1063/555/500 1077/11/500 603/14/500
f 1071/556/501 1080/13/501 608/16/501
f 1063/555/502 1078/19/502 1064/557/502
f 1071/556/503 1081/21/503 1072/542/503
f 1064/557/504 604/22/504 1065/541/504
f 1072/542/699 1082/24/699 1073/543/699
f 1066/544/506 604/22/506 1079/27/506
f 1074/545/507 1082/24/507 1083/29/507
f 1066/544/508 605/30/508 1067/546/508
f 1074/545/700 1084/5/700 1075/547/700
f 1067/546/510 606/7/510 1068/548/510
f 1061/550/511 684/558/511 1076/1/511
f 910/559/701 1075/547/701 1084/5/701
f 1558/1/519 1166/2/519 1091/3/519
f 1392/4/2 1566/5/2 1105/6/2
f 1088/7/520 1099/8/520 1089/9/520
f 1559/11/521 1091/3/521 1092/10/521
f 1089/9/5 1100/12/5 1562/13/5
f 1559/11/6 1093/15/6 1085/14/6
f 1562/13/7 1101/17/7 1090/16/7
f 1560/19/8 1093/15/8 1094/18/8
f 1563/21/702 1101/17/702 1102/20/702
f 1560/19/524 1095/23/524 1086/22/524
f 1563/21/11 1103/25/11 1564/24/11
f 1561/27/12 1095/23/12 1096/26/12
f 1564/24/13 1104/28/13 1565/29/13
f 1087/30/14 1096/26/14 1097/31/14
f 1565/29/15 1105/6/15 1566/5/15
f 1088/7/16 1097/31/16 1098/32/16
f 1104/28/703 1120/34/703 1105/6/703
f 1097/31/528 1113/36/528 1098/32/528
f 1091/3/19 1166/37/19 1106/38/19
f 1392/39/20 1105/6/20 1120/34/20
f 1098/32/529 1114/40/529 1099/8/529
f 1091/3/530 1107/41/530 1092/10/530
f 1100/12/23 1114/40/23 1115/42/23
f 1093/15/531 1107/41/531 1108/43/531
f 1100/12/25 1116/44/25 1101/17/25
f 1094/18/532 1108/43/532 1109/45/532
f 1102/20/27 1116/44/27 1117/46/27
f 1094/18/28 1110/47/28 1095/23/28
f 1103/25/533 1117/46/533 1118/48/533
f 1096/26/30 1110/47/30 1111/49/30
f 1103/25/31 1119/33/31 1104/28/31
f 1096/26/32 1112/35/32 1097/31/32
f 1108/43/33 1124/50/33 1109/45/33
f 1116/44/34 1132/51/34 1117/46/34
f 1109/45/704 1125/52/704 1110/47/704
f 1118/48/536 1132/51/536 1133/53/536
f 1110/47/537 1126/54/537 1111/49/537
f 1118/48/38 1134/55/38 1119/33/38
f 1111/49/39 1127/56/39 1112/35/39
f 1120/34/40 1134/55/40 1135/57/40
f 1113/36/538 1127/56/538 1128/58/538
f 1106/38/42 1166/59/42 1121/60/42
f 1392/61/43 1120/34/43 1135/57/43
f 1113/36/44 1129/62/44 1114/40/44
f 1107/41/705 1121/60/705 1122/63/705
f 1115/42/46 1129/62/46 1130/64/46
f 1108/43/47 1122/63/47 1123/65/47
f 1116/44/540 1130/64/540 1131/66/540
f 1127/56/541 1143/67/541 1128/58/541
f 1121/60/50 1166/68/50 1136/69/50
f 1392/70/542 1135/57/542 1150/71/542
f 1128/58/52 1144/72/52 1129/62/52
f 1122/63/543 1136/69/543 1137/73/543
f 1130/64/544 1144/72/544 1145/74/544
f 1123/65/55 1137/73/55 1138/75/55
f 1131/66/56 1145/74/56 1146/76/56
f 1124/50/57 1138/75/57 1139/77/57
f 1132/51/58 1146/76/58 1147/78/58
f 1124/50/59 1140/79/59 1125/52/59
f 1132/51/60 1148/80/60 1133/53/60
f 1125/52/61 1141/81/61 1126/54/61
f 1133/53/62 1149/82/62 1134/55/62
f 1126/54/545 1142/83/545 1127/56/545
f 1134/55/706 1150/71/706 1135/57/706
f 1146/76/546 1162/85/546 1147/78/546
f 1139/77/66 1155/86/66 1140/79/66
f 1148/80/67 1162/85/67 1163/87/67
f 1141/81/68 1155/86/68 1156/88/68
f 1149/82/69 1163/87/69 1164/89/69
f 1142/83/70 1156/88/70 1157/90/70
f 1150/71/71 1164/89/71 1165/91/71
f 1142/83/72 1158/92/72 1143/67/72
f 1136/69/73 1166/93/73 1151/94/73
f 1392/95/74 1150/71/74 1165/91/74
f 1144/72/707 1158/92/707 1159/96/707
f 1136/69/76 1152/97/76 1137/73/76
f 1144/72/77 1160/98/77 1145/74/77
f 1137/73/78 1153/99/78 1138/75/78
f 1145/74/79 1161/84/79 1146/76/79
f 1138/75/708 1154/100/708 1139/77/708
f 1151/94/81 1166/101/81 1167/102/81
f 1392/103/548 1165/91/548 1181/104/548
f 1158/92/83 1175/105/83 1159/96/83
f 1152/97/549 1167/102/549 1168/106/549
f 1159/96/550 1176/107/550 1160/98/550
f 1153/99/86 1168/106/86 1169/108/86
f 1161/84/87 1176/107/87 1177/109/87
f 1153/99/88 1170/110/88 1154/100/88
f 1162/85/89 1177/109/89 1178/111/89
f 1154/100/551 1171/112/551 1155/86/551
f 1163/87/91 1178/111/91 1179/113/91
f 1155/86/552 1172/114/552 1156/88/552
f 1163/87/93 1180/115/93 1164/89/93
f 1156/88/94 1173/116/94 1157/90/94
f 1164/89/709 1181/104/709 1165/91/709
f 1158/92/554 1173/116/554 1174/117/554
f 1171/112/97 1185/134/97 1186/118/97
f 1179/113/555 1193/119/555 1194/120/555
f 1171/112/99 1187/121/99 1172/114/99
f 1180/115/100 1194/120/100 1195/122/100
f 1172/114/101 1188/123/101 1173/116/101
f 1181/104/710 1195/122/710 1196/124/710
f 1173/116/557 1189/125/557 1174/117/557
f 1167/102/711 1166/126/711 1182/127/711
f 1392/128/105 1181/104/105 1196/124/105
f 1174/117/106 1190/129/106 1175/105/106
f 1167/102/107 1183/130/107 1168/106/107
f 1176/107/108 1190/129/108 1191/131/108
f 1168/106/560 1184/132/560 1169/108/560
f 1177/109/110 1191/131/110 1192/133/110
f 1169/108/111 1185/134/111 1170/110/111
f 1177/109/112 1193/119/112 1178/111/112
f 1189/125/712 1205/135/712 1190/129/712
f 1183/130/562 1197/136/562 1198/137/562
f 1190/129/115 1206/138/115 1191/131/115
f 1183/130/563 1199/139/563 1184/132/563
f 1192/133/117 1206/138/117 1207/140/117
f 1184/132/118 1200/141/118 1185/134/118
f 1193/119/119 1207/140/119 1208/142/119
f 1185/134/566 1201/143/566 1186/118/566
f 1194/120/121 1208/142/121 1209/144/121
f 1186/118/122 1202/145/122 1187/121/122
f 1195/122/713 1209/144/713 1210/146/713
f 1187/121/124 1203/147/124 1188/123/124
f 1195/122/714 1211/148/714 1196/124/714
f 1189/125/568 1203/147/568 1204/149/568
f 1182/127/127 1166/150/127 1197/136/127
f 1392/151/128 1196/124/128 1211/148/128
f 1208/142/129 1224/152/129 1209/144/129
f 1202/145/130 1216/153/130 1217/154/130
f 1210/146/131 1224/152/131 1225/155/131
f 1202/145/132 1218/156/132 1203/147/132
f 1210/146/570 1226/157/570 1211/148/570
f 1204/149/571 1218/156/571 1219/158/571
f 1197/136/135 1166/159/135 1212/160/135
f 1392/161/136 1211/148/136 1226/157/136
f 1204/149/572 1220/162/572 1205/135/572
f 1197/136/138 1213/163/138 1198/137/138
f 1205/135/139 1221/164/139 1206/138/139
f 1198/137/574 1214/165/574 1199/139/574
f 1206/138/575 1222/166/575 1207/140/575
f 1200/141/576 1214/165/576 1215/167/576
f 1207/140/143 1223/168/143 1208/142/143
f 1201/143/577 1215/167/577 1216/153/577
f 1220/162/145 1236/170/145 1221/164/145
f 1214/165/578 1228/185/578 1229/171/578
f 1221/164/147 1237/172/147 1222/166/147
f 1215/167/148 1229/171/148 1230/173/148
f 1223/168/149 1237/172/149 1238/174/149
f 1215/167/150 1231/175/150 1216/153/150
f 1223/168/151 1239/176/151 1224/152/151
f 1217/154/152 1231/175/152 1232/177/152
f 1224/152/153 1240/178/153 1225/155/153
f 1218/156/580 1232/177/580 1233/179/580
f 1226/157/155 1240/178/155 1241/180/155
f 1219/158/715 1233/179/715 1234/181/715
f 1212/160/157 1166/182/157 1227/183/157
f 1392/184/158 1226/157/158 1241/180/158
f 1219/158/716 1235/169/716 1220/162/716
f 1213/163/160 1227/183/160 1228/185/160
f 1239/176/161 1255/186/161 1240/178/161
f 1233/179/162 1247/187/162 1248/188/162
f 1241/180/717 1255/186/717 1256/189/717
f 1234/181/718 1248/188/718 1249/190/718
f 1227/183/165 1166/191/165 1242/192/165
f 1392/193/166 1241/180/166 1256/189/166
f 1234/181/719 1250/194/719 1235/169/719
f 1227/183/720 1243/195/720 1228/185/720
f 1235/169/586 1251/196/586 1236/170/586
f 1229/171/587 1243/195/587 1244/197/587
f 1236/170/588 1252/198/588 1237/172/588
f 1230/173/172 1244/197/172 1245/199/172
f 1238/174/589 1252/198/589 1253/200/589
f 1230/173/721 1246/201/721 1231/175/721
f 1238/174/175 1254/202/175 1239/176/175
f 1232/177/176 1246/201/176 1247/187/176
f 1244/197/177 1258/203/177 1259/204/177
f 1252/198/178 1266/219/178 1267/205/178
f 1245/199/179 1259/204/179 1260/206/179
f 1253/200/180 1267/205/180 1268/207/180
f 1245/199/181 1261/208/181 1246/201/181
f 1253/200/182 1269/209/182 1254/202/182
f 1246/201/183 1262/210/183 1247/187/183
f 1254/202/184 1270/211/184 1255/186/184
f 1247/187/722 1263/212/722 1248/188/722
f 1255/186/186 1271/213/186 1256/189/186
f 1249/190/723 1263/212/723 1264/214/723
f 1242/192/188 1166/215/188 1257/216/188
f 1392/217/189 1256/189/189 1271/213/189
f 1249/190/724 1265/218/724 1250/194/724
f 1243/195/191 1257/216/191 1258/203/191
f 1251/196/192 1265/218/192 1266/219/192
f 1263/212/193 1277/220/193 1278/221/193
f 1270/211/596 1286/223/596 1271/213/596
f 1264/214/195 1278/221/195 1279/224/195
f 1257/216/196 1166/225/196 1272/226/196
f 1392/227/597 1271/213/597 1286/223/597
f 1264/214/598 1280/228/598 1265/218/598
f 1257/216/599 1273/229/599 1258/203/599
f 1265/218/200 1281/230/200 1266/219/200
f 1258/203/600 1274/231/600 1259/204/600
f 1266/219/202 1282/232/202 1267/205/202
f 1259/204/601 1275/233/601 1260/206/601
f 1267/205/204 1283/234/204 1268/207/204
f 1261/208/205 1275/233/205 1276/235/205
f 1269/209/206 1283/234/206 1284/236/206
f 1262/210/602 1276/235/602 1277/220/602
f 1270/211/208 1284/236/208 1285/222/208
f 1281/230/209 1297/238/209 1282/232/209
f 1274/231/210 1290/240/210 1275/233/210
f 1283/234/211 1297/238/211 1298/241/211
f 1276/235/212 1290/240/212 1291/242/212
f 1284/236/213 1298/241/213 1299/243/213
f 1276/235/214 1292/244/214 1277/220/214
f 1285/222/215 1299/243/215 1300/245/215
f 1278/221/216 1292/244/216 1293/246/216
f 1285/222/217 1301/247/217 1286/223/217
f 1278/221/725 1294/248/725 1279/224/725
f 1272/226/606 1166/249/606 1287/250/606
f 1392/251/220 1286/223/220 1301/247/220
f 1279/224/221 1295/252/221 1280/228/221
f 1273/229/222 1287/250/222 1288/253/222
f 1280/228/223 1296/237/223 1281/230/223
f 1274/231/224 1288/253/224 1289/239/224
f 1301/247/225 1315/269/225 1316/254/225
f 1293/246/226 1309/255/226 1294/248/226
f 1287/250/611 1166/256/611 1302/257/611
f 1392/258/612 1301/247/612 1316/254/612
f 1294/248/726 1310/259/726 1295/252/726
f 1287/250/727 1303/260/727 1288/253/727
f 1295/252/231 1311/261/231 1296/237/231
f 1289/239/232 1303/260/232 1304/262/232
f 1297/238/233 1311/261/233 1312/263/233
f 1290/240/234 1304/262/234 1305/264/234
f 1297/238/235 1313/265/235 1298/241/235
f 1291/242/236 1305/264/236 1306/266/236
f 1298/241/614 1314/267/614 1299/243/614
f 1291/242/238 1307/268/238 1292/244/238
f 1299/243/239 1315/269/239 1300/245/239
f 1292/244/240 1308/270/240 1293/246/240
f 1304/262/241 1320/272/241 1305/264/241
f 1312/263/728 1328/274/728 1313/265/728
f 1305/264/243 1321/275/243 1306/266/243
f 1314/267/244 1328/274/244 1329/276/244
f 1306/266/245 1322/277/245 1307/268/245
f 1315/269/246 1329/276/246 1330/278/246
f 1308/270/247 1322/277/247 1323/279/247
f 1316/254/616 1330/278/616 1331/280/616
f 1309/255/617 1323/279/617 1324/281/617
f 1302/257/250 1166/282/250 1317/283/250
f 1392/284/251 1316/254/251 1331/280/251
f 1309/255/252 1325/285/252 1310/259/252
f 1302/257/253 1318/286/253 1303/260/253
f 1310/259/254 1326/287/254 1311/261/254
f 1303/260/255 1319/271/255 1304/262/255
f 1312/263/618 1326/287/618 1327/273/618
f 1323/279/729 1339/289/729 1324/281/729
f 1317/283/258 1166/290/258 1332/291/258
f 1392/292/259 1331/280/259 1346/293/259
f 1324/281/260 1340/294/260 1325/285/260
f 1317/283/261 1333/295/261 1318/286/261
f 1325/285/262 1341/296/262 1326/287/262
f 1318/286/263 1334/297/263 1319/271/263
f 1327/273/264 1341/296/264 1342/298/264
f 1319/271/265 1335/299/265 1320/272/265
f 1328/274/266 1342/298/266 1343/300/266
f 1320/272/620 1336/301/620 1321/275/620
f 1329/276/268 1343/300/268 1344/302/268
f 1321/275/269 1337/303/269 1322/277/269
f 1329/276/270 1345/304/270 1330/278/270
f 1322/277/271 1338/288/271 1323/279/271
f 1331/280/621 1345/304/621 1346/293/621
f 1342/298/273 1358/305/273 1343/300/273
f 1335/299/274 1351/307/274 1336/301/274
f 1343/300/622 1359/308/622 1344/302/622
f 1336/301/276 1352/309/276 1337/303/276
f 1344/302/277 1360/310/277 1345/304/277
f 1337/303/278 1353/311/278 1338/288/278
f 1346/293/730 1360/310/730 1361/312/730
f 1339/289/280 1353/311/280 1354/313/280
f 1332/291/625 1166/314/625 1347/315/625
f 1392/316/282 1346/293/282 1361/312/282
f 1339/289/626 1355/317/626 1340/294/626
f 1333/295/627 1347/315/627 1348/318/627
f 1341/296/285 1355/317/285 1356/319/285
f 1334/297/628 1348/318/628 1349/320/628
f 1341/296/287 1357/321/287 1342/298/287
f 1334/297/288 1350/306/288 1335/299/288
f 1392/322/289 1361/312/289 1376/323/289
f 1354/313/290 1370/325/290 1355/317/290
f 1348/318/291 1362/326/291 1363/327/291
f 1356/319/292 1370/325/292 1371/328/292
f 1348/318/293 1364/329/293 1349/320/293
f 1357/321/294 1371/328/294 1372/330/294
f 1350/306/295 1364/329/295 1365/331/295
f 1357/321/731 1373/332/731 1358/305/731
f 1350/306/631 1366/333/631 1351/307/631
f 1358/305/632 1374/334/632 1359/308/632
f 1351/307/299 1367/335/299 1352/309/299
f 1359/308/633 1375/336/633 1360/310/633
f 1352/309/301 1368/337/301 1353/311/301
f 1361/312/634 1375/336/634 1376/323/634
f 1354/313/635 1368/337/635 1369/324/635
f 1347/315/304 1166/338/304 1362/326/304
f 1373/332/305 1389/339/305 1374/334/305
f 1366/333/306 1382/340/306 1367/335/306
f 1374/334/307 1390/341/307 1375/336/307
f 1367/335/732 1383/342/732 1368/337/732
f 1375/336/733 1391/343/733 1376/323/733
f 1369/324/310 1383/342/310 1384/344/310
f 1362/326/311 1166/345/311 1377/346/311
f 1392/347/637 1376/323/637 1391/343/637
f 1369/324/313 1385/348/313 1370/325/313
f 1363/327/638 1377/346/638 1378/349/638
f 1370/325/315 1386/350/315 1371/328/315
f 1364/329/316 1378/349/316 1379/351/316
f 1372/330/317 1386/350/317 1387/352/317
f 1365/331/318 1379/351/318 1380/353/318
f 1372/330/734 1388/354/734 1373/332/734
f 1365/331/320 1381/355/320 1366/333/320
f 1377/346/321 1394/357/321 1378/349/321
f 1386/350/322 1401/372/322 1402/358/322
f 1379/351/323 1394/357/323 1395/359/323
f 1387/352/324 1402/358/324 1403/360/324
f 1379/351/640 1396/361/640 1380/353/640
f 1388/354/641 1403/360/641 1404/362/641
f 1380/353/327 1397/363/327 1381/355/327
f 1389/339/328 1404/362/328 1405/364/328
f 1381/355/329 1398/365/329 1382/340/329
f 1389/339/330 1406/366/330 1390/341/330
f 1383/342/331 1398/365/331 1399/367/331
f 1391/343/735 1406/366/735 1407/368/735
f 1383/342/333 1400/369/333 1384/344/333
f 1377/346/334 1166/370/334 1393/356/334
f 1392/371/335 1391/343/335 1407/368/335
f 1384/344/336 1401/372/336 1385/348/336
f 1397/363/337 1413/374/337 1398/365/337
f 1405/364/643 1421/376/643 1406/366/643
f 1399/367/339 1413/374/339 1414/377/339
f 1406/366/340 1422/378/340 1407/368/340
f 1399/367/341 1415/379/341 1400/369/341
f 1393/356/342 1166/380/342 1408/381/342
f 1392/382/644 1407/368/644 1422/378/644
f 1401/372/344 1415/379/344 1416/383/344
f 1394/357/645 1408/381/645 1409/384/645
f 1401/372/346 1417/385/346 1402/358/346
f 1394/357/646 1410/386/646 1395/359/646
f 1402/358/348 1418/387/348 1403/360/348
f 1395/359/349 1411/388/349 1396/361/349
f 1403/360/350 1419/389/350 1404/362/350
f 1397/363/647 1411/388/647 1412/373/647
f 1404/362/352 1420/375/352 1405/364/352
f 1416/383/353 1432/390/353 1417/385/353
f 1410/386/354 1424/391/354 1425/392/354
f 1417/385/355 1433/393/355 1418/387/355
f 1410/386/356 1426/394/356 1411/388/356
f 1418/387/357 1434/395/357 1419/389/357
f 1412/373/358 1426/394/358 1427/396/358
f 1419/389/359 1435/397/359 1420/375/359
f 1412/373/360 1428/398/360 1413/374/360
f 1421/376/361 1435/397/361 1436/399/361
f 1413/374/362 1429/400/362 1414/377/362
f 1422/378/648 1436/399/648 1437/401/648
f 1414/377/364 1430/402/364 1415/379/364
f 1408/381/736 1166/403/736 1423/404/736
f 1392/405/366 1422/378/366 1437/401/366
f 1415/379/649 1431/406/649 1416/383/649
f 1408/381/368 1424/391/368 1409/384/368
f 1435/397/369 1451/407/369 1436/399/369
f 1429/400/370 1443/408/370 1444/409/370
f 1437/401/737 1451/407/737 1452/410/737
f 1430/402/372 1444/409/372 1445/411/372
f 1423/404/373 1166/412/373 1438/413/373
f 1392/414/374 1437/401/374 1452/410/374
f 1430/402/375 1446/415/375 1431/406/375
f 1423/404/376 1439/416/376 1424/391/376
f 1431/406/377 1447/417/377 1432/390/377
f 1425/392/653 1439/416/653 1440/418/653
f 1433/393/379 1447/417/379 1448/419/379
f 1425/392/738 1441/420/738 1426/394/738
f 1433/393/381 1449/421/381 1434/395/381
f 1427/396/654 1441/420/654 1442/422/654
f 1435/397/383 1449/421/383 1450/423/383
f 1428/398/384 1442/422/384 1443/408/384
f 1439/424/655 1455/425/655 1440/426/655
f 1447/455/656 1463/429/656 1448/427/656
f 1441/431/387 1455/425/387 1456/430/387
f 1449/433/388 1463/429/388 1464/432/388
f 1442/435/657 1456/430/657 1457/434/657
f 1449/433/390 1465/437/390 1450/436/390
f 1443/439/391 1457/434/391 1458/438/391
f 1451/441/392 1465/437/392 1466/440/392
f 1444/442/393 1458/438/393 1459/443/393
f 1451/441/658 1467/445/658 1452/444/658
f 1445/446/659 1459/443/659 1460/447/659
f 1438/448/396 1166/449/396 1453/450/396
f 1392/451/397 1452/444/397 1467/445/397
f 1446/452/398 1460/447/398 1461/453/398
f 1439/424/739 1453/450/739 1454/454/739
f 1446/452/400 1462/428/400 1447/455/400
f 1459/443/660 1473/456/660 1474/457/660
f 1466/440/661 1482/459/661 1467/445/661
f 1460/447/740 1474/457/740 1475/460/740
f 1453/450/404 1166/461/404 1468/462/404
f 1392/463/405 1467/445/405 1482/459/405
f 1460/447/406 1476/464/406 1461/453/406
f 1454/454/407 1468/462/407 1469/465/407
f 1461/453/408 1477/466/408 1462/428/408
f 1455/425/664 1469/465/664 1470/467/664
f 1462/428/410 1478/468/410 1463/429/410
f 1455/425/411 1471/469/411 1456/430/411
f 1464/432/412 1478/468/412 1479/470/412
f 1457/434/413 1471/469/413 1472/471/413
f 1465/437/414 1479/470/414 1480/472/414
f 1458/438/415 1472/471/415 1473/456/415
f 1465/437/416 1481/458/416 1466/440/416
f 1478/468/417 1492/473/417 1493/474/417
f 1470/467/418 1486/476/418 1471/469/418
f 1478/468/419 1494/477/419 1479/470/419
f 1471/469/741 1487/478/741 1472/471/741
f 1479/470/421 1495/479/421 1480/472/421
f 1473/456/668 1487/478/668 1488/480/668
f 1480/472/423 1496/481/423 1481/458/423
f 1474/457/669 1488/480/669 1489/482/669
f 1481/458/742 1497/483/742 1482/459/742
f 1474/457/670 1490/484/670 1475/460/670
f 1468/462/427 1166/485/427 1483/486/427
f 1392/487/428 1482/459/428 1497/483/428
f 1475/460/671 1491/488/671 1476/464/671
f 1469/465/672 1483/486/672 1484/489/672
f 1476/464/431 1492/473/431 1477/466/431
f 1470/467/673 1484/489/673 1485/475/673
f 1497/483/674 1511/490/674 1512/491/674
f 1490/484/675 1504/492/675 1505/493/675
f 1483/486/435 1166/494/435 1498/495/435
f 1392/496/436 1497/483/436 1512/491/436
f 1490/484/437 1506/497/437 1491/488/437
f 1483/486/438 1499/498/438 1484/489/438
f 1492/473/743 1506/497/743 1507/499/743
f 1484/489/440 1500/500/440 1485/475/440
f 1492/473/441 1508/501/441 1493/474/441
f 1486/476/442 1500/500/442 1501/502/442
f 1493/474/678 1509/503/678 1494/477/678
f 1487/478/444 1501/502/444 1502/504/444
f 1494/477/445 1510/505/445 1495/479/445
f 1488/480/446 1502/504/446 1503/506/446
f 1495/479/447 1511/490/447 1496/481/447
f 1488/480/448 1504/492/448 1489/482/448
f 1508/501/449 1524/508/449 1509/503/449
f 1502/504/450 1516/523/450 1517/509/450
f 1510/505/451 1524/508/451 1525/510/451
f 1502/504/452 1518/511/452 1503/506/452
f 1510/505/453 1526/512/453 1511/490/453
f 1503/506/681 1519/513/681 1504/492/681
f 1512/491/744 1526/512/744 1527/514/744
f 1504/492/456 1520/515/456 1505/493/456
f 1498/495/457 1166/516/457 1513/517/457
f 1392/518/683 1512/491/683 1527/514/683
f 1505/493/459 1521/519/459 1506/497/459
f 1498/495/684 1514/520/684 1499/498/684
f 1507/499/461 1521/519/461 1522/521/461
f 1500/500/685 1514/520/685 1515/522/685
f 1508/501/463 1522/521/463 1523/507/463
f 1500/500/464 1516/523/464 1501/502/464
f 1513/517/745 1166/524/745 1528/525/745
f 1392/526/466 1527/514/466 1542/527/466
f 1520/515/467 1536/529/467 1521/519/467
f 1513/517/468 1529/530/468 1514/520/468
f 1521/519/469 1537/531/469 1522/521/469
f 1515/522/470 1529/530/470 1530/532/470
f 1523/507/471 1537/531/471 1538/533/471
f 1515/522/472 1531/534/472 1516/523/472
f 1523/507/687 1539/535/687 1524/508/687
f 1516/523/474 1532/536/474 1517/509/474
f 1525/510/475 1539/535/475 1540/537/475
f 1517/509/476 1533/538/476 1518/511/476
f 1526/512/688 1540/537/688 1541/539/688
f 1519/513/478 1533/538/478 1534/540/478
f 1527/514/479 1541/539/479 1542/527/479
f 1520/515/690 1534/540/690 1535/528/690
f 1531/534/691 1547/541/691 1532/536/691
f 1540/537/482 1554/542/482 1555/543/482
f 1532/536/483 1548/544/483 1533/538/483
f 1541/539/484 1555/543/484 1556/545/484
f 1533/538/485 1549/546/485 1534/540/485
f 1542/527/746 1556/545/746 1557/547/746
f 1534/540/693 1550/548/693 1535/528/693
f 1528/525/747 1166/549/747 1543/550/747
f 1392/551/694 1542/527/694 1557/547/694
f 1535/528/695 1551/552/695 1536/529/695
f 1528/525/696 1544/553/696 1529/530/696
f 1537/531/492 1551/552/492 1552/554/492
f 1529/530/493 1545/555/493 1530/532/493
f 1537/531/494 1553/556/494 1538/533/494
f 1530/532/495 1546/557/495 1531/534/495
f 1539/535/496 1553/556/496 1554/542/496
f 1550/548/697 1089/9/697 1551/552/697
f 1544/553/698 1558/1/698 1559/11/698
f 1552/554/499 1089/9/499 1562/13/499
f 1545/555/500 1559/11/500 1085/14/500
f 1553/556/501 1562/13/501 1090/16/501
f 1545/555/502 1560/19/502 1546/557/502
f 1553/556/503 1563/21/503 1554/542/503
f 1547/541/504 1560/19/504 1086/22/504
f 1555/543/699 1563/21/699 1564/24/699
f 1547/541/506 1561/27/506 1548/544/506
f 1556/545/507 1564/24/507 1565/29/507
f 1548/544/508 1087/30/508 1549/546/508
f 1556/545/700 1566/5/700 1557/547/700
f 1550/548/510 1087/30/510 1088/7/510
f 1543/550/511 1166/558/511 1558/1/511
f 1392/559/512 1557/547/512 1566/5/512
f 1568/562/515 1569/207/515 1567/563/515
f 1570/78/518 1573/564/518 1569/207/518
f 1574/67/517 1571/206/517 1573/564/517
f 1572/77/514 1567/561/514 1571/206/514
f 1573/564/516 1567/353/516 1569/565/516
f 1570/560/513 1572/77/513 1574/67/513
f 2048/1/1 1656/2/1 1581/3/1
f 1882/4/2 2056/5/2 1595/6/2
f 1579/9/3 1588/32/3 1589/8/3
f 2048/1/748 1582/10/748 2049/11/748
f 1579/9/5 1590/12/5 2052/13/5
f 1575/14/6 1582/10/6 1583/15/6
f 2052/13/7 1591/17/7 1580/16/7
f 2050/19/8 1583/15/8 1584/18/8
f 2053/21/9 1591/17/9 1592/20/9
f 2050/19/10 1585/23/10 1576/22/10
f 2053/21/11 1593/25/11 2054/24/11
f 2051/27/12 1585/23/12 1586/26/12
f 2054/24/525 1594/28/525 2055/29/525
f 1577/30/14 1586/26/14 1587/31/14
f 2056/5/526 1594/28/526 1595/6/526
f 1577/30/749 1588/32/749 1578/7/749
f 1594/28/17 1610/34/17 1595/6/17
f 1587/31/750 1603/36/750 1588/32/750
f 1581/3/19 1656/37/19 1596/38/19
f 1882/39/751 1595/6/751 1610/34/751
f 1588/32/21 1604/40/21 1589/8/21
f 1581/3/22 1597/41/22 1582/10/22
f 1589/8/23 1605/42/23 1590/12/23
f 1582/10/24 1598/43/24 1583/15/24
f 1591/17/25 1605/42/25 1606/44/25
f 1584/18/26 1598/43/26 1599/45/26
f 1592/20/752 1606/44/752 1607/46/752
f 1584/18/28 1600/47/28 1585/23/28
f 1592/20/29 1608/48/29 1593/25/29
f 1585/23/30 1601/49/30 1586/26/30
f 1594/28/31 1608/48/31 1609/33/31
f 1587/31/32 1601/49/32 1602/35/32
f 1598/43/534 1614/50/534 1599/45/534
f 1607/46/753 1621/66/753 1622/51/753
f 1599/45/754 1615/52/754 1600/47/754
f 1608/48/536 1622/51/536 1623/53/536
f 1600/47/37 1616/54/37 1601/49/37
f 1609/33/38 1623/53/38 1624/55/38
f 1602/35/755 1616/54/755 1617/56/755
f 1609/33/40 1625/57/40 1610/34/40
f 1602/35/756 1618/58/756 1603/36/756
f 1596/38/757 1656/59/757 1611/60/757
f 1882/61/758 1610/34/758 1625/57/758
f 1604/40/44 1618/58/44 1619/62/44
f 1597/41/759 1611/60/759 1612/63/759
f 1604/40/760 1620/64/760 1605/42/760
f 1597/41/47 1613/65/47 1598/43/47
f 1605/42/540 1621/66/540 1606/44/540
f 1617/56/761 1633/67/761 1618/58/761
f 1611/60/50 1656/68/50 1626/69/50
f 1882/70/542 1625/57/542 1640/71/542
f 1619/62/52 1633/67/52 1634/72/52
f 1612/63/543 1626/69/543 1627/73/543
f 1619/62/544 1635/74/544 1620/64/544
f 1612/63/762 1628/75/762 1613/65/762
f 1620/64/56 1636/76/56 1621/66/56
f 1614/50/57 1628/75/57 1629/77/57
f 1621/66/58 1637/78/58 1622/51/58
f 1614/50/59 1630/79/59 1615/52/59
f 1622/51/60 1638/80/60 1623/53/60
f 1616/54/61 1630/79/61 1631/81/61
f 1624/55/62 1638/80/62 1639/82/62
f 1617/56/63 1631/81/63 1632/83/63
f 1624/55/706 1640/71/706 1625/57/706
f 1637/78/763 1651/84/763 1652/85/763
f 1629/77/66 1645/86/66 1630/79/66
f 1637/78/764 1653/87/764 1638/80/764
f 1631/81/68 1645/86/68 1646/88/68
f 1639/82/69 1653/87/69 1654/89/69
f 1631/81/70 1647/90/70 1632/83/70
f 1640/71/547 1654/89/547 1655/91/547
f 1632/83/72 1648/92/72 1633/67/72
f 1626/69/73 1656/93/73 1641/94/73
f 1882/95/74 1640/71/74 1655/91/74
f 1633/67/75 1649/96/75 1634/72/75
f 1626/69/765 1642/97/765 1627/73/765
f 1635/74/766 1649/96/766 1650/98/766
f 1627/73/78 1643/99/78 1628/75/78
f 1636/76/79 1650/98/79 1651/84/79
f 1629/77/708 1643/99/708 1644/100/708
f 1641/94/767 1656/101/767 1657/102/767
f 1882/103/768 1655/91/768 1671/104/768
f 1648/92/83 1665/105/83 1649/96/83
f 1641/94/84 1658/106/84 1642/97/84
f 1649/96/550 1666/107/550 1650/98/550
f 1643/99/86 1658/106/86 1659/108/86
f 1650/98/87 1667/109/87 1651/84/87
f 1644/100/88 1659/108/88 1660/110/88
f 1652/85/89 1667/109/89 1668/111/89
f 1644/100/551 1661/112/551 1645/86/551
f 1652/85/91 1669/113/91 1653/87/91
f 1645/86/552 1662/114/552 1646/88/552
f 1653/87/93 1670/115/93 1654/89/93
f 1646/88/94 1663/116/94 1647/90/94
f 1655/91/769 1670/115/769 1671/104/769
f 1648/92/770 1663/116/770 1664/117/770
f 1660/110/97 1676/118/97 1661/112/97
f 1668/111/555 1684/120/555 1669/113/555
f 1662/114/771 1676/118/771 1677/121/771
f 1669/113/100 1685/122/100 1670/115/100
f 1663/116/101 1677/121/101 1678/123/101
f 1671/104/102 1685/122/102 1686/124/102
f 1663/116/772 1679/125/772 1664/117/772
f 1657/102/773 1656/126/773 1672/127/773
f 1882/128/774 1671/104/774 1686/124/774
f 1664/117/558 1680/129/558 1665/105/558
f 1658/106/107 1672/127/107 1673/130/107
f 1665/105/108 1681/131/108 1666/107/108
f 1659/108/560 1673/130/560 1674/132/560
f 1666/107/110 1682/133/110 1667/109/110
f 1660/110/111 1674/132/111 1675/134/111
f 1668/111/112 1682/133/112 1683/119/112
f 1680/129/113 1694/149/113 1695/135/113
f 1673/130/775 1687/136/775 1688/137/775
f 1680/129/115 1696/138/115 1681/131/115
f 1674/132/563 1688/137/563 1689/139/563
f 1682/133/117 1696/138/117 1697/140/117
f 1674/132/118 1690/141/118 1675/134/118
f 1683/119/119 1697/140/119 1698/142/119
f 1675/134/566 1691/143/566 1676/118/566
f 1684/120/121 1698/142/121 1699/144/121
f 1676/118/776 1692/145/776 1677/121/776
f 1684/120/123 1700/146/123 1685/122/123
f 1678/123/124 1692/145/124 1693/147/124
f 1685/122/714 1701/148/714 1686/124/714
f 1678/123/568 1694/149/568 1679/125/568
f 1672/127/127 1656/150/127 1687/136/127
f 1882/151/128 1686/124/128 1701/148/128
f 1698/142/129 1714/152/129 1699/144/129
f 1691/143/130 1707/154/130 1692/145/130
f 1700/146/131 1714/152/131 1715/155/131
f 1693/147/132 1707/154/132 1708/156/132
f 1700/146/777 1716/157/777 1701/148/777
f 1694/149/778 1708/156/778 1709/158/778
f 1687/136/135 1656/159/135 1702/160/135
f 1882/161/136 1701/148/136 1716/157/136
f 1694/149/779 1710/162/779 1695/135/779
f 1688/137/573 1702/160/573 1703/163/573
f 1695/135/780 1711/164/780 1696/138/780
f 1688/137/574 1704/165/574 1689/139/574
f 1697/140/141 1711/164/141 1712/166/141
f 1690/141/142 1704/165/142 1705/167/142
f 1697/140/143 1713/168/143 1698/142/143
f 1691/143/577 1705/167/577 1706/153/577
f 1710/162/145 1726/170/145 1711/164/145
f 1703/163/781 1719/171/781 1704/165/781
f 1712/166/147 1726/170/147 1727/172/147
f 1704/165/782 1720/173/782 1705/167/782
f 1712/166/149 1728/174/149 1713/168/149
f 1706/153/150 1720/173/150 1721/175/150
f 1713/168/151 1729/176/151 1714/152/151
f 1706/153/783 1722/177/783 1707/154/783
f 1715/155/784 1729/176/784 1730/178/784
f 1708/156/154 1722/177/154 1723/179/154
f 1715/155/155 1731/180/155 1716/157/155
f 1709/158/785 1723/179/785 1724/181/785
f 1702/160/786 1656/182/786 1717/183/786
f 1882/184/787 1716/157/787 1731/180/787
f 1709/158/716 1725/169/716 1710/162/716
f 1702/160/160 1718/185/160 1703/163/160
f 1730/178/788 1744/202/788 1745/186/788
f 1722/177/162 1738/188/162 1723/179/162
f 1730/178/789 1746/189/789 1731/180/789
f 1723/179/718 1739/190/718 1724/181/718
f 1717/183/790 1656/191/790 1732/192/790
f 1882/193/166 1731/180/166 1746/189/166
f 1725/169/167 1739/190/167 1740/194/167
f 1718/185/168 1732/192/168 1733/195/168
f 1726/170/586 1740/194/586 1741/196/586
f 1718/185/587 1734/197/587 1719/171/587
f 1727/172/588 1741/196/588 1742/198/588
f 1719/171/172 1735/199/172 1720/173/172
f 1728/174/173 1742/198/173 1743/200/173
f 1720/173/721 1736/201/721 1721/175/721
f 1729/176/791 1743/200/791 1744/202/791
f 1721/175/792 1737/187/792 1722/177/792
f 1734/197/177 1748/203/177 1749/204/177
f 1741/196/178 1757/205/178 1742/198/178
f 1735/199/793 1749/204/793 1750/206/793
f 1742/198/794 1758/207/794 1743/200/794
f 1736/201/592 1750/206/592 1751/208/592
f 1743/200/182 1759/209/182 1744/202/182
f 1737/187/183 1751/208/183 1752/210/183
f 1744/202/184 1760/211/184 1745/186/184
f 1738/188/722 1752/210/722 1753/212/722
f 1745/186/593 1761/213/593 1746/189/593
f 1739/190/187 1753/212/187 1754/214/187
f 1732/192/594 1656/215/594 1747/216/594
f 1882/217/189 1746/189/189 1761/213/189
f 1739/190/190 1755/218/190 1740/194/190
f 1732/192/191 1748/203/191 1733/195/191
f 1740/194/795 1756/219/795 1741/196/795
f 1752/210/193 1768/221/193 1753/212/193
f 1761/213/796 1775/222/796 1776/223/796
f 1753/212/195 1769/224/195 1754/214/195
f 1747/216/196 1656/225/196 1762/226/196
f 1882/227/597 1761/213/597 1776/223/597
f 1754/214/598 1770/228/598 1755/218/598
f 1748/203/599 1762/226/599 1763/229/599
f 1755/218/200 1771/230/200 1756/219/200
f 1749/204/600 1763/229/600 1764/231/600
f 1756/219/202 1772/232/202 1757/205/202
f 1749/204/203 1765/233/203 1750/206/203
f 1758/207/204 1772/232/204 1773/234/204
f 1750/206/205 1766/235/205 1751/208/205
f 1759/209/206 1773/234/206 1774/236/206
f 1751/208/602 1767/220/602 1752/210/602
f 1759/209/603 1775/222/603 1760/211/603
f 1771/230/209 1787/238/209 1772/232/209
f 1765/233/210 1779/239/210 1780/240/210
f 1772/232/797 1788/241/797 1773/234/797
f 1766/235/798 1780/240/798 1781/242/798
f 1773/234/213 1789/243/213 1774/236/213
f 1767/220/214 1781/242/214 1782/244/214
f 1774/236/799 1790/245/799 1775/222/799
f 1768/221/216 1782/244/216 1783/246/216
f 1776/223/604 1790/245/604 1791/247/604
f 1768/221/725 1784/248/725 1769/224/725
f 1762/226/606 1656/249/606 1777/250/606
f 1882/251/220 1776/223/220 1791/247/220
f 1770/228/800 1784/248/800 1785/252/800
f 1762/226/801 1778/253/801 1763/229/801
f 1770/228/802 1786/237/802 1771/230/802
f 1764/231/608 1778/253/608 1779/239/608
f 1791/247/225 1805/269/225 1806/254/225
f 1784/248/610 1798/270/610 1799/255/610
f 1777/250/803 1656/256/803 1792/257/803
f 1882/258/804 1791/247/804 1806/254/804
f 1784/248/229 1800/259/229 1785/252/229
f 1777/250/805 1793/260/805 1778/253/805
f 1786/237/231 1800/259/231 1801/261/231
f 1778/253/232 1794/262/232 1779/239/232
f 1786/237/233 1802/263/233 1787/238/233
f 1779/239/234 1795/264/234 1780/240/234
f 1787/238/806 1803/265/806 1788/241/806
f 1781/242/236 1795/264/236 1796/266/236
f 1789/243/614 1803/265/614 1804/267/614
f 1782/244/807 1796/266/807 1797/268/807
f 1789/243/239 1805/269/239 1790/245/239
f 1782/244/240 1798/270/240 1783/246/240
f 1795/264/241 1809/271/241 1810/272/241
f 1802/263/808 1818/274/808 1803/265/808
f 1795/264/243 1811/275/243 1796/266/243
f 1803/265/809 1819/276/809 1804/267/809
f 1796/266/245 1812/277/245 1797/268/245
f 1805/269/810 1819/276/810 1820/278/810
f 1797/268/247 1813/279/247 1798/270/247
f 1805/269/616 1821/280/616 1806/254/616
f 1799/255/617 1813/279/617 1814/281/617
f 1792/257/250 1656/282/250 1807/283/250
f 1882/284/811 1806/254/811 1821/280/811
f 1799/255/252 1815/285/252 1800/259/252
f 1793/260/812 1807/283/812 1808/286/812
f 1801/261/254 1815/285/254 1816/287/254
f 1794/262/255 1808/286/255 1809/271/255
f 1802/263/618 1816/287/618 1817/273/618
f 1814/281/729 1828/288/729 1829/289/729
f 1807/283/258 1656/290/258 1822/291/258
f 1882/292/259 1821/280/259 1836/293/259
f 1814/281/260 1830/294/260 1815/285/260
f 1807/283/813 1823/295/813 1808/286/813
f 1816/287/262 1830/294/262 1831/296/262
f 1809/271/263 1823/295/263 1824/297/263
f 1816/287/264 1832/298/264 1817/273/264
f 1809/271/265 1825/299/265 1810/272/265
f 1818/274/814 1832/298/814 1833/300/814
f 1811/275/620 1825/299/620 1826/301/620
f 1818/274/268 1834/302/268 1819/276/268
f 1812/277/269 1826/301/269 1827/303/269
f 1820/278/815 1834/302/815 1835/304/815
f 1812/277/271 1828/288/271 1813/279/271
f 1821/280/816 1835/304/816 1836/293/816
f 1832/298/273 1848/305/273 1833/300/273
f 1826/301/274 1840/306/274 1841/307/274
f 1834/302/622 1848/305/622 1849/308/622
f 1827/303/276 1841/307/276 1842/309/276
f 1835/304/817 1849/308/817 1850/310/817
f 1827/303/278 1843/311/278 1828/288/278
f 1835/304/279 1851/312/279 1836/293/279
f 1829/289/280 1843/311/280 1844/313/280
f 1822/291/625 1656/314/625 1837/315/625
f 1882/316/282 1836/293/282 1851/312/282
f 1829/289/283 1845/317/283 1830/294/283
f 1823/295/627 1837/315/627 1838/318/627
f 1830/294/285 1846/319/285 1831/296/285
f 1823/295/628 1839/320/628 1824/297/628
f 1831/296/287 1847/321/287 1832/298/287
f 1825/299/288 1839/320/288 1840/306/288
f 1882/322/818 1851/312/818 1866/323/818
f 1844/313/290 1860/325/290 1845/317/290
f 1837/315/629 1853/327/629 1838/318/629
f 1846/319/292 1860/325/292 1861/328/292
f 1838/318/819 1854/329/819 1839/320/819
f 1847/321/820 1861/328/820 1862/330/820
f 1839/320/295 1855/331/295 1840/306/295
f 1847/321/731 1863/332/731 1848/305/731
f 1841/307/631 1855/331/631 1856/333/631
f 1848/305/298 1864/334/298 1849/308/298
f 1842/309/299 1856/333/299 1857/335/299
f 1850/310/633 1864/334/633 1865/336/633
f 1842/309/301 1858/337/301 1843/311/301
f 1851/312/634 1865/336/634 1866/323/634
f 1844/313/635 1858/337/635 1859/324/635
f 1837/315/821 1656/338/821 1852/326/821
f 1864/334/822 1878/354/822 1879/339/822
f 1857/335/306 1871/355/306 1872/340/306
f 1864/334/307 1880/341/307 1865/336/307
f 1857/335/308 1873/342/308 1858/337/308
f 1866/323/309 1880/341/309 1881/343/309
f 1858/337/823 1874/344/823 1859/324/823
f 1852/326/311 1656/345/311 1867/346/311
f 1882/347/637 1866/323/637 1881/343/637
f 1860/325/824 1874/344/824 1875/348/824
f 1852/326/638 1868/349/638 1853/327/638
f 1860/325/315 1876/350/315 1861/328/315
f 1854/329/316 1868/349/316 1869/351/316
f 1862/330/317 1876/350/317 1877/352/317
f 1854/329/825 1870/353/825 1855/331/825
f 1863/332/734 1877/352/734 1878/354/734
f 1855/331/826 1871/355/826 1856/333/826
f 1868/349/321 1883/356/321 1884/357/321
f 1875/348/322 1892/358/322 1876/350/322
f 1869/351/323 1884/357/323 1885/359/323
f 1876/350/324 1893/360/324 1877/352/324
f 1870/353/640 1885/359/640 1886/361/640
f 1877/352/641 1894/362/641 1878/354/641
f 1871/355/327 1886/361/327 1887/363/327
f 1878/354/827 1895/364/827 1879/339/827
f 1872/340/329 1887/363/329 1888/365/329
f 1879/339/330 1896/366/330 1880/341/330
f 1873/342/331 1888/365/331 1889/367/331
f 1880/341/332 1897/368/332 1881/343/332
f 1873/342/333 1890/369/333 1874/344/333
f 1867/346/334 1656/370/334 1883/356/334
f 1882/371/335 1881/343/335 1897/368/335
f 1875/348/336 1890/369/336 1891/372/336
f 1887/363/337 1903/374/337 1888/365/337
f 1896/366/643 1910/375/643 1911/376/643
f 1889/367/339 1903/374/339 1904/377/339
f 1897/368/828 1911/376/828 1912/378/828
f 1890/369/829 1904/377/829 1905/379/829
f 1883/356/830 1656/380/830 1898/381/830
f 1882/382/831 1897/368/831 1912/378/831
f 1890/369/344 1906/383/344 1891/372/344
f 1884/357/345 1898/381/345 1899/384/345
f 1892/358/346 1906/383/346 1907/385/346
f 1884/357/347 1900/386/347 1885/359/347
f 1893/360/348 1907/385/348 1908/387/348
f 1885/359/832 1901/388/832 1886/361/832
f 1893/360/350 1909/389/350 1894/362/350
f 1887/363/647 1901/388/647 1902/373/647
f 1895/364/352 1909/389/352 1910/375/352
f 1906/383/353 1922/390/353 1907/385/353
f 1899/384/354 1915/392/354 1900/386/354
f 1907/385/355 1923/393/355 1908/387/355
f 1901/388/356 1915/392/356 1916/394/356
f 1908/387/357 1924/395/357 1909/389/357
f 1902/373/358 1916/394/358 1917/396/358
f 1909/389/833 1925/397/833 1910/375/833
f 1902/373/360 1918/398/360 1903/374/360
f 1911/376/834 1925/397/834 1926/399/834
f 1903/374/362 1919/400/362 1904/377/362
f 1911/376/835 1927/401/835 1912/378/835
f 1904/377/836 1920/402/836 1905/379/836
f 1898/381/365 1656/403/365 1913/404/365
f 1882/405/366 1912/378/366 1927/401/366
f 1905/379/367 1921/406/367 1906/383/367
f 1898/381/837 1914/391/837 1899/384/837
f 1925/397/369 1941/407/369 1926/399/369
f 1919/400/838 1933/408/838 1934/409/838
f 1926/399/737 1942/410/737 1927/401/737
f 1920/402/839 1934/409/839 1935/411/839
f 1913/404/373 1656/412/373 1928/413/373
f 1882/414/374 1927/401/374 1942/410/374
f 1920/402/840 1936/415/840 1921/406/840
f 1914/391/841 1928/413/841 1929/416/841
f 1921/406/377 1937/417/377 1922/390/377
f 1915/392/653 1929/416/653 1930/418/653
f 1922/390/379 1938/419/379 1923/393/379
f 1915/392/380 1931/420/380 1916/394/380
f 1924/395/381 1938/419/381 1939/421/381
f 1916/394/654 1932/422/654 1917/396/654
f 1925/397/842 1939/421/842 1940/423/842
f 1918/398/384 1932/422/384 1933/408/384
f 1929/424/385 1945/425/385 1930/426/385
f 1938/427/656 1952/428/656 1953/429/656
f 1931/431/843 1945/425/843 1946/430/843
f 1939/433/388 1953/429/388 1954/432/388
f 1932/435/657 1946/430/657 1947/434/657
f 1939/433/390 1955/437/390 1940/436/390
f 1932/435/391 1948/438/391 1933/439/391
f 1941/441/392 1955/437/392 1956/440/392
f 1934/442/393 1948/438/393 1949/443/393
f 1942/444/658 1956/440/658 1957/445/658
f 1934/442/844 1950/447/844 1935/446/844
f 1928/448/845 1656/449/845 1943/450/845
f 1882/451/846 1942/444/846 1957/445/846
f 1935/446/847 1951/453/847 1936/452/847
f 1928/448/739 1944/454/739 1929/424/739
f 1936/452/400 1952/428/400 1937/455/400
f 1949/443/660 1963/456/660 1964/457/660
f 1957/445/848 1971/458/848 1972/459/848
f 1950/447/662 1964/457/662 1965/460/662
f 1943/450/404 1656/461/404 1958/462/404
f 1882/463/405 1957/445/405 1972/459/405
f 1951/453/849 1965/460/849 1966/464/849
f 1943/450/850 1959/465/850 1944/454/850
f 1951/453/408 1967/466/408 1952/428/408
f 1945/425/851 1959/465/851 1960/467/851
f 1953/429/410 1967/466/410 1968/468/410
f 1945/425/411 1961/469/411 1946/430/411
f 1954/432/412 1968/468/412 1969/470/412
f 1946/430/413 1962/471/413 1947/434/413
f 1955/437/414 1969/470/414 1970/472/414
f 1947/434/415 1963/456/415 1948/438/415
f 1955/437/665 1971/458/665 1956/440/665
f 1967/466/417 1983/474/417 1968/468/417
f 1961/469/418 1975/475/418 1976/476/418
f 1969/470/666 1983/474/666 1984/477/666
f 1961/469/741 1977/478/741 1962/471/741
f 1969/470/852 1985/479/852 1970/472/852
f 1963/456/668 1977/478/668 1978/480/668
f 1970/472/853 1986/481/853 1971/458/853
f 1964/457/669 1978/480/669 1979/482/669
f 1971/458/742 1987/483/742 1972/459/742
f 1964/457/854 1980/484/854 1965/460/854
f 1958/462/855 1656/485/855 1973/486/855
f 1882/487/428 1972/459/428 1987/483/428
f 1965/460/429 1981/488/429 1966/464/429
f 1958/462/672 1974/489/672 1959/465/672
f 1966/464/431 1982/473/431 1967/466/431
f 1960/467/432 1974/489/432 1975/475/432
f 1987/483/433 2001/490/433 2002/491/433
f 1980/484/675 1994/492/675 1995/493/675
f 1973/486/856 1656/494/856 1988/495/856
f 1882/496/436 1987/483/436 2002/491/436
f 1980/484/676 1996/497/676 1981/488/676
f 1973/486/438 1989/498/438 1974/489/438
f 1982/473/743 1996/497/743 1997/499/743
f 1974/489/440 1990/500/440 1975/475/440
f 1983/474/441 1997/499/441 1998/501/441
f 1976/476/442 1990/500/442 1991/502/442
f 1984/477/857 1998/501/857 1999/503/857
f 1976/476/444 1992/504/444 1977/478/444
f 1984/477/445 2000/505/445 1985/479/445
f 1978/480/446 1992/504/446 1993/506/446
f 1985/479/447 2001/490/447 1986/481/447
f 1978/480/448 1994/492/448 1979/482/448
f 1998/501/449 2014/508/449 1999/503/449
f 1991/502/450 2007/509/450 1992/504/450
f 1999/503/858 2015/510/858 2000/505/858
f 1992/504/859 2008/511/859 1993/506/859
f 2001/490/453 2015/510/453 2016/512/453
f 1993/506/681 2009/513/681 1994/492/681
f 2001/490/860 2017/514/860 2002/491/860
f 1994/492/456 2010/515/456 1995/493/456
f 1988/495/457 1656/516/457 2003/517/457
f 1882/518/683 2002/491/683 2017/514/683
f 1995/493/459 2011/519/459 1996/497/459
f 1989/498/684 2003/517/684 2004/520/684
f 1997/499/461 2011/519/461 2012/521/461
f 1989/498/685 2005/522/685 1990/500/685
f 1997/499/463 2013/507/463 1998/501/463
f 1991/502/861 2005/522/861 2006/523/861
f 2003/517/745 1656/524/745 2018/525/745
f 1882/526/466 2017/514/466 2032/527/466
f 2010/515/862 2026/529/862 2011/519/862
f 2003/517/686 2019/530/686 2004/520/686
f 2011/519/469 2027/531/469 2012/521/469
f 2004/520/470 2020/532/470 2005/522/470
f 2012/521/471 2028/533/471 2013/507/471
f 2006/523/472 2020/532/472 2021/534/472
f 2014/508/687 2028/533/687 2029/535/687
f 2006/523/474 2022/536/474 2007/509/474
f 2014/508/475 2030/537/475 2015/510/475
f 2008/511/476 2022/536/476 2023/538/476
f 2016/512/688 2030/537/688 2031/539/688
f 2009/513/478 2023/538/478 2024/540/478
f 2016/512/689 2032/527/689 2017/514/689
f 2009/513/690 2025/528/690 2010/515/690
f 2021/534/691 2037/541/691 2022/536/691
f 2029/535/482 2045/543/482 2030/537/482
f 2022/536/483 2038/544/483 2023/538/483
f 2030/537/863 2046/545/863 2031/539/863
f 2024/540/485 2038/544/485 2039/546/485
f 2032/527/864 2046/545/864 2047/547/864
f 2024/540/693 2040/548/693 2025/528/693
f 2018/525/865 1656/549/865 2033/550/865
f 1882/551/866 2032/527/866 2047/547/866
f 2026/529/490 2040/548/490 2041/552/490
f 2018/525/867 2034/553/867 2019/530/867
f 2026/529/492 2042/554/492 2027/531/492
f 2020/532/493 2034/553/493 2035/555/493
f 2028/533/494 2042/554/494 2043/556/494
f 2021/534/495 2035/555/495 2036/557/495
f 2029/535/496 2043/556/496 2044/542/496
f 2041/552/697 1578/7/697 1579/9/697
f 2034/553/868 2048/1/868 2049/11/868
f 2041/552/499 2052/13/499 2042/554/499
f 2034/553/500 1575/14/500 2035/555/500
f 2042/554/501 1580/16/501 2043/556/501
f 2036/557/502 1575/14/502 2050/19/502
f 2043/556/503 2053/21/503 2044/542/503
f 2036/557/504 1576/22/504 2037/541/504
f 2044/542/699 2054/24/699 2045/543/699
f 2037/541/506 2051/27/506 2038/544/506
f 2046/545/869 2054/24/869 2055/29/869
f 2039/546/508 2051/27/508 1577/30/508
f 2046/545/870 2056/5/870 2047/547/870
f 2039/546/871 1578/7/871 2040/548/871
f 2033/550/511 1656/558/511 2048/1/511
f 1882/559/701 2047/547/701 2056/5/701
f 4/7/3 14/32/3 15/8/3
f 474/1/872 7/3/872 8/10/872
f 5/9/5 15/8/5 16/12/5
f 1/14/522 475/11/522 8/10/522
f 6/16/7 478/13/7 16/12/7
f 1/14/8 9/15/8 10/18/8
f 6/16/523 17/17/523 18/20/523
f 2/22/10 476/19/10 10/18/10
f 480/24/11 479/21/11 18/20/11
f 2/22/12 11/23/12 12/26/12
f 480/24/525 19/25/525 20/28/525
f 3/30/14 477/27/14 12/26/14
f 481/29/873 20/28/873 21/6/873
f 4/7/16 3/30/16 13/31/16
f 21/6/527 20/28/527 35/33/527
f 14/32/750 13/31/750 28/35/750
f 14/32/21 29/36/21 30/40/21
f 7/3/874 22/38/874 23/41/874
f 16/12/23 15/8/23 30/40/23
f 9/15/531 8/10/531 23/41/531
f 17/17/875 16/12/875 31/42/875
f 9/15/532 24/43/532 25/45/532
f 17/17/27 32/44/27 33/46/27
f 10/18/28 25/45/28 26/47/28
f 19/25/533 18/20/533 33/46/533
f 11/23/30 26/47/30 27/49/30
f 19/25/876 34/48/876 35/33/876
f 12/26/32 27/49/32 28/35/32
f 24/43/534 39/65/534 40/50/534
f 32/44/34 47/66/34 48/51/34
f 25/45/704 40/50/704 41/52/704
f 33/46/536 48/51/536 49/53/536
f 27/49/537 26/47/537 41/52/537
f 35/33/38 34/48/38 49/53/38
f 27/49/39 42/54/39 43/56/39
f 36/34/877 35/33/877 50/55/877
f 28/35/538 43/56/538 44/58/538
f 30/40/878 29/36/878 44/58/878
f 23/41/879 22/38/879 37/60/879
f 31/42/46 30/40/46 45/62/46
f 23/41/47 38/63/47 39/65/47
f 32/44/540 31/42/540 46/64/540
f 43/56/541 58/83/541 59/67/541
f 45/62/880 44/58/880 59/67/880
f 37/60/543 52/69/543 53/73/543
f 46/64/544 45/62/544 60/72/544
f 38/63/55 53/73/55 54/75/55
f 46/64/56 61/74/56 62/76/56
f 40/50/57 39/65/57 54/75/57
f 47/66/58 62/76/58 63/78/58
f 40/50/59 55/77/59 56/79/59
f 48/51/60 63/78/60 64/80/60
f 42/54/61 41/52/61 56/79/61
f 49/53/62 64/80/62 65/82/62
f 42/54/545 57/81/545 58/83/545
f 51/57/706 50/55/706 65/82/706
f 63/78/546 62/76/546 77/84/546
f 55/77/881 70/100/881 71/86/881
f 63/78/67 78/85/67 79/87/67
f 56/79/68 71/86/68 72/88/68
f 65/82/69 64/80/69 79/87/69
f 57/81/70 72/88/70 73/90/70
f 65/82/547 80/89/547 81/91/547
f 58/83/72 73/90/72 74/92/72
f 59/67/75 74/92/75 75/96/75
f 53/73/765 52/69/765 67/94/765
f 60/72/77 75/96/77 76/98/77
f 53/73/78 68/97/78 69/99/78
f 62/76/79 61/74/79 76/98/79
f 55/77/708 54/75/708 69/99/708
f 74/92/882 90/117/882 91/105/882
f 67/94/84 83/102/84 84/106/84
f 76/98/550 75/96/550 91/105/550
f 68/97/86 84/106/86 85/108/86
f 76/98/87 92/107/87 93/109/87
f 70/100/88 69/99/88 85/108/88
f 77/84/883 93/109/883 94/111/883
f 71/86/551 70/100/551 86/110/551
f 78/85/91 94/111/91 95/113/91
f 71/86/552 87/112/552 88/114/552
f 80/89/93 79/87/93 95/113/93
f 72/88/884 88/114/884 89/116/884
f 81/91/95 80/89/95 96/115/95
f 73/90/554 89/116/554 90/117/554
f 86/110/97 101/134/97 102/118/97
f 95/113/885 94/111/885 109/119/885
f 87/112/99 102/118/99 103/121/99
f 95/113/886 110/120/886 111/122/886
f 89/116/101 88/114/101 103/121/101
f 97/104/102 96/115/102 111/122/102
f 90/117/103 89/116/103 104/123/103
f 90/117/887 105/125/887 106/129/887
f 84/106/107 83/102/107 98/127/107
f 91/105/108 106/129/108 107/131/108
f 85/108/560 84/106/560 99/130/560
f 92/107/110 107/131/110 108/133/110
f 85/108/888 100/132/888 101/134/888
f 94/111/112 93/109/112 108/133/112
f 105/125/561 120/149/561 121/135/561
f 99/130/889 98/127/889 113/136/889
f 106/129/115 121/135/115 122/138/115
f 99/130/116 114/137/116 115/139/116
f 107/131/117 122/138/117 123/140/117
f 100/132/118 115/139/118 116/141/118
f 109/119/119 108/133/119 123/140/119
f 101/134/120 116/141/120 117/143/120
f 110/120/121 109/119/121 124/142/121
f 103/121/122 102/118/122 117/143/122
f 111/122/123 110/120/123 125/144/123
f 104/123/124 103/121/124 118/145/124
f 111/122/714 126/146/714 127/148/714
f 104/123/890 119/147/890 120/149/890
f 124/142/891 139/168/891 140/152/891
f 118/145/892 117/143/892 132/153/892
f 126/146/569 125/144/569 140/152/569
f 119/147/132 118/145/132 133/154/132
f 127/148/570 126/146/570 141/155/570
f 120/149/893 119/147/893 134/156/893
f 120/149/779 135/158/779 136/162/779
f 113/136/894 128/160/894 129/163/894
f 122/138/139 121/135/139 136/162/139
f 114/137/574 129/163/574 130/165/574
f 122/138/575 137/164/575 138/166/575
f 116/141/576 115/139/576 130/165/576
f 123/140/143 138/166/143 139/168/143
f 117/143/144 116/141/144 131/167/144
f 137/164/145 136/162/145 151/169/145
f 129/163/578 144/185/578 145/171/578
f 137/164/147 152/170/147 153/172/147
f 130/165/148 145/171/148 146/173/148
f 138/166/149 153/172/149 154/174/149
f 132/153/150 131/167/150 146/173/150
f 140/152/151 139/168/151 154/174/151
f 133/154/152 132/153/152 147/175/152
f 141/155/153 140/152/153 155/176/153
f 134/156/580 133/154/580 148/177/580
f 141/155/155 156/178/155 157/180/155
f 135/158/582 134/156/582 149/179/582
f 136/162/583 135/158/583 150/181/583
f 129/163/160 128/160/160 143/183/160
f 155/176/788 170/202/788 171/186/788
f 149/179/895 148/177/895 163/187/895
f 156/178/163 171/186/163 172/189/163
f 149/179/584 164/188/584 165/190/584
f 151/169/896 150/181/896 165/190/896
f 144/185/168 143/183/168 158/192/168
f 151/169/586 166/194/586 167/196/586
f 145/171/587 144/185/587 159/195/587
f 152/170/897 167/196/897 168/198/897
f 146/173/172 145/171/172 160/197/172
f 154/174/898 153/172/898 168/198/898
f 146/173/174 161/199/174 162/201/174
f 155/176/175 154/174/175 169/200/175
f 147/175/176 162/201/176 163/187/176
f 160/197/177 159/195/177 174/203/177
f 167/196/178 182/219/178 183/205/178
f 161/199/179 160/197/179 175/204/179
f 168/198/591 183/205/591 184/207/591
f 162/201/592 161/199/592 176/206/592
f 170/202/182 169/200/182 184/207/182
f 163/187/183 162/201/183 177/208/183
f 170/202/184 185/209/184 186/211/184
f 164/188/722 163/187/722 178/210/722
f 172/189/593 171/186/593 186/211/593
f 165/190/723 164/188/723 179/212/723
f 166/194/724 165/190/724 180/214/724
f 158/192/899 173/216/899 174/203/899
f 166/194/900 181/218/900 182/219/900
f 179/212/193 178/210/193 193/220/193
f 187/213/596 186/211/596 201/222/596
f 180/214/901 179/212/901 194/221/901
f 180/214/598 195/224/598 196/228/598
f 174/203/599 173/216/599 188/226/599
f 181/218/200 196/228/200 197/230/200
f 175/204/600 174/203/600 189/229/600
f 183/205/902 182/219/902 197/230/902
f 175/204/203 190/231/203 191/233/203
f 184/207/204 183/205/204 198/232/204
f 176/206/205 191/233/205 192/235/205
f 185/209/206 184/207/206 199/234/206
f 177/208/602 192/235/602 193/220/602
f 186/211/603 185/209/603 200/236/603
f 198/232/209 197/230/209 212/237/209
f 191/233/210 190/231/210 205/239/210
f 198/232/211 213/238/211 214/241/211
f 191/233/903 206/240/903 207/242/903
f 199/234/213 214/241/213 215/243/213
f 192/235/214 207/242/214 208/244/214
f 201/222/799 200/236/799 215/243/799
f 194/221/216 193/220/216 208/244/216
f 202/223/604 201/222/604 216/245/604
f 194/221/725 209/246/725 210/248/725
f 196/228/904 195/224/904 210/248/904
f 188/226/905 203/250/905 204/253/905
f 196/228/223 211/252/223 212/237/223
f 190/231/224 189/229/224 204/253/224
f 216/245/609 231/269/609 232/254/609
f 209/246/610 224/270/610 225/255/610
f 210/248/726 225/255/726 226/259/726
f 204/253/906 203/250/906 218/257/906
f 211/252/231 226/259/231 227/261/231
f 205/239/232 204/253/232 219/260/232
f 212/237/233 227/261/233 228/263/233
f 205/239/907 220/262/907 221/264/907
f 214/241/235 213/238/235 228/263/235
f 206/240/236 221/264/236 222/266/236
f 215/243/614 214/241/614 229/265/614
f 208/244/238 207/242/238 222/266/238
f 216/245/239 215/243/239 230/267/239
f 209/246/240 208/244/240 223/268/240
f 221/264/241 220/262/241 235/271/241
f 229/265/242 228/263/242 243/273/242
f 221/264/243 236/272/243 237/275/243
f 229/265/244 244/274/244 245/276/244
f 223/268/908 222/266/908 237/275/908
f 230/267/246 245/276/246 246/278/246
f 224/270/247 223/268/247 238/277/247
f 231/269/616 246/278/616 247/280/616
f 224/270/617 239/279/617 240/281/617
f 226/259/909 225/255/909 240/281/909
f 219/260/910 218/257/910 233/283/910
f 226/259/254 241/285/254 242/287/254
f 220/262/911 219/260/911 234/286/911
f 227/261/618 242/287/618 243/273/618
f 240/281/257 239/279/257 254/288/257
f 240/281/260 255/289/260 256/294/260
f 233/283/912 248/291/912 249/295/912
f 242/287/262 241/285/262 256/294/262
f 234/286/913 249/295/913 250/297/913
f 242/287/264 257/296/264 258/298/264
f 235/271/265 250/297/265 251/299/265
f 243/273/266 258/298/266 259/300/266
f 237/275/267 236/272/267 251/299/267
f 244/274/268 259/300/268 260/302/268
f 237/275/269 252/301/269 253/303/269
f 246/278/815 245/276/815 260/302/815
f 238/277/271 253/303/271 254/288/271
f 246/278/621 261/304/621 262/293/621
f 258/298/273 273/321/273 274/305/273
f 252/301/274 251/299/274 266/306/274
f 259/300/622 274/305/622 275/308/622
f 252/301/276 267/307/276 268/309/276
f 260/302/914 275/308/914 276/310/914
f 254/288/278 253/303/278 268/309/278
f 262/293/730 261/304/730 276/310/730
f 255/289/915 254/288/915 269/311/915
f 255/289/626 270/313/626 271/317/626
f 248/291/916 263/315/916 264/318/916
f 256/294/285 271/317/285 272/319/285
f 250/297/917 249/295/917 264/318/917
f 258/298/287 257/296/287 272/319/287
f 251/299/918 250/297/918 265/320/918
f 271/317/919 270/313/919 285/324/919
f 264/318/920 263/315/920 278/326/920
f 271/317/292 286/325/292 287/328/292
f 265/320/921 264/318/921 279/327/921
f 273/321/294 272/319/294 287/328/294
f 265/320/922 280/329/922 281/331/922
f 274/305/923 273/321/923 288/330/923
f 266/306/924 281/331/924 282/333/924
f 275/308/632 274/305/632 289/332/632
f 267/307/299 282/333/299 283/335/299
f 276/310/633 275/308/633 290/334/633
f 269/311/301 268/309/301 283/335/301
f 276/310/634 291/336/634 292/323/634
f 269/311/635 284/337/635 285/324/635
f 289/332/305 304/354/305 305/339/305
f 282/333/306 297/355/306 298/340/306
f 291/336/307 290/334/307 305/339/307
f 284/337/732 283/335/732 298/340/732
f 291/336/925 306/341/925 307/343/925
f 284/337/310 299/342/310 300/344/310
f 286/325/313 285/324/313 300/344/313
f 279/327/638 278/326/638 293/346/638
f 286/325/639 301/348/639 302/350/639
f 280/329/316 279/327/316 294/349/316
f 288/330/317 287/328/317 302/350/317
f 281/331/318 280/329/318 295/351/318
f 289/332/319 288/330/319 303/352/319
f 281/331/320 296/353/320 297/355/320
f 294/349/926 293/346/926 309/356/926
f 301/348/322 317/372/322 318/358/322
f 294/349/323 310/357/323 311/359/323
f 303/352/324 302/350/324 318/358/324
f 295/351/640 311/359/640 312/361/640
f 304/354/641 303/352/641 319/360/641
f 296/353/927 312/361/927 313/363/927
f 304/354/328 320/362/328 321/364/328
f 297/355/329 313/363/329 314/365/329
f 306/341/330 305/339/330 321/364/330
f 299/342/331 298/340/331 314/365/331
f 306/341/735 322/366/735 323/368/735
f 299/342/333 315/367/333 316/369/333
f 300/344/336 316/369/336 317/372/336
f 314/365/337 313/363/337 328/373/337
f 322/366/928 321/364/928 336/375/928
f 314/365/339 329/374/339 330/377/339
f 323/368/929 322/366/929 337/376/929
f 315/367/829 330/377/829 331/379/829
f 316/369/930 331/379/930 332/383/930
f 309/356/345 324/381/345 325/384/345
f 318/358/931 317/372/931 332/383/931
f 310/357/932 325/384/932 326/386/932
f 318/358/348 333/385/348 334/387/348
f 311/359/349 326/386/349 327/388/349
f 320/362/933 319/360/933 334/387/933
f 312/361/647 327/388/647 328/373/647
f 321/364/352 320/362/352 335/389/352
f 332/383/353 347/406/353 348/390/353
f 326/386/354 325/384/354 340/391/354
f 334/387/355 333/385/355 348/390/355
f 327/388/356 326/386/356 341/392/356
f 334/387/357 349/393/357 350/395/357
f 328/373/358 327/388/358 342/394/358
f 335/389/359 350/395/359 351/397/359
f 329/374/360 328/373/360 343/396/360
f 337/376/361 336/375/361 351/397/361
f 330/377/362 329/374/362 344/398/362
f 338/378/835 337/376/835 352/399/835
f 331/379/836 330/377/836 345/400/836
f 331/379/649 346/402/649 347/406/649
f 325/384/934 324/381/934 339/404/934
f 351/397/935 366/423/935 367/407/935
f 345/400/370 344/398/370 359/408/370
f 352/399/737 367/407/737 368/410/737
f 345/400/839 360/409/839 361/411/839
f 346/402/840 361/411/840 362/415/840
f 340/391/376 339/404/376 354/413/376
f 347/406/377 362/415/377 363/417/377
f 341/392/653 340/391/653 355/416/653
f 348/390/379 363/417/379 364/419/379
f 341/392/380 356/418/380 357/420/380
f 350/395/936 349/393/936 364/419/936
f 342/394/654 357/420/654 358/422/654
f 351/397/383 350/395/383 365/421/383
f 344/398/384 343/396/384 358/422/384
f 355/424/655 370/454/655 371/425/655
f 364/427/656 363/455/656 378/428/656
f 356/426/387 371/425/387 372/430/387
f 364/427/937 379/429/937 380/432/937
f 357/431/657 372/430/657 373/434/657
f 366/436/390 365/433/390 380/432/390
f 358/435/938 373/434/938 374/438/938
f 366/436/939 381/437/939 382/440/939
f 360/442/393 359/439/393 374/438/393
f 368/444/658 367/441/658 382/440/658
f 361/446/844 360/442/844 375/443/844
f 362/452/847 361/446/847 376/447/847
f 354/448/940 369/450/940 370/454/940
f 362/452/400 377/453/400 378/428/400
f 375/443/660 374/438/660 389/456/660
f 383/445/661 382/440/661 397/458/661
f 376/447/740 375/443/740 390/457/740
f 376/447/849 391/460/849 392/464/849
f 370/454/850 369/450/850 384/462/850
f 377/453/941 392/464/941 393/466/941
f 371/425/851 370/454/851 385/465/851
f 378/428/410 393/466/410 394/468/410
f 371/425/411 386/467/411 387/469/411
f 379/429/412 394/468/412 395/470/412
f 373/434/413 372/430/413 387/469/413
f 381/437/414 380/432/414 395/470/414
f 374/438/415 373/434/415 388/471/415
f 381/437/665 396/472/665 397/458/665
f 394/468/417 393/466/417 408/473/417
f 387/469/418 386/467/418 401/475/418
f 394/468/942 409/474/942 410/477/942
f 388/471/741 387/469/741 402/476/741
f 395/470/421 410/477/421 411/479/421
f 388/471/668 403/478/668 404/480/668
f 396/472/853 411/479/853 412/481/853
f 390/457/669 389/456/669 404/480/669
f 397/458/943 412/481/943 413/483/943
f 391/460/944 390/457/944 405/482/944
f 391/460/945 406/484/945 407/488/945
f 385/465/672 384/462/672 399/486/672
f 393/466/946 392/464/946 407/488/946
f 386/467/673 385/465/673 400/489/673
f 413/483/674 412/481/674 427/490/674
f 406/484/675 405/482/675 420/492/675
f 406/484/676 421/493/676 422/497/676
f 399/486/947 414/495/947 415/498/947
f 407/488/743 422/497/743 423/499/743
f 401/475/440 400/489/440 415/498/440
f 408/473/441 423/499/441 424/501/441
f 402/476/442 401/475/442 416/500/442
f 409/474/678 424/501/678 425/503/678
f 403/478/444 402/476/444 417/502/444
f 410/477/445 425/503/445 426/505/445
f 404/480/446 403/478/446 418/504/446
f 411/479/447 426/505/447 427/490/447
f 404/480/948 419/506/948 420/492/948
f 425/503/449 424/501/449 439/507/449
f 417/502/450 432/523/450 433/509/450
f 426/505/451 425/503/451 440/508/451
f 419/506/452 418/504/452 433/509/452
f 426/505/949 441/510/949 442/512/949
f 419/506/681 434/511/681 435/513/681
f 427/490/744 442/512/744 443/514/744
f 420/492/456 435/513/456 436/515/456
f 422/497/459 421/493/459 436/515/459
f 415/498/684 414/495/684 429/517/684
f 423/499/950 422/497/950 437/519/950
f 415/498/685 430/520/685 431/522/685
f 423/499/463 438/521/463 439/507/463
f 416/500/464 431/522/464 432/523/464
f 437/519/951 436/515/951 451/528/951
f 429/517/952 444/525/952 445/530/952
f 438/521/469 437/519/469 452/529/469
f 431/522/470 430/520/470 445/530/470
f 438/521/471 453/531/471 454/533/471
f 431/522/472 446/532/472 447/534/472
f 439/507/953 454/533/953 455/535/953
f 432/523/954 447/534/954 448/536/954
f 441/510/475 440/508/475 455/535/475
f 434/511/476 433/509/476 448/536/476
f 441/510/688 456/537/688 457/539/688
f 434/511/478 449/538/478 450/540/478
f 443/514/689 442/512/689 457/539/689
f 435/513/690 450/540/690 451/528/690
f 447/534/691 462/557/691 463/541/691
f 456/537/482 455/535/482 470/542/482
f 449/538/483 448/536/483 463/541/483
f 456/537/484 471/543/484 472/545/484
f 449/538/485 464/544/485 465/546/485
f 458/527/692 457/539/692 472/545/692
f 450/540/487 465/546/487 466/548/487
f 451/528/490 466/548/490 467/552/490
f 444/525/696 459/550/696 460/553/696
f 452/529/492 467/552/492 468/554/492
f 446/532/493 445/530/493 460/553/493
f 453/531/494 468/554/494 469/556/494
f 446/532/495 461/555/495 462/557/495
f 455/535/955 454/533/955 469/556/955
f 466/548/697 4/7/697 5/9/697
f 460/553/868 459/550/868 474/1/868
f 468/554/499 467/552/499 5/9/499
f 461/555/500 460/553/500 475/11/500
f 469/556/501 468/554/501 478/13/501
f 462/557/956 461/555/956 1/14/956
f 469/556/503 6/16/503 479/21/503
f 462/557/504 476/19/504 2/22/504
f 470/542/699 479/21/699 480/24/699
f 463/541/506 2/22/506 477/27/506
f 471/543/507 480/24/507 481/29/507
f 464/544/508 477/27/508 3/30/508
f 472/545/870 481/29/870 482/5/870
f 465/546/871 3/30/871 4/7/871
f 487/560/513 489/566/513 485/77/513
f 485/77/514 489/567/514 490/561/514
f 489/562/515 487/78/515 488/207/515
f 484/564/516 486/206/516 490/353/516
f 483/67/517 485/77/517 486/206/517
f 487/78/518 483/67/518 484/564/518
f 492/562/515 494/78/515 493/207/515
f 494/78/518 498/67/518 497/564/518
f 498/67/517 496/77/517 495/206/517
f 496/77/514 492/567/514 491/561/514
f 497/564/516 495/206/516 491/353/516
f 494/560/513 492/566/513 496/77/513
f 500/562/515 502/78/515 501/207/515
f 502/78/518 506/67/518 505/564/518
f 506/67/517 504/77/517 503/206/517
f 504/77/514 500/567/514 499/561/514
f 505/564/516 503/206/516 499/353/516
f 502/560/513 500/566/513 504/77/513
f 511/560/513 513/566/513 509/77/513
f 509/77/514 513/567/514 514/561/514
f 513/562/515 511/78/515 512/207/515
f 508/564/516 510/206/516 514/353/516
f 507/67/517 509/77/517 510/206/517
f 511/78/518 507/67/518 508/564/518
f 519/560/513 521/566/513 517/77/513
f 517/77/514 521/567/514 522/561/514
f 521/562/515 519/78/515 520/207/515
f 516/564/516 518/206/516 522/353/516
f 515/67/517 517/77/517 518/206/517
f 519/78/518 515/67/518 516/564/518
f 527/560/513 529/566/513 525/77/513
f 525/77/514 529/567/514 530/561/514
f 529/562/515 527/78/515 528/207/515
f 524/564/516 526/206/516 530/353/516
f 523/67/517 525/77/517 526/206/517
f 527/78/518 523/67/518 524/564/518
f 535/560/513 537/566/513 533/77/513
f 533/77/514 537/567/514 538/561/514
f 537/562/515 535/78/515 536/207/515
f 532/564/516 534/206/516 538/353/516
f 531/67/517 533/77/517 534/206/517
f 535/78/518 531/67/518 532/564/518
f 543/560/513 545/566/513 541/77/513
f 541/77/514 545/567/514 546/561/514
f 545/562/515 543/78/515 544/207/515
f 540/564/516 542/206/516 546/353/516
f 539/67/517 541/77/517 542/206/517
f 543/78/518 539/67/518 540/564/518
f 551/560/513 553/566/513 549/77/513
f 549/77/514 553/567/514 554/561/514
f 553/562/515 551/78/515 552/207/515
f 548/564/516 550/206/516 554/353/516
f 547/67/517 549/77/517 550/206/517
f 551/78/518 547/67/518 548/564/518
f 559/560/513 561/566/513 557/77/513
f 557/77/514 561/567/514 562/561/514
f 561/562/515 559/78/515 560/207/515
f 556/564/516 558/206/516 562/353/516
f 555/67/517 557/77/517 558/206/517
f 559/78/518 555/67/518 556/564/518
f 567/560/513 569/566/513 565/77/513
f 565/77/514 569/567/514 570/561/514
f 569/562/515 567/78/515 568/207/515
f 564/564/516 566/206/516 570/353/516
f 563/67/517 565/77/517 566/206/517
f 567/78/518 563/67/518 564/564/518
f 575/560/513 577/566/513 573/77/513
f 573/77/514 577/567/514 578/561/514
f 577/562/515 575/78/515 576/207/515
f 572/564/516 574/206/516 578/353/516
f 571/67/517 573/77/517 574/206/517
f 575/78/518 571/67/518 572/564/518
f 583/560/513 585/566/513 581/77/513
f 581/77/514 585/567/514 586/561/514
f 585/562/515 583/78/515 584/207/515
f 580/564/516 582/206/516 586/353/516
f 579/67/517 581/77/517 582/206/517
f 583/78/518 579/67/518 580/564/518
f 591/560/513 593/566/513 589/77/513
f 589/77/514 593/567/514 594/561/514
f 593/562/515 591/78/515 592/207/515
f 588/564/516 590/206/516 594/353/516
f 587/67/517 589/77/517 590/206/517
f 591/78/518 587/67/518 588/564/518
f 599/560/513 601/566/513 597/77/513
f 597/77/514 601/567/514 602/561/514
f 601/562/515 599/78/515 600/207/515
f 596/564/516 598/206/516 602/353/516
f 595/67/517 597/77/517 598/206/517
f 599/78/518 595/67/518 596/564/518
f 606/7/3 616/32/3 617/8/3
f 1076/1/4 609/3/4 610/10/4
f 607/9/5 617/8/5 618/12/5
f 603/14/6 1077/11/6 610/10/6
f 1080/13/7 618/12/7 619/17/7
f 1078/19/8 603/14/8 611/15/8
f 1081/21/9 608/16/9 619/17/9
f 1078/19/524 612/18/524 613/23/524
f 1081/21/11 620/20/11 621/25/11
f 1079/27/12 604/22/12 613/23/12
f 1082/24/525 621/25/525 622/28/525
f 605/30/14 1079/27/14 614/26/14
f 1084/5/873 1083/29/873 622/28/873
f 605/30/16 615/31/16 616/32/16
f 623/6/703 622/28/703 637/33/703
f 615/31/528 630/35/528 631/36/528
f 617/8/529 616/32/529 631/36/529
f 609/3/22 624/38/22 625/41/22
f 617/8/23 632/40/23 633/42/23
f 611/15/531 610/10/531 625/41/531
f 619/17/25 618/12/25 633/42/25
f 611/15/532 626/43/532 627/45/532
f 619/17/27 634/44/27 635/46/27
f 613/23/28 612/18/28 627/45/28
f 620/20/29 635/46/29 636/48/29
f 613/23/30 628/47/30 629/49/30
f 622/28/957 621/25/957 636/48/957
f 615/31/32 614/26/32 629/49/32
f 626/43/33 641/65/33 642/50/33
f 634/44/34 649/66/34 650/51/34
f 628/47/704 627/45/704 642/50/704
f 636/48/36 635/46/36 650/51/36
f 628/47/537 643/52/537 644/54/537
f 636/48/38 651/53/38 652/55/38
f 629/49/39 644/54/39 645/56/39
f 638/34/40 637/33/40 652/55/40
f 630/35/538 645/56/538 646/58/538
f 632/40/44 631/36/44 646/58/44
f 625/41/45 624/38/45 639/60/45
f 632/40/46 647/62/46 648/64/46
f 626/43/47 625/41/47 640/63/47
f 634/44/540 633/42/540 648/64/540
f 645/56/541 660/83/541 661/67/541
f 647/62/52 646/58/52 661/67/52
f 639/60/543 654/69/543 655/73/543
f 647/62/544 662/72/544 663/74/544
f 640/63/55 655/73/55 656/75/55
f 648/64/56 663/74/56 664/76/56
f 641/65/57 656/75/57 657/77/57
f 649/66/58 664/76/58 665/78/58
f 643/52/59 642/50/59 657/77/59
f 651/53/60 650/51/60 665/78/60
f 643/52/61 658/79/61 659/81/61
f 652/55/62 651/53/62 666/80/62
f 645/56/63 644/54/63 659/81/63
f 653/57/64 652/55/64 667/82/64
f 664/76/546 679/84/546 680/85/546
f 657/77/66 672/100/66 673/86/66
f 666/80/67 665/78/67 680/85/67
f 658/79/68 673/86/68 674/88/68
f 666/80/69 681/87/69 682/89/69
f 660/83/70 659/81/70 674/88/70
f 667/82/958 682/89/958 683/91/958
f 660/83/72 675/90/72 676/92/72
f 661/67/75 676/92/75 677/96/75
f 655/73/76 654/69/76 669/94/76
f 662/72/77 677/96/77 678/98/77
f 656/75/78 655/73/78 670/97/78
f 663/74/79 678/98/79 679/84/79
f 657/77/708 656/75/708 671/99/708
f 676/92/882 692/117/882 693/105/882
f 669/94/959 685/102/959 686/106/959
f 677/96/550 693/105/550 694/107/550
f 671/99/960 670/97/960 686/106/960
f 679/84/87 678/98/87 694/107/87
f 671/99/88 687/108/88 688/110/88
f 679/84/89 695/109/89 696/111/89
f 673/86/551 672/100/551 688/110/551
f 681/87/91 680/85/91 696/111/91
f 673/86/552 689/112/552 690/114/552
f 682/89/93 681/87/93 697/113/93
f 674/88/94 690/114/94 691/116/94
f 683/91/95 682/89/95 698/115/95
f 676/92/770 675/90/770 691/116/770
f 689/112/97 688/110/97 703/134/97
f 697/113/555 696/111/555 711/119/555
f 690/114/99 689/112/99 704/118/99
f 698/115/100 697/113/100 712/120/100
f 691/116/101 690/114/101 705/121/101
f 699/104/102 698/115/102 713/122/102
f 691/116/961 706/123/961 707/125/961
f 693/105/106 692/117/106 707/125/106
f 686/106/107 685/102/107 700/127/107
f 693/105/108 708/129/108 709/131/108
f 687/108/560 686/106/560 701/130/560
f 694/107/110 709/131/110 710/133/110
f 687/108/111 702/132/111 703/134/111
f 695/109/112 710/133/112 711/119/112
f 707/125/712 722/149/712 723/135/712
f 700/127/775 715/136/775 716/137/775
f 708/129/115 723/135/115 724/138/115
f 701/130/563 716/137/563 717/139/563
f 709/131/117 724/138/117 725/140/117
f 702/132/118 717/139/118 718/141/118
f 711/119/565 710/133/565 725/140/565
f 703/134/566 718/141/566 719/143/566
f 712/120/962 711/119/962 726/142/962
f 705/121/122 704/118/122 719/143/122
f 712/120/713 727/144/713 728/146/713
f 705/121/124 720/145/124 721/147/124
f 713/122/963 728/146/963 729/148/963
f 707/125/890 706/123/890 721/147/890
f 727/144/129 726/142/129 741/168/129
f 719/143/130 734/153/130 735/154/130
f 728/146/131 727/144/131 742/152/131
f 721/147/132 720/145/132 735/154/132
f 729/148/570 728/146/570 743/155/570
f 721/147/134 736/156/134 737/158/134
f 722/149/779 737/158/779 738/162/779
f 715/136/138 730/160/138 731/163/138
f 723/135/139 738/162/139 739/164/139
f 716/137/140 731/163/140 732/165/140
f 725/140/575 724/138/575 739/164/575
f 717/139/576 732/165/576 733/167/576
f 725/140/964 740/166/964 741/168/964
f 719/143/577 718/141/577 733/167/577
f 738/162/145 753/169/145 754/170/145
f 732/165/578 731/163/578 746/185/578
f 740/166/147 739/164/147 754/170/147
f 732/165/148 747/171/148 748/173/148
f 740/166/149 755/172/149 756/174/149
f 734/153/150 733/167/150 748/173/150
f 742/152/151 741/168/151 756/174/151
f 734/153/965 749/175/965 750/177/965
f 742/152/153 757/176/153 758/178/153
f 735/154/580 750/177/580 751/179/580
f 743/155/155 758/178/155 759/180/155
f 737/158/582 736/156/582 751/179/582
f 737/158/583 752/181/583 753/169/583
f 731/163/966 730/160/966 745/183/966
f 757/176/161 772/202/161 773/186/161
f 750/177/162 765/187/162 766/188/162
f 758/178/717 773/186/717 774/189/717
f 751/179/584 766/188/584 767/190/584
f 752/181/167 767/190/167 768/194/167
f 746/185/168 745/183/168 760/192/168
f 753/169/586 768/194/586 769/196/586
f 746/185/587 761/195/587 762/197/587
f 755/172/588 754/170/588 769/196/588
f 747/171/172 762/197/172 763/199/172
f 755/172/173 770/198/173 771/200/173
f 748/173/590 763/199/590 764/201/590
f 756/174/175 771/200/175 772/202/175
f 749/175/176 764/201/176 765/187/176
f 762/197/177 761/195/177 776/203/177
f 769/196/178 784/219/178 785/205/178
f 763/199/179 762/197/179 777/204/179
f 770/198/180 785/205/180 786/207/180
f 763/199/181 778/206/181 779/208/181
f 772/202/182 771/200/182 786/207/182
f 765/187/183 764/201/183 779/208/183
f 773/186/184 772/202/184 787/209/184
f 766/188/185 765/187/185 780/210/185
f 774/189/593 773/186/593 788/211/593
f 766/188/723 781/212/723 782/214/723
f 767/190/190 782/214/190 783/218/190
f 760/192/191 775/216/191 776/203/191
f 768/194/192 783/218/192 784/219/192
f 781/212/193 780/210/193 795/220/193
f 789/213/967 788/211/967 803/222/967
f 781/212/901 796/221/901 797/224/901
f 782/214/198 797/224/198 798/228/198
f 776/203/968 775/216/968 790/226/968
f 783/218/200 798/228/200 799/230/200
f 777/204/201 776/203/201 791/229/201
f 785/205/202 784/219/202 799/230/202
f 778/206/203 777/204/203 792/231/203
f 786/207/204 785/205/204 800/232/204
f 778/206/205 793/233/205 794/235/205
f 786/207/969 801/234/969 802/236/969
f 779/208/602 794/235/602 795/220/602
f 787/209/208 802/236/208 803/222/208
f 799/230/209 814/237/209 815/238/209
f 793/233/210 792/231/210 807/239/210
f 801/234/211 800/232/211 815/238/211
f 794/235/212 793/233/212 808/240/212
f 801/234/213 816/241/213 817/243/213
f 795/220/214 794/235/214 809/242/214
f 803/222/215 802/236/215 817/243/215
f 796/221/216 795/220/216 810/244/216
f 804/223/604 803/222/604 818/245/604
f 796/221/725 811/246/725 812/248/725
f 798/228/904 797/224/904 812/248/904
f 790/226/222 805/250/222 806/253/222
f 798/228/223 813/252/223 814/237/223
f 791/229/224 806/253/224 807/239/224
f 818/245/225 833/269/225 834/254/225
f 811/246/610 826/270/610 827/255/610
f 813/252/229 812/248/229 827/255/229
f 806/253/805 805/250/805 820/257/805
f 813/252/231 828/259/231 829/261/231
f 806/253/232 821/260/232 822/262/232
f 815/238/233 814/237/233 829/261/233
f 807/239/234 822/262/234 823/264/234
f 816/241/235 815/238/235 830/263/235
f 808/240/236 823/264/236 824/266/236
f 816/241/614 831/265/614 832/267/614
f 810/244/238 809/242/238 824/266/238
f 818/245/239 817/243/239 832/267/239
f 811/246/240 810/244/240 825/268/240
f 823/264/241 822/262/241 837/271/241
f 831/265/242 830/263/242 845/273/242
f 823/264/243 838/272/243 839/275/243
f 831/265/244 846/274/244 847/276/244
f 824/266/245 839/275/245 840/277/245
f 832/267/246 847/276/246 848/278/246
f 825/268/247 840/277/247 841/279/247
f 833/269/616 848/278/616 849/280/616
f 826/270/617 841/279/617 842/281/617
f 827/255/252 842/281/252 843/285/252
f 821/260/253 820/257/253 835/283/253
f 828/259/254 843/285/254 844/287/254
f 821/260/255 836/286/255 837/271/255
f 830/263/618 829/261/618 844/287/618
f 842/281/729 841/279/729 856/288/729
f 842/281/260 857/289/260 858/294/260
f 836/286/813 835/283/813 850/291/813
f 843/285/262 858/294/262 859/296/262
f 836/286/913 851/295/913 852/297/913
f 845/273/264 844/287/264 859/296/264
f 837/271/265 852/297/265 853/299/265
f 845/273/814 860/298/814 861/300/814
f 838/272/620 853/299/620 854/301/620
f 846/274/268 861/300/268 862/302/268
f 839/275/269 854/301/269 855/303/269
f 848/278/815 847/276/815 862/302/815
f 840/277/271 855/303/271 856/288/271
f 848/278/272 863/304/272 864/293/272
f 860/298/273 875/321/273 876/305/273
f 853/299/274 868/306/274 869/307/274
f 861/300/622 876/305/622 877/308/622
f 854/301/276 869/307/276 870/309/276
f 863/304/277 862/302/277 877/308/277
f 855/303/278 870/309/278 871/311/278
f 864/293/730 863/304/730 878/310/730
f 857/289/280 856/288/280 871/311/280
f 857/289/626 872/313/626 873/317/626
f 850/291/970 865/315/970 866/318/970
f 858/294/285 873/317/285 874/319/285
f 851/295/917 866/318/917 867/320/917
f 860/298/287 859/296/287 874/319/287
f 852/297/288 867/320/288 868/306/288
f 872/313/290 887/324/290 888/325/290
f 865/315/291 880/326/291 881/327/291
f 873/317/292 888/325/292 889/328/292
f 867/320/293 866/318/293 881/327/293
f 875/321/294 874/319/294 889/328/294
f 867/320/295 882/329/295 883/331/295
f 876/305/630 875/321/630 890/330/630
f 868/306/971 883/331/971 884/333/971
f 877/308/632 876/305/632 891/332/632
f 869/307/299 884/333/299 885/335/299
f 877/308/633 892/334/633 893/336/633
f 871/311/301 870/309/301 885/335/301
f 879/312/634 878/310/634 893/336/634
f 872/313/635 871/311/635 886/337/635
f 891/332/305 906/354/305 907/339/305
f 885/335/306 884/333/306 899/355/306
f 892/334/307 907/339/307 908/341/307
f 885/335/732 900/340/732 901/342/732
f 894/323/925 893/336/925 908/341/925
f 886/337/310 901/342/310 902/344/310
f 887/324/313 902/344/313 903/348/313
f 880/326/314 895/346/314 896/349/314
f 888/325/315 903/348/315 904/350/315
f 881/327/316 896/349/316 897/351/316
f 889/328/317 904/350/317 905/352/317
f 883/331/318 882/329/318 897/351/318
f 890/330/319 905/352/319 906/354/319
f 883/331/320 898/353/320 899/355/320
f 895/346/972 911/356/972 912/357/972
f 903/348/322 919/372/322 920/358/322
f 896/349/323 912/357/323 913/359/323
f 905/352/324 904/350/324 920/358/324
f 897/351/325 913/359/325 914/361/325
f 905/352/641 921/360/641 922/362/641
f 899/355/327 898/353/327 914/361/327
f 907/339/827 906/354/827 922/362/827
f 899/355/329 915/363/329 916/365/329
f 908/341/330 907/339/330 923/364/330
f 900/340/331 916/365/331 917/367/331
f 909/343/642 908/341/642 924/366/642
f 901/342/333 917/367/333 918/369/333
f 902/344/336 918/369/336 919/372/336
f 916/365/337 915/363/337 930/373/337
f 923/364/643 938/375/643 939/376/643
f 917/367/339 916/365/339 931/374/339
f 924/366/340 939/376/340 940/378/340
f 917/367/341 932/377/341 933/379/341
f 918/369/344 933/379/344 934/383/344
f 911/356/973 926/381/973 927/384/973
f 919/372/346 934/383/346 935/385/346
f 913/359/347 912/357/347 927/384/347
f 921/360/348 920/358/348 935/385/348
f 914/361/349 913/359/349 928/386/349
f 922/362/350 921/360/350 936/387/350
f 914/361/647 929/388/647 930/373/647
f 922/362/352 937/389/352 938/375/352
f 934/383/353 949/406/353 950/390/353
f 927/384/354 942/391/354 943/392/354
f 935/385/355 950/390/355 951/393/355
f 928/386/356 943/392/356 944/394/356
f 936/387/357 951/393/357 952/395/357
f 929/388/358 944/394/358 945/396/358
f 937/389/359 952/395/359 953/397/359
f 931/374/360 930/373/360 945/396/360
f 938/375/361 953/397/361 954/399/361
f 932/377/362 931/374/362 946/398/362
f 939/376/835 954/399/835 955/401/835
f 933/379/364 932/377/364 947/400/364
f 934/383/649 933/379/649 948/402/649
f 927/384/650 926/381/650 941/404/650
f 953/397/369 968/423/369 969/407/369
f 947/400/370 946/398/370 961/408/370
f 954/399/371 969/407/371 970/410/371
f 948/402/372 947/400/372 962/409/372
f 948/402/375 963/411/375 964/415/375
f 942/391/841 941/404/841 956/413/841
f 949/406/377 964/415/377 965/417/377
f 943/392/653 942/391/653 957/416/653
f 951/393/379 950/390/379 965/417/379
f 944/394/380 943/392/380 958/418/380
f 952/395/381 951/393/381 966/419/381
f 944/394/654 959/420/654 960/422/654
f 952/395/383 967/421/383 968/423/383
f 946/398/384 945/396/384 960/422/384
f 958/426/385 957/424/385 972/454/385
f 965/455/656 980/428/656 981/429/656
f 959/431/387 958/426/387 973/425/387
f 966/427/388 981/429/388 982/432/388
f 960/435/389 959/431/389 974/430/389
f 967/433/390 982/432/390 983/437/390
f 961/439/391 960/435/391 975/434/391
f 968/436/392 983/437/392 984/440/392
f 961/439/393 976/438/393 977/443/393
f 970/444/974 969/441/974 984/440/974
f 963/446/659 962/442/659 977/443/659
f 963/446/398 978/447/398 979/453/398
f 956/448/739 971/450/739 972/454/739
f 964/452/400 979/453/400 980/428/400
f 977/443/660 976/438/660 991/456/660
f 985/445/848 984/440/848 999/458/848
f 977/443/740 992/457/740 993/460/740
f 978/447/406 993/460/406 994/464/406
f 971/450/663 986/462/663 987/465/663
f 979/453/408 994/464/408 995/466/408
f 973/425/664 972/454/664 987/465/664
f 980/428/410 995/466/410 996/468/410
f 973/425/411 988/467/411 989/469/411
f 981/429/412 996/468/412 997/470/412
f 975/434/413 974/430/413 989/469/413
f 983/437/414 982/432/414 997/470/414
f 976/438/415 975/434/415 990/471/415
f 984/440/665 983/437/665 998/472/665
f 996/468/417 995/466/417 1010/473/417
f 988/467/418 1003/475/418 1004/476/418
f 996/468/419 1011/474/419 1012/477/419
f 990/471/741 989/469/741 1004/476/741
f 997/470/421 1012/477/421 1013/479/421
f 990/471/668 1005/478/668 1006/480/668
f 998/472/423 1013/479/423 1014/481/423
f 992/457/669 991/456/669 1006/480/669
f 1000/459/425 999/458/425 1014/481/425
f 992/457/426 1007/482/426 1008/484/426
f 993/460/671 1008/484/671 1009/488/671
f 986/462/975 1001/486/975 1002/489/975
f 994/464/431 1009/488/431 1010/473/431
f 987/465/432 1002/489/432 1003/475/432
f 1014/481/976 1029/490/976 1030/491/976
f 1007/482/434 1022/492/434 1023/493/434
f 1008/484/437 1023/493/437 1024/497/437
f 1002/489/438 1001/486/438 1016/495/438
f 1009/488/439 1024/497/439 1025/499/439
f 1003/475/440 1002/489/440 1017/498/440
f 1010/473/441 1025/499/441 1026/501/441
f 1003/475/442 1018/500/442 1019/502/442
f 1011/474/678 1026/501/678 1027/503/678
f 1005/478/444 1004/476/444 1019/502/444
f 1013/479/445 1012/477/445 1027/503/445
f 1006/480/446 1005/478/446 1020/504/446
f 1014/481/447 1013/479/447 1028/505/447
f 1006/480/448 1021/506/448 1022/492/448
f 1026/501/449 1041/507/449 1042/508/449
f 1020/504/450 1019/502/450 1034/523/450
f 1027/503/858 1042/508/858 1043/510/858
f 1020/504/452 1035/509/452 1036/511/452
f 1028/505/453 1043/510/453 1044/512/453
f 1021/506/681 1036/511/681 1037/513/681
f 1030/491/455 1029/490/455 1044/512/455
f 1022/492/456 1037/513/456 1038/515/456
f 1024/497/459 1023/493/459 1038/515/459
f 1016/495/684 1031/517/684 1032/520/684
f 1024/497/461 1039/519/461 1040/521/461
f 1018/500/685 1017/498/685 1032/520/685
f 1026/501/463 1025/499/463 1040/521/463
f 1018/500/977 1033/522/977 1034/523/977
f 1038/515/467 1053/528/467 1054/529/467
f 1031/517/468 1046/525/468 1047/530/468
f 1039/519/469 1054/529/469 1055/531/469
f 1032/520/470 1047/530/470 1048/532/470
f 1040/521/471 1055/531/471 1056/533/471
f 1034/523/472 1033/522/472 1048/532/472
f 1042/508/687 1041/507/687 1056/533/687
f 1034/523/474 1049/534/474 1050/536/474
f 1042/508/475 1057/535/475 1058/537/475
f 1035/509/476 1050/536/476 1051/538/476
f 1043/510/688 1058/537/688 1059/539/688
f 1036/511/478 1051/538/478 1052/540/478
f 1045/514/479 1044/512/479 1059/539/479
f 1037/513/690 1052/540/690 1053/528/690
f 1049/534/691 1064/557/691 1065/541/691
f 1058/537/482 1057/535/482 1072/542/482
f 1050/536/483 1065/541/483 1066/544/483
f 1058/537/484 1073/543/484 1074/545/484
f 1051/538/485 1066/544/485 1067/546/485
f 1059/539/978 1074/545/978 1075/547/978
f 1053/528/693 1052/540/693 1067/546/693
f 1053/528/695 1068/548/695 1069/552/695
f 1047/530/979 1046/525/979 1061/550/979
f 1054/529/492 1069/552/492 1070/554/492
f 1048/532/493 1047/530/493 1062/553/493
f 1056/533/494 1055/531/494 1070/554/494
f 1048/532/495 1063/555/495 1064/557/495
f 1057/535/496 1056/533/496 1071/556/496
f 1068/548/497 606/7/497 607/9/497
f 1061/550/980 1076/1/980 1077/11/980
f 1069/552/499 607/9/499 1080/13/499
f 1063/555/981 1062/553/981 1077/11/981
f 1071/556/501 1070/554/501 1080/13/501
f 1063/555/502 603/14/502 1078/19/502
f 1071/556/503 608/16/503 1081/21/503
f 1064/557/504 1078/19/504 604/22/504
f 1072/542/699 1081/21/699 1082/24/699
f 1066/544/506 1065/541/506 604/22/506
f 1074/545/507 1073/543/507 1082/24/507
f 1066/544/508 1079/27/508 605/30/508
f 1074/545/870 1083/29/870 1084/5/870
f 1067/546/871 605/30/871 606/7/871
f 1088/7/3 1098/32/3 1099/8/3
f 1559/11/521 1558/1/521 1091/3/521
f 1089/9/5 1099/8/5 1100/12/5
f 1559/11/522 1092/10/522 1093/15/522
f 1562/13/7 1100/12/7 1101/17/7
f 1560/19/8 1085/14/8 1093/15/8
f 1563/21/523 1090/16/523 1101/17/523
f 1560/19/982 1094/18/982 1095/23/982
f 1563/21/11 1102/20/11 1103/25/11
f 1561/27/12 1086/22/12 1095/23/12
f 1564/24/525 1103/25/525 1104/28/525
f 1087/30/14 1561/27/14 1096/26/14
f 1565/29/15 1104/28/15 1105/6/15
f 1088/7/749 1087/30/749 1097/31/749
f 1104/28/527 1119/33/527 1120/34/527
f 1097/31/750 1112/35/750 1113/36/750
f 1098/32/21 1113/36/21 1114/40/21
f 1091/3/22 1106/38/22 1107/41/22
f 1100/12/23 1099/8/23 1114/40/23
f 1093/15/531 1092/10/531 1107/41/531
f 1100/12/25 1115/42/25 1116/44/25
f 1094/18/532 1093/15/532 1108/43/532
f 1102/20/27 1101/17/27 1116/44/27
f 1094/18/28 1109/45/28 1110/47/28
f 1103/25/29 1102/20/29 1117/46/29
f 1096/26/30 1095/23/30 1110/47/30
f 1103/25/31 1118/48/31 1119/33/31
f 1096/26/32 1111/49/32 1112/35/32
f 1108/43/33 1123/65/33 1124/50/33
f 1116/44/34 1131/66/34 1132/51/34
f 1109/45/35 1124/50/35 1125/52/35
f 1118/48/536 1117/46/536 1132/51/536
f 1110/47/537 1125/52/537 1126/54/537
f 1118/48/38 1133/53/38 1134/55/38
f 1111/49/39 1126/54/39 1127/56/39
f 1120/34/877 1119/33/877 1134/55/877
f 1113/36/756 1112/35/756 1127/56/756
f 1113/36/44 1128/58/44 1129/62/44
f 1107/41/45 1106/38/45 1121/60/45
f 1115/42/46 1114/40/46 1129/62/46
f 1108/43/47 1107/41/47 1122/63/47
f 1116/44/540 1115/42/540 1130/64/540
f 1127/56/541 1142/83/541 1143/67/541
f 1128/58/52 1143/67/52 1144/72/52
f 1122/63/53 1121/60/53 1136/69/53
f 1130/64/54 1129/62/54 1144/72/54
f 1123/65/55 1122/63/55 1137/73/55
f 1131/66/56 1130/64/56 1145/74/56
f 1124/50/57 1123/65/57 1138/75/57
f 1132/51/58 1131/66/58 1146/76/58
f 1124/50/983 1139/77/983 1140/79/983
f 1132/51/60 1147/78/60 1148/80/60
f 1125/52/61 1140/79/61 1141/81/61
f 1133/53/62 1148/80/62 1149/82/62
f 1126/54/63 1141/81/63 1142/83/63
f 1134/55/64 1149/82/64 1150/71/64
f 1146/76/546 1161/84/546 1162/85/546
f 1139/77/66 1154/100/66 1155/86/66
f 1148/80/67 1147/78/67 1162/85/67
f 1141/81/68 1140/79/68 1155/86/68
f 1149/82/69 1148/80/69 1163/87/69
f 1142/83/70 1141/81/70 1156/88/70
f 1150/71/547 1149/82/547 1164/89/547
f 1142/83/984 1157/90/984 1158/92/984
f 1144/72/75 1143/67/75 1158/92/75
f 1136/69/765 1151/94/765 1152/97/765
f 1144/72/77 1159/96/77 1160/98/77
f 1137/73/78 1152/97/78 1153/99/78
f 1145/74/79 1160/98/79 1161/84/79
f 1138/75/80 1153/99/80 1154/100/80
f 1158/92/882 1174/117/882 1175/105/882
f 1152/97/84 1151/94/84 1167/102/84
f 1159/96/550 1175/105/550 1176/107/550
f 1153/99/86 1152/97/86 1168/106/86
f 1161/84/87 1160/98/87 1176/107/87
f 1153/99/88 1169/108/88 1170/110/88
f 1162/85/89 1161/84/89 1177/109/89
f 1154/100/551 1170/110/551 1171/112/551
f 1163/87/91 1162/85/91 1178/111/91
f 1155/86/552 1171/112/552 1172/114/552
f 1163/87/93 1179/113/93 1180/115/93
f 1156/88/94 1172/114/94 1173/116/94
f 1164/89/95 1180/115/95 1181/104/95
f 1158/92/554 1157/90/554 1173/116/554
f 1171/112/97 1170/110/97 1185/134/97
f 1179/113/98 1178/111/98 1193/119/98
f 1171/112/99 1186/118/99 1187/121/99
f 1180/115/100 1179/113/100 1194/120/100
f 1172/114/101 1187/121/101 1188/123/101
f 1181/104/710 1180/115/710 1195/122/710
f 1173/116/557 1188/123/557 1189/125/557
f 1174/117/106 1189/125/106 1190/129/106
f 1167/102/559 1182/127/559 1183/130/559
f 1176/107/108 1175/105/108 1190/129/108
f 1168/106/560 1183/130/560 1184/132/560
f 1177/109/110 1176/107/110 1191/131/110
f 1169/108/111 1184/132/111 1185/134/111
f 1177/109/112 1192/133/112 1193/119/112
f 1189/125/712 1204/149/712 1205/135/712
f 1183/130/889 1182/127/889 1197/136/889
f 1190/129/115 1205/135/115 1206/138/115
f 1183/130/563 1198/137/563 1199/139/563
f 1192/133/117 1191/131/117 1206/138/117
f 1184/132/118 1199/139/118 1200/141/118
f 1193/119/565 1192/133/565 1207/140/565
f 1185/134/120 1200/141/120 1201/143/120
f 1194/120/121 1193/119/121 1208/142/121
f 1186/118/122 1201/143/122 1202/145/122
f 1195/122/713 1194/120/713 1209/144/713
f 1187/121/124 1202/145/124 1203/147/124
f 1195/122/963 1210/146/963 1211/148/963
f 1189/125/568 1188/123/568 1203/147/568
f 1208/142/129 1223/168/129 1224/152/129
f 1202/145/130 1201/143/130 1216/153/130
f 1210/146/569 1209/144/569 1224/152/569
f 1202/145/132 1217/154/132 1218/156/132
f 1210/146/570 1225/155/570 1226/157/570
f 1204/149/571 1203/147/571 1218/156/571
f 1204/149/572 1219/158/572 1220/162/572
f 1197/136/573 1212/160/573 1213/163/573
f 1205/135/139 1220/162/139 1221/164/139
f 1198/137/140 1213/163/140 1214/165/140
f 1206/138/575 1221/164/575 1222/166/575
f 1200/141/576 1199/139/576 1214/165/576
f 1207/140/964 1222/166/964 1223/168/964
f 1201/143/144 1200/141/144 1215/167/144
f 1220/162/145 1235/169/145 1236/170/145
f 1214/165/146 1213/163/146 1228/185/146
f 1221/164/147 1236/170/147 1237/172/147
f 1215/167/148 1214/165/148 1229/171/148
f 1223/168/149 1222/166/149 1237/172/149
f 1215/167/150 1230/173/150 1231/175/150
f 1223/168/151 1238/174/151 1239/176/151
f 1217/154/152 1216/153/152 1231/175/152
f 1224/152/153 1239/176/153 1240/178/153
f 1218/156/580 1217/154/580 1232/177/580
f 1226/157/581 1225/155/581 1240/178/581
f 1219/158/715 1218/156/715 1233/179/715
f 1219/158/716 1234/181/716 1235/169/716
f 1213/163/966 1212/160/966 1227/183/966
f 1239/176/161 1254/202/161 1255/186/161
f 1233/179/162 1232/177/162 1247/187/162
f 1241/180/163 1240/178/163 1255/186/163
f 1234/181/985 1233/179/985 1248/188/985
f 1234/181/585 1249/190/585 1250/194/585
f 1227/183/168 1242/192/168 1243/195/168
f 1235/169/586 1250/194/586 1251/196/586
f 1229/171/587 1228/185/587 1243/195/587
f 1236/170/588 1251/196/588 1252/198/588
f 1230/173/172 1229/171/172 1244/197/172
f 1238/174/589 1237/172/589 1252/198/589
f 1230/173/721 1245/199/721 1246/201/721
f 1238/174/175 1253/200/175 1254/202/175
f 1232/177/176 1231/175/176 1246/201/176
f 1244/197/177 1243/195/177 1258/203/177
f 1252/198/178 1251/196/178 1266/219/178
f 1245/199/179 1244/197/179 1259/204/179
f 1253/200/591 1252/198/591 1267/205/591
f 1245/199/592 1260/206/592 1261/208/592
f 1253/200/182 1268/207/182 1269/209/182
f 1246/201/183 1261/208/183 1262/210/183
f 1254/202/184 1269/209/184 1270/211/184
f 1247/187/722 1262/210/722 1263/212/722
f 1255/186/593 1270/211/593 1271/213/593
f 1249/190/723 1248/188/723 1263/212/723
f 1249/190/190 1264/214/190 1265/218/190
f 1243/195/899 1242/192/899 1257/216/899
f 1251/196/192 1250/194/192 1265/218/192
f 1263/212/193 1262/210/193 1277/220/193
f 1270/211/596 1285/222/596 1286/223/596
f 1264/214/195 1263/212/195 1278/221/195
f 1264/214/598 1279/224/598 1280/228/598
f 1257/216/968 1272/226/968 1273/229/968
f 1265/218/200 1280/228/200 1281/230/200
f 1258/203/600 1273/229/600 1274/231/600
f 1266/219/202 1281/230/202 1282/232/202
f 1259/204/203 1274/231/203 1275/233/203
f 1267/205/204 1282/232/204 1283/234/204
f 1261/208/205 1260/206/205 1275/233/205
f 1269/209/969 1268/207/969 1283/234/969
f 1262/210/602 1261/208/602 1276/235/602
f 1270/211/208 1269/209/208 1284/236/208
f 1281/230/209 1296/237/209 1297/238/209
f 1274/231/210 1289/239/210 1290/240/210
f 1283/234/211 1282/232/211 1297/238/211
f 1276/235/212 1275/233/212 1290/240/212
f 1284/236/213 1283/234/213 1298/241/213
f 1276/235/214 1291/242/214 1292/244/214
f 1285/222/215 1284/236/215 1299/243/215
f 1278/221/216 1277/220/216 1292/244/216
f 1285/222/604 1300/245/604 1301/247/604
f 1278/221/725 1293/246/725 1294/248/725
f 1279/224/904 1294/248/904 1295/252/904
f 1273/229/986 1272/226/986 1287/250/986
f 1280/228/223 1295/252/223 1296/237/223
f 1274/231/224 1273/229/224 1288/253/224
f 1301/247/987 1300/245/987 1315/269/987
f 1293/246/610 1308/270/610 1309/255/610
f 1294/248/229 1309/255/229 1310/259/229
f 1287/250/613 1302/257/613 1303/260/613
f 1295/252/231 1310/259/231 1311/261/231
f 1289/239/232 1288/253/232 1303/260/232
f 1297/238/233 1296/237/233 1311/261/233
f 1290/240/234 1289/239/234 1304/262/234
f 1297/238/235 1312/263/235 1313/265/235
f 1291/242/236 1290/240/236 1305/264/236
f 1298/241/614 1313/265/614 1314/267/614
f 1291/242/238 1306/266/238 1307/268/238
f 1299/243/239 1314/267/239 1315/269/239
f 1292/244/240 1307/268/240 1308/270/240
f 1304/262/241 1319/271/241 1320/272/241
f 1312/263/242 1327/273/242 1328/274/242
f 1305/264/243 1320/272/243 1321/275/243
f 1314/267/244 1313/265/244 1328/274/244
f 1306/266/245 1321/275/245 1322/277/245
f 1315/269/246 1314/267/246 1329/276/246
f 1308/270/247 1307/268/247 1322/277/247
f 1316/254/616 1315/269/616 1330/278/616
f 1309/255/617 1308/270/617 1323/279/617
f 1309/255/252 1324/281/252 1325/285/252
f 1302/257/988 1317/283/988 1318/286/988
f 1310/259/254 1325/285/254 1326/287/254
f 1303/260/255 1318/286/255 1319/271/255
f 1312/263/618 1311/261/618 1326/287/618
f 1323/279/257 1338/288/257 1339/289/257
f 1324/281/260 1339/289/260 1340/294/260
f 1317/283/813 1332/291/813 1333/295/813
f 1325/285/262 1340/294/262 1341/296/262
f 1318/286/913 1333/295/913 1334/297/913
f 1327/273/264 1326/287/264 1341/296/264
f 1319/271/265 1334/297/265 1335/299/265
f 1328/274/814 1327/273/814 1342/298/814
f 1320/272/620 1335/299/620 1336/301/620
f 1329/276/268 1328/274/268 1343/300/268
f 1321/275/269 1336/301/269 1337/303/269
f 1329/276/815 1344/302/815 1345/304/815
f 1322/277/271 1337/303/271 1338/288/271
f 1331/280/272 1330/278/272 1345/304/272
f 1342/298/273 1357/321/273 1358/305/273
f 1335/299/274 1350/306/274 1351/307/274
f 1343/300/622 1358/305/622 1359/308/622
f 1336/301/276 1351/307/276 1352/309/276
f 1344/302/277 1359/308/277 1360/310/277
f 1337/303/278 1352/309/278 1353/311/278
f 1346/293/730 1345/304/730 1360/310/730
f 1339/289/280 1338/288/280 1353/311/280
f 1339/289/626 1354/313/626 1355/317/626
f 1333/295/627 1332/291/627 1347/315/627
f 1341/296/285 1340/294/285 1355/317/285
f 1334/297/628 1333/295/628 1348/318/628
f 1341/296/287 1356/319/287 1357/321/287
f 1334/297/288 1349/320/288 1350/306/288
f 1354/313/290 1369/324/290 1370/325/290
f 1348/318/629 1347/315/629 1362/326/629
f 1356/319/292 1355/317/292 1370/325/292
f 1348/318/293 1363/327/293 1364/329/293
f 1357/321/294 1356/319/294 1371/328/294
f 1350/306/295 1349/320/295 1364/329/295
f 1357/321/731 1372/330/731 1373/332/731
f 1350/306/631 1365/331/631 1366/333/631
f 1358/305/632 1373/332/632 1374/334/632
f 1351/307/299 1366/333/299 1367/335/299
f 1359/308/633 1374/334/633 1375/336/633
f 1352/309/301 1367/335/301 1368/337/301
f 1361/312/302 1360/310/302 1375/336/302
f 1354/313/635 1353/311/635 1368/337/635
f 1373/332/305 1388/354/305 1389/339/305
f 1366/333/306 1381/355/306 1382/340/306
f 1374/334/307 1389/339/307 1390/341/307
f 1367/335/308 1382/340/308 1383/342/308
f 1375/336/925 1390/341/925 1391/343/925
f 1369/324/310 1368/337/310 1383/342/310
f 1369/324/313 1384/344/313 1385/348/313
f 1363/327/314 1362/326/314 1377/346/314
f 1370/325/639 1385/348/639 1386/350/639
f 1364/329/316 1363/327/316 1378/349/316
f 1372/330/317 1371/328/317 1386/350/317
f 1365/331/318 1364/329/318 1379/351/318
f 1372/330/319 1387/352/319 1388/354/319
f 1365/331/826 1380/353/826 1381/355/826
f 1377/346/321 1393/356/321 1394/357/321
f 1386/350/322 1385/348/322 1401/372/322
f 1379/351/323 1378/349/323 1394/357/323
f 1387/352/324 1386/350/324 1402/358/324
f 1379/351/640 1395/359/640 1396/361/640
f 1388/354/641 1387/352/641 1403/360/641
f 1380/353/327 1396/361/327 1397/363/327
f 1389/339/328 1388/354/328 1404/362/328
f 1381/355/329 1397/363/329 1398/365/329
f 1389/339/330 1405/364/330 1406/366/330
f 1383/342/331 1382/340/331 1398/365/331
f 1391/343/735 1390/341/735 1406/366/735
f 1383/342/333 1399/367/333 1400/369/333
f 1384/344/336 1400/369/336 1401/372/336
f 1397/363/337 1412/373/337 1413/374/337
f 1405/364/643 1420/375/643 1421/376/643
f 1399/367/339 1398/365/339 1413/374/339
f 1406/366/989 1421/376/989 1422/378/989
f 1399/367/341 1414/377/341 1415/379/341
f 1401/372/344 1400/369/344 1415/379/344
f 1394/357/345 1393/356/345 1408/381/345
f 1401/372/346 1416/383/346 1417/385/346
f 1394/357/646 1409/384/646 1410/386/646
f 1402/358/348 1417/385/348 1418/387/348
f 1395/359/349 1410/386/349 1411/388/349
f 1403/360/350 1418/387/350 1419/389/350
f 1397/363/647 1396/361/647 1411/388/647
f 1404/362/352 1419/389/352 1420/375/352
f 1416/383/353 1431/406/353 1432/390/353
f 1410/386/354 1409/384/354 1424/391/354
f 1417/385/355 1432/390/355 1433/393/355
f 1410/386/356 1425/392/356 1426/394/356
f 1418/387/357 1433/393/357 1434/395/357
f 1412/373/358 1411/388/358 1426/394/358
f 1419/389/359 1434/395/359 1435/397/359
f 1412/373/360 1427/396/360 1428/398/360
f 1421/376/361 1420/375/361 1435/397/361
f 1413/374/362 1428/398/362 1429/400/362
f 1422/378/835 1421/376/835 1436/399/835
f 1414/377/364 1429/400/364 1430/402/364
f 1415/379/649 1430/402/649 1431/406/649
f 1408/381/650 1423/404/650 1424/391/650
f 1435/397/369 1450/423/369 1451/407/369
f 1429/400/370 1428/398/370 1443/408/370
f 1437/401/737 1436/399/737 1451/407/737
f 1430/402/372 1429/400/372 1444/409/372
f 1430/402/375 1445/411/375 1446/415/375
f 1423/404/652 1438/413/652 1439/416/652
f 1431/406/377 1446/415/377 1447/417/377
f 1425/392/653 1424/391/653 1439/416/653
f 1433/393/379 1432/390/379 1447/417/379
f 1425/392/380 1440/418/380 1441/420/380
f 1433/393/381 1448/419/381 1449/421/381
f 1427/396/654 1426/394/654 1441/420/654
f 1435/397/842 1434/395/842 1449/421/842
f 1428/398/384 1427/396/384 1442/422/384
f 1439/424/655 1454/454/655 1455/425/655
f 1447/455/656 1462/428/656 1463/429/656
f 1441/431/387 1440/426/387 1455/425/387
f 1449/433/388 1448/427/388 1463/429/388
f 1442/435/657 1441/431/657 1456/430/657
f 1449/433/390 1464/432/390 1465/437/390
f 1443/439/391 1442/435/391 1457/434/391
f 1451/441/392 1450/436/392 1465/437/392
f 1444/442/393 1443/439/393 1458/438/393
f 1451/441/658 1466/440/658 1467/445/658
f 1445/446/659 1444/442/659 1459/443/659
f 1446/452/398 1445/446/398 1460/447/398
f 1439/424/399 1438/448/399 1453/450/399
f 1446/452/400 1461/453/400 1462/428/400
f 1459/443/660 1458/438/660 1473/456/660
f 1466/440/661 1481/458/661 1482/459/661
f 1460/447/740 1459/443/740 1474/457/740
f 1460/447/406 1475/460/406 1476/464/406
f 1454/454/663 1453/450/663 1468/462/663
f 1461/453/408 1476/464/408 1477/466/408
f 1455/425/990 1454/454/990 1469/465/990
f 1462/428/410 1477/466/410 1478/468/410
f 1455/425/411 1470/467/411 1471/469/411
f 1464/432/412 1463/429/412 1478/468/412
f 1457/434/413 1456/430/413 1471/469/413
f 1465/437/414 1464/432/414 1479/470/414
f 1458/438/415 1457/434/415 1472/471/415
f 1465/437/665 1480/472/665 1481/458/665
f 1478/468/417 1477/466/417 1492/473/417
f 1470/467/418 1485/475/418 1486/476/418
f 1478/468/666 1493/474/666 1494/477/666
f 1471/469/667 1486/476/667 1487/478/667
f 1479/470/421 1494/477/421 1495/479/421
f 1473/456/668 1472/471/668 1487/478/668
f 1480/472/423 1495/479/423 1496/481/423
f 1474/457/669 1473/456/669 1488/480/669
f 1481/458/425 1496/481/425 1497/483/425
f 1474/457/426 1489/482/426 1490/484/426
f 1475/460/671 1490/484/671 1491/488/671
f 1469/465/672 1468/462/672 1483/486/672
f 1476/464/431 1491/488/431 1492/473/431
f 1470/467/673 1469/465/673 1484/489/673
f 1497/483/674 1496/481/674 1511/490/674
f 1490/484/434 1489/482/434 1504/492/434
f 1490/484/437 1505/493/437 1506/497/437
f 1483/486/438 1498/495/438 1499/498/438
f 1492/473/439 1491/488/439 1506/497/439
f 1484/489/440 1499/498/440 1500/500/440
f 1492/473/441 1507/499/441 1508/501/441
f 1486/476/442 1485/475/442 1500/500/442
f 1493/474/857 1508/501/857 1509/503/857
f 1487/478/679 1486/476/679 1501/502/679
f 1494/477/445 1509/503/445 1510/505/445
f 1488/480/446 1487/478/446 1502/504/446
f 1495/479/447 1510/505/447 1511/490/447
f 1488/480/948 1503/506/948 1504/492/948
f 1508/501/449 1523/507/449 1524/508/449
f 1502/504/450 1501/502/450 1516/523/450
f 1510/505/451 1509/503/451 1524/508/451
f 1502/504/452 1517/509/452 1518/511/452
f 1510/505/453 1525/510/453 1526/512/453
f 1503/506/681 1518/511/681 1519/513/681
f 1512/491/455 1511/490/455 1526/512/455
f 1504/492/456 1519/513/456 1520/515/456
f 1505/493/459 1520/515/459 1521/519/459
f 1498/495/460 1513/517/460 1514/520/460
f 1507/499/461 1506/497/461 1521/519/461
f 1500/500/685 1499/498/685 1514/520/685
f 1508/501/463 1507/499/463 1522/521/463
f 1500/500/464 1515/522/464 1516/523/464
f 1520/515/467 1535/528/467 1536/529/467
f 1513/517/686 1528/525/686 1529/530/686
f 1521/519/469 1536/529/469 1537/531/469
f 1515/522/470 1514/520/470 1529/530/470
f 1523/507/471 1522/521/471 1537/531/471
f 1515/522/472 1530/532/472 1531/534/472
f 1523/507/687 1538/533/687 1539/535/687
f 1516/523/474 1531/534/474 1532/536/474
f 1525/510/475 1524/508/475 1539/535/475
f 1517/509/476 1532/536/476 1533/538/476
f 1526/512/688 1525/510/688 1540/537/688
f 1519/513/478 1518/511/478 1533/538/478
f 1527/514/689 1526/512/689 1541/539/689
f 1520/515/690 1519/513/690 1534/540/690
f 1531/534/691 1546/557/691 1547/541/691
f 1540/537/482 1539/535/482 1554/542/482
f 1532/536/483 1547/541/483 1548/544/483
f 1541/539/484 1540/537/484 1555/543/484
f 1533/538/485 1548/544/485 1549/546/485
f 1542/527/978 1541/539/978 1556/545/978
f 1534/540/693 1549/546/693 1550/548/693
f 1535/528/695 1550/548/695 1551/552/695
f 1528/525/991 1543/550/991 1544/553/991
f 1537/531/492 1536/529/492 1551/552/492
f 1529/530/493 1544/553/493 1545/555/493
f 1537/531/494 1552/554/494 1553/556/494
f 1530/532/495 1545/555/495 1546/557/495
f 1539/535/496 1538/533/496 1553/556/496
f 1550/548/697 1088/7/697 1089/9/697
f 1544/553/868 1543/550/868 1558/1/868
f 1552/554/499 1551/552/499 1089/9/499
f 1545/555/500 1544/553/500 1559/11/500
f 1553/556/501 1552/554/501 1562/13/501
f 1545/555/502 1085/14/502 1560/19/502
f 1553/556/503 1090/16/503 1563/21/503
f 1547/541/504 1546/557/504 1560/19/504
f 1555/543/699 1554/542/699 1563/21/699
f 1547/541/506 1086/22/506 1561/27/506
f 1556/545/507 1555/543/507 1564/24/507
f 1548/544/508 1561/27/508 1087/30/508
f 1556/545/870 1565/29/870 1566/5/870
f 1550/548/510 1549/546/510 1087/30/510
f 1568/562/515 1570/78/515 1569/207/515
f 1570/78/518 1574/67/518 1573/564/518
f 1574/67/517 1572/77/517 1571/206/517
f 1572/77/514 1568/567/514 1567/561/514
f 1573/564/516 1571/206/516 1567/353/516
f 1570/560/513 1568/566/513 1572/77/513
f 1579/9/520 1578/7/520 1588/32/520
f 2048/1/992 1581/3/992 1582/10/992
f 1579/9/5 1589/8/5 1590/12/5
f 1575/14/6 2049/11/6 1582/10/6
f 2052/13/7 1590/12/7 1591/17/7
f 2050/19/8 1575/14/8 1583/15/8
f 2053/21/523 1580/16/523 1591/17/523
f 2050/19/10 1584/18/10 1585/23/10
f 2053/21/11 1592/20/11 1593/25/11
f 2051/27/12 1576/22/12 1585/23/12
f 2054/24/525 1593/25/525 1594/28/525
f 1577/30/14 2051/27/14 1586/26/14
f 2056/5/873 2055/29/873 1594/28/873
f 1577/30/16 1587/31/16 1588/32/16
f 1594/28/527 1609/33/527 1610/34/527
f 1587/31/750 1602/35/750 1603/36/750
f 1588/32/21 1603/36/21 1604/40/21
f 1581/3/22 1596/38/22 1597/41/22
f 1589/8/993 1604/40/993 1605/42/993
f 1582/10/994 1597/41/994 1598/43/994
f 1591/17/25 1590/12/25 1605/42/25
f 1584/18/532 1583/15/532 1598/43/532
f 1592/20/27 1591/17/27 1606/44/27
f 1584/18/995 1599/45/995 1600/47/995
f 1592/20/29 1607/46/29 1608/48/29
f 1585/23/30 1600/47/30 1601/49/30
f 1594/28/957 1593/25/957 1608/48/957
f 1587/31/32 1586/26/32 1601/49/32
f 1598/43/33 1613/65/33 1614/50/33
f 1607/46/996 1606/44/996 1621/66/996
f 1599/45/997 1614/50/997 1615/52/997
f 1608/48/36 1607/46/36 1622/51/36
f 1600/47/537 1615/52/537 1616/54/537
f 1609/33/38 1608/48/38 1623/53/38
f 1602/35/755 1601/49/755 1616/54/755
f 1609/33/877 1624/55/877 1625/57/877
f 1602/35/538 1617/56/538 1618/58/538
f 1604/40/998 1603/36/998 1618/58/998
f 1597/41/705 1596/38/705 1611/60/705
f 1604/40/760 1619/62/760 1620/64/760
f 1597/41/47 1612/63/47 1613/65/47
f 1605/42/540 1620/64/540 1621/66/540
f 1617/56/541 1632/83/541 1633/67/541
f 1619/62/999 1618/58/999 1633/67/999
f 1612/63/1000 1611/60/1000 1626/69/1000
f 1619/62/544 1634/72/544 1635/74/544
f 1612/63/55 1627/73/55 1628/75/55
f 1620/64/56 1635/74/56 1636/76/56
f 1614/50/1001 1613/65/1001 1628/75/1001
f 1621/66/58 1636/76/58 1637/78/58
f 1614/50/59 1629/77/59 1630/79/59
f 1622/51/60 1637/78/60 1638/80/60
f 1616/54/61 1615/52/61 1630/79/61
f 1624/55/1002 1623/53/1002 1638/80/1002
f 1617/56/63 1616/54/63 1631/81/63
f 1624/55/64 1639/82/64 1640/71/64
f 1637/78/546 1636/76/546 1651/84/546
f 1629/77/66 1644/100/66 1645/86/66
f 1637/78/67 1652/85/67 1653/87/67
f 1631/81/68 1630/79/68 1645/86/68
f 1639/82/69 1638/80/69 1653/87/69
f 1631/81/1003 1646/88/1003 1647/90/1003
f 1640/71/1004 1639/82/1004 1654/89/1004
f 1632/83/72 1647/90/72 1648/92/72
f 1633/67/75 1648/92/75 1649/96/75
f 1626/69/76 1641/94/76 1642/97/76
f 1635/74/77 1634/72/77 1649/96/77
f 1627/73/78 1642/97/78 1643/99/78
f 1636/76/79 1635/74/79 1650/98/79
f 1629/77/708 1628/75/708 1643/99/708
f 1648/92/83 1664/117/83 1665/105/83
f 1641/94/1005 1657/102/1005 1658/106/1005
f 1649/96/550 1665/105/550 1666/107/550
f 1643/99/86 1642/97/86 1658/106/86
f 1650/98/87 1666/107/87 1667/109/87
f 1644/100/88 1643/99/88 1659/108/88
f 1652/85/89 1651/84/89 1667/109/89
f 1644/100/551 1660/110/551 1661/112/551
f 1652/85/91 1668/111/91 1669/113/91
f 1645/86/92 1661/112/92 1662/114/92
f 1653/87/93 1669/113/93 1670/115/93
f 1646/88/94 1662/114/94 1663/116/94
f 1655/91/95 1654/89/95 1670/115/95
f 1648/92/770 1647/90/770 1663/116/770
f 1660/110/97 1675/134/97 1676/118/97
f 1668/111/555 1683/119/555 1684/120/555
f 1662/114/99 1661/112/99 1676/118/99
f 1669/113/100 1684/120/100 1685/122/100
f 1663/116/101 1662/114/101 1677/121/101
f 1671/104/556 1670/115/556 1685/122/556
f 1663/116/557 1678/123/557 1679/125/557
f 1664/117/106 1679/125/106 1680/129/106
f 1658/106/1006 1657/102/1006 1672/127/1006
f 1665/105/108 1680/129/108 1681/131/108
f 1659/108/560 1658/106/560 1673/130/560
f 1666/107/1007 1681/131/1007 1682/133/1007
f 1660/110/111 1659/108/111 1674/132/111
f 1668/111/1008 1667/109/1008 1682/133/1008
f 1680/129/712 1679/125/712 1694/149/712
f 1673/130/889 1672/127/889 1687/136/889
f 1680/129/115 1695/135/115 1696/138/115
f 1674/132/116 1673/130/116 1688/137/116
f 1682/133/1009 1681/131/1009 1696/138/1009
f 1674/132/118 1689/139/118 1690/141/118
f 1683/119/565 1682/133/565 1697/140/565
f 1675/134/120 1690/141/120 1691/143/120
f 1684/120/121 1683/119/121 1698/142/121
f 1676/118/122 1691/143/122 1692/145/122
f 1684/120/713 1699/144/713 1700/146/713
f 1678/123/124 1677/121/124 1692/145/124
f 1685/122/963 1700/146/963 1701/148/963
f 1678/123/1010 1693/147/1010 1694/149/1010
f 1698/142/891 1713/168/891 1714/152/891
f 1691/143/892 1706/153/892 1707/154/892
f 1700/146/131 1699/144/131 1714/152/131
f 1693/147/1011 1692/145/1011 1707/154/1011
f 1700/146/570 1715/155/570 1716/157/570
f 1694/149/134 1693/147/134 1708/156/134
f 1694/149/572 1709/158/572 1710/162/572
f 1688/137/1012 1687/136/1012 1702/160/1012
f 1695/135/139 1710/162/139 1711/164/139
f 1688/137/574 1703/163/574 1704/165/574
f 1697/140/575 1696/138/575 1711/164/575
f 1690/141/576 1689/139/576 1704/165/576
f 1697/140/964 1712/166/964 1713/168/964
f 1691/143/144 1690/141/144 1705/167/144
f 1710/162/1013 1725/169/1013 1726/170/1013
f 1703/163/781 1718/185/781 1719/171/781
f 1712/166/1014 1711/164/1014 1726/170/1014
f 1704/165/148 1719/171/148 1720/173/148
f 1712/166/1015 1727/172/1015 1728/174/1015
f 1706/153/150 1705/167/150 1720/173/150
f 1713/168/1016 1728/174/1016 1729/176/1016
f 1706/153/152 1721/175/152 1722/177/152
f 1715/155/784 1714/152/784 1729/176/784
f 1708/156/580 1707/154/580 1722/177/580
f 1715/155/1017 1730/178/1017 1731/180/1017
f 1709/158/715 1708/156/715 1723/179/715
f 1709/158/1018 1724/181/1018 1725/169/1018
f 1702/160/1019 1717/183/1019 1718/185/1019
f 1730/178/161 1729/176/161 1744/202/161
f 1722/177/162 1737/187/162 1738/188/162
f 1730/178/163 1745/186/163 1746/189/163
f 1723/179/584 1738/188/584 1739/190/584
f 1725/169/585 1724/181/585 1739/190/585
f 1718/185/1020 1717/183/1020 1732/192/1020
f 1726/170/586 1725/169/586 1740/194/586
f 1718/185/170 1733/195/170 1734/197/170
f 1727/172/897 1726/170/897 1741/196/897
f 1719/171/1021 1734/197/1021 1735/199/1021
f 1728/174/589 1727/172/589 1742/198/589
f 1720/173/590 1735/199/590 1736/201/590
f 1729/176/175 1728/174/175 1743/200/175
f 1721/175/176 1736/201/176 1737/187/176
f 1734/197/177 1733/195/177 1748/203/177
f 1741/196/178 1756/219/178 1757/205/178
f 1735/199/179 1734/197/179 1749/204/179
f 1742/198/180 1757/205/180 1758/207/180
f 1736/201/181 1735/199/181 1750/206/181
f 1743/200/1022 1758/207/1022 1759/209/1022
f 1737/187/183 1736/201/183 1751/208/183
f 1744/202/184 1759/209/184 1760/211/184
f 1738/188/1023 1737/187/1023 1752/210/1023
f 1745/186/1024 1760/211/1024 1761/213/1024
f 1739/190/187 1738/188/187 1753/212/187
f 1739/190/190 1754/214/190 1755/218/190
f 1732/192/191 1747/216/191 1748/203/191
f 1740/194/192 1755/218/192 1756/219/192
f 1752/210/193 1767/220/193 1768/221/193
f 1761/213/596 1760/211/596 1775/222/596
f 1753/212/901 1768/221/901 1769/224/901
f 1754/214/198 1769/224/198 1770/228/198
f 1748/203/968 1747/216/968 1762/226/968
f 1755/218/200 1770/228/200 1771/230/200
f 1749/204/201 1748/203/201 1763/229/201
f 1756/219/1025 1771/230/1025 1772/232/1025
f 1749/204/1026 1764/231/1026 1765/233/1026
f 1758/207/204 1757/205/204 1772/232/204
f 1750/206/205 1765/233/205 1766/235/205
f 1759/209/206 1758/207/206 1773/234/206
f 1751/208/602 1766/235/602 1767/220/602
f 1759/209/208 1774/236/208 1775/222/208
f 1771/230/209 1786/237/209 1787/238/209
f 1765/233/210 1764/231/210 1779/239/210
f 1772/232/1027 1787/238/1027 1788/241/1027
f 1766/235/903 1765/233/903 1780/240/903
f 1773/234/213 1788/241/213 1789/243/213
f 1767/220/214 1766/235/214 1781/242/214
f 1774/236/799 1789/243/799 1790/245/799
f 1768/221/1028 1767/220/1028 1782/244/1028
f 1776/223/217 1775/222/217 1790/245/217
f 1768/221/218 1783/246/218 1784/248/218
f 1770/228/221 1769/224/221 1784/248/221
f 1762/226/607 1777/250/607 1778/253/607
f 1770/228/223 1785/252/223 1786/237/223
f 1764/231/608 1763/229/608 1778/253/608
f 1791/247/609 1790/245/609 1805/269/609
f 1784/248/610 1783/246/610 1798/270/610
f 1784/248/229 1799/255/229 1800/259/229
f 1777/250/906 1792/257/906 1793/260/906
f 1786/237/231 1785/252/231 1800/259/231
f 1778/253/1029 1793/260/1029 1794/262/1029
f 1786/237/1030 1801/261/1030 1802/263/1030
f 1779/239/234 1794/262/234 1795/264/234
f 1787/238/235 1802/263/235 1803/265/235
f 1781/242/1031 1780/240/1031 1795/264/1031
f 1789/243/614 1788/241/614 1803/265/614
f 1782/244/238 1781/242/238 1796/266/238
f 1789/243/239 1804/267/239 1805/269/239
f 1782/244/240 1797/268/240 1798/270/240
f 1795/264/1032 1794/262/1032 1809/271/1032
f 1802/263/242 1817/273/242 1818/274/242
f 1795/264/243 1810/272/243 1811/275/243
f 1803/265/244 1818/274/244 1819/276/244
f 1796/266/245 1811/275/245 1812/277/245
f 1805/269/246 1804/267/246 1819/276/246
f 1797/268/247 1812/277/247 1813/279/247
f 1805/269/248 1820/278/248 1821/280/248
f 1799/255/617 1798/270/617 1813/279/617
f 1799/255/252 1814/281/252 1815/285/252
f 1793/260/253 1792/257/253 1807/283/253
f 1801/261/254 1800/259/254 1815/285/254
f 1794/262/1033 1793/260/1033 1808/286/1033
f 1802/263/618 1801/261/618 1816/287/618
f 1814/281/257 1813/279/257 1828/288/257
f 1814/281/619 1829/289/619 1830/294/619
f 1807/283/1034 1822/291/1034 1823/295/1034
f 1816/287/262 1815/285/262 1830/294/262
f 1809/271/263 1808/286/263 1823/295/263
f 1816/287/264 1831/296/264 1832/298/264
f 1809/271/265 1824/297/265 1825/299/265
f 1818/274/266 1817/273/266 1832/298/266
f 1811/275/1035 1810/272/1035 1825/299/1035
f 1818/274/268 1833/300/268 1834/302/268
f 1812/277/269 1811/275/269 1826/301/269
f 1820/278/815 1819/276/815 1834/302/815
f 1812/277/271 1827/303/271 1828/288/271
f 1821/280/621 1820/278/621 1835/304/621
f 1832/298/273 1847/321/273 1848/305/273
f 1826/301/274 1825/299/274 1840/306/274
f 1834/302/622 1833/300/622 1848/305/622
f 1827/303/276 1826/301/276 1841/307/276
f 1835/304/277 1834/302/277 1849/308/277
f 1827/303/278 1842/309/278 1843/311/278
f 1835/304/730 1850/310/730 1851/312/730
f 1829/289/915 1828/288/915 1843/311/915
f 1829/289/626 1844/313/626 1845/317/626
f 1823/295/916 1822/291/916 1837/315/916
f 1830/294/285 1845/317/285 1846/319/285
f 1823/295/1036 1838/318/1036 1839/320/1036
f 1831/296/287 1846/319/287 1847/321/287
f 1825/299/918 1824/297/918 1839/320/918
f 1844/313/290 1859/324/290 1860/325/290
f 1837/315/291 1852/326/291 1853/327/291
f 1846/319/292 1845/317/292 1860/325/292
f 1838/318/293 1853/327/293 1854/329/293
f 1847/321/294 1846/319/294 1861/328/294
f 1839/320/295 1854/329/295 1855/331/295
f 1847/321/630 1862/330/630 1863/332/630
f 1841/307/631 1840/306/631 1855/331/631
f 1848/305/632 1863/332/632 1864/334/632
f 1842/309/1037 1841/307/1037 1856/333/1037
f 1850/310/1038 1849/308/1038 1864/334/1038
f 1842/309/301 1857/335/301 1858/337/301
f 1851/312/302 1850/310/302 1865/336/302
f 1844/313/635 1843/311/635 1858/337/635
f 1864/334/1039 1863/332/1039 1878/354/1039
f 1857/335/306 1856/333/306 1871/355/306
f 1864/334/307 1879/339/307 1880/341/307
f 1857/335/732 1872/340/732 1873/342/732
f 1866/323/925 1865/336/925 1880/341/925
f 1858/337/1040 1873/342/1040 1874/344/1040
f 1860/325/1041 1859/324/1041 1874/344/1041
f 1852/326/1042 1867/346/1042 1868/349/1042
f 1860/325/639 1875/348/639 1876/350/639
f 1854/329/316 1853/327/316 1868/349/316
f 1862/330/317 1861/328/317 1876/350/317
f 1854/329/1043 1869/351/1043 1870/353/1043
f 1863/332/734 1862/330/734 1877/352/734
f 1855/331/320 1870/353/320 1871/355/320
f 1868/349/1044 1867/346/1044 1883/356/1044
f 1875/348/322 1891/372/322 1892/358/322
f 1869/351/323 1868/349/323 1884/357/323
f 1876/350/324 1892/358/324 1893/360/324
f 1870/353/1045 1869/351/1045 1885/359/1045
f 1877/352/1046 1893/360/1046 1894/362/1046
f 1871/355/327 1870/353/327 1886/361/327
f 1878/354/328 1894/362/328 1895/364/328
f 1872/340/329 1871/355/329 1887/363/329
f 1879/339/330 1895/364/330 1896/366/330
f 1873/342/331 1872/340/331 1888/365/331
f 1880/341/735 1896/366/735 1897/368/735
f 1873/342/333 1889/367/333 1890/369/333
f 1875/348/336 1874/344/336 1890/369/336
f 1887/363/337 1902/373/337 1903/374/337
f 1896/366/643 1895/364/643 1910/375/643
f 1889/367/339 1888/365/339 1903/374/339
f 1897/368/1047 1896/366/1047 1911/376/1047
f 1890/369/341 1889/367/341 1904/377/341
f 1890/369/930 1905/379/930 1906/383/930
f 1884/357/1048 1883/356/1048 1898/381/1048
f 1892/358/346 1891/372/346 1906/383/346
f 1884/357/646 1899/384/646 1900/386/646
f 1893/360/348 1892/358/348 1907/385/348
f 1885/359/349 1900/386/349 1901/388/349
f 1893/360/350 1908/387/350 1909/389/350
f 1887/363/647 1886/361/647 1901/388/647
f 1895/364/1049 1894/362/1049 1909/389/1049
f 1906/383/353 1921/406/353 1922/390/353
f 1899/384/1050 1914/391/1050 1915/392/1050
f 1907/385/355 1922/390/355 1923/393/355
f 1901/388/1051 1900/386/1051 1915/392/1051
f 1908/387/357 1923/393/357 1924/395/357
f 1902/373/358 1901/388/358 1916/394/358
f 1909/389/359 1924/395/359 1925/397/359
f 1902/373/360 1917/396/360 1918/398/360
f 1911/376/361 1910/375/361 1925/397/361
f 1903/374/362 1918/398/362 1919/400/362
f 1911/376/363 1926/399/363 1927/401/363
f 1904/377/1052 1919/400/1052 1920/402/1052
f 1905/379/367 1920/402/367 1921/406/367
f 1898/381/368 1913/404/368 1914/391/368
f 1925/397/369 1940/423/369 1941/407/369
f 1919/400/370 1918/398/370 1933/408/370
f 1926/399/1053 1941/407/1053 1942/410/1053
f 1920/402/839 1919/400/839 1934/409/839
f 1920/402/840 1935/411/840 1936/415/840
f 1914/391/652 1913/404/652 1928/413/652
f 1921/406/1054 1936/415/1054 1937/417/1054
f 1915/392/653 1914/391/653 1929/416/653
f 1922/390/379 1937/417/379 1938/419/379
f 1915/392/738 1930/418/738 1931/420/738
f 1924/395/381 1923/393/381 1938/419/381
f 1916/394/654 1931/420/654 1932/422/654
f 1925/397/383 1924/395/383 1939/421/383
f 1918/398/384 1917/396/384 1932/422/384
f 1929/424/655 1944/454/655 1945/425/655
f 1938/427/656 1937/455/656 1952/428/656
f 1931/431/387 1930/426/387 1945/425/387
f 1939/433/388 1938/427/388 1953/429/388
f 1932/435/657 1931/431/657 1946/430/657
f 1939/433/1055 1954/432/1055 1955/437/1055
f 1932/435/391 1947/434/391 1948/438/391
f 1941/441/939 1940/436/939 1955/437/939
f 1934/442/393 1933/439/393 1948/438/393
f 1942/444/974 1941/441/974 1956/440/974
f 1934/442/844 1949/443/844 1950/447/844
f 1935/446/847 1950/447/847 1951/453/847
f 1928/448/399 1943/450/399 1944/454/399
f 1936/452/400 1951/453/400 1952/428/400
f 1949/443/660 1948/438/660 1963/456/660
f 1957/445/1056 1956/440/1056 1971/458/1056
f 1950/447/403 1949/443/403 1964/457/403
f 1951/453/1057 1950/447/1057 1965/460/1057
f 1943/450/663 1958/462/663 1959/465/663
f 1951/453/408 1966/464/408 1967/466/408
f 1945/425/664 1944/454/664 1959/465/664
f 1953/429/410 1952/428/410 1967/466/410
f 1945/425/411 1960/467/411 1961/469/411
f 1954/432/412 1953/429/412 1968/468/412
f 1946/430/413 1961/469/413 1962/471/413
f 1955/437/414 1954/432/414 1969/470/414
f 1947/434/415 1962/471/415 1963/456/415
f 1955/437/1058 1970/472/1058 1971/458/1058
f 1967/466/417 1982/473/417 1983/474/417
f 1961/469/418 1960/467/418 1975/475/418
f 1969/470/419 1968/468/419 1983/474/419
f 1961/469/667 1976/476/667 1977/478/667
f 1969/470/421 1984/477/421 1985/479/421
f 1963/456/668 1962/471/668 1977/478/668
f 1970/472/853 1985/479/853 1986/481/853
f 1964/457/669 1963/456/669 1978/480/669
f 1971/458/943 1986/481/943 1987/483/943
f 1964/457/670 1979/482/670 1980/484/670
f 1965/460/945 1980/484/945 1981/488/945
f 1958/462/430 1973/486/430 1974/489/430
f 1966/464/431 1981/488/431 1982/473/431
f 1960/467/432 1959/465/432 1974/489/432
f 1987/483/674 1986/481/674 2001/490/674
f 1980/484/434 1979/482/434 1994/492/434
f 1980/484/437 1995/493/437 1996/497/437
f 1973/486/1059 1988/495/1059 1989/498/1059
f 1982/473/439 1981/488/439 1996/497/439
f 1974/489/440 1989/498/440 1990/500/440
f 1983/474/441 1982/473/441 1997/499/441
f 1976/476/442 1975/475/442 1990/500/442
f 1984/477/857 1983/474/857 1998/501/857
f 1976/476/444 1991/502/444 1992/504/444
f 1984/477/445 1999/503/445 2000/505/445
f 1978/480/446 1977/478/446 1992/504/446
f 1985/479/447 2000/505/447 2001/490/447
f 1978/480/948 1993/506/948 1994/492/948
f 1998/501/449 2013/507/449 2014/508/449
f 1991/502/1060 2006/523/1060 2007/509/1060
f 1999/503/451 2014/508/451 2015/510/451
f 1992/504/452 2007/509/452 2008/511/452
f 2001/490/453 2000/505/453 2015/510/453
f 1993/506/681 2008/511/681 2009/513/681
f 2001/490/455 2016/512/455 2017/514/455
f 1994/492/1061 2009/513/1061 2010/515/1061
f 1995/493/459 2010/515/459 2011/519/459
f 1989/498/1062 1988/495/1062 2003/517/1062
f 1997/499/461 1996/497/461 2011/519/461
f 1989/498/685 2004/520/685 2005/522/685
f 1997/499/463 2012/521/463 2013/507/463
f 1991/502/977 1990/500/977 2005/522/977
f 2010/515/467 2025/528/467 2026/529/467
f 2003/517/468 2018/525/468 2019/530/468
f 2011/519/469 2026/529/469 2027/531/469
f 2004/520/470 2019/530/470 2020/532/470
f 2012/521/471 2027/531/471 2028/533/471
f 2006/523/472 2005/522/472 2020/532/472
f 2014/508/687 2013/507/687 2028/533/687
f 2006/523/474 2021/534/474 2022/536/474
f 2014/508/475 2029/535/475 2030/537/475
f 2008/511/476 2007/509/476 2022/536/476
f 2016/512/688 2015/510/688 2030/537/688
f 2009/513/478 2008/511/478 2023/538/478
f 2016/512/479 2031/539/479 2032/527/479
f 2009/513/690 2024/540/690 2025/528/690
f 2021/534/691 2036/557/691 2037/541/691
f 2029/535/482 2044/542/482 2045/543/482
f 2022/536/483 2037/541/483 2038/544/483
f 2030/537/484 2045/543/484 2046/545/484
f 2024/540/485 2023/538/485 2038/544/485
f 2032/527/746 2031/539/746 2046/545/746
f 2024/540/487 2039/546/487 2040/548/487
f 2026/529/695 2025/528/695 2040/548/695
f 2018/525/979 2033/550/979 2034/553/979
f 2026/529/492 2041/552/492 2042/554/492
f 2020/532/1063 2019/530/1063 2034/553/1063
f 2028/533/1064 2027/531/1064 2042/554/1064
f 2021/534/495 2020/532/495 2035/555/495
f 2029/535/496 2028/533/496 2043/556/496
f 2041/552/497 2040/548/497 1578/7/497
f 2034/553/698 2033/550/698 2048/1/698
f 2041/552/499 1579/9/499 2052/13/499
f 2034/553/1065 2049/11/1065 1575/14/1065
f 2042/554/501 2052/13/501 1580/16/501
f 2036/557/956 2035/555/956 1575/14/956
f 2043/556/503 1580/16/503 2053/21/503
f 2036/557/1066 2050/19/1066 1576/22/1066
f 2044/542/699 2053/21/699 2054/24/699
f 2037/541/506 1576/22/506 2051/27/506
f 2046/545/1067 2045/543/1067 2054/24/1067
f 2039/546/508 2038/544/508 2051/27/508
f 2046/545/509 2055/29/509 2056/5/509
f 2039/546/510 1577/30/510 1578/7/510
