# Blender 4.4.3
# www.blender.org
o Cylinder.001
v -0.002818 -0.209843 1.307418
v -0.002818 -0.417147 1.307418
v -0.020852 -0.209843 1.305642
v -0.020852 -0.417147 1.305642
v -0.038192 -0.209843 1.300382
v -0.038192 -0.417147 1.300382
v -0.054173 -0.209843 1.291839
v -0.054173 -0.417147 1.291840
v -0.068181 -0.209843 1.280344
v -0.068181 -0.417147 1.280344
v -0.079676 -0.209843 1.266336
v -0.079676 -0.417147 1.266337
v -0.088218 -0.209843 1.250355
v -0.088218 -0.417147 1.250356
v -0.093478 -0.209843 1.233015
v -0.093478 -0.417147 1.233015
v -0.095255 -0.209843 1.214982
v -0.095255 -0.417147 1.214982
v -0.093478 -0.209843 1.196948
v -0.093478 -0.417147 1.196948
v -0.088218 -0.209843 1.179608
v -0.088218 -0.417147 1.179608
v -0.079676 -0.209843 1.163627
v -0.079676 -0.417147 1.163627
v -0.068181 -0.209843 1.149619
v -0.068181 -0.417147 1.149619
v -0.054173 -0.209843 1.138124
v -0.054173 -0.417147 1.138124
v -0.038192 -0.209843 1.129582
v -0.038192 -0.417147 1.129582
v -0.020852 -0.209843 1.124321
v -0.020852 -0.417147 1.124322
v -0.002818 -0.209843 1.122545
v -0.002818 -0.417147 1.122545
v 0.015215 -0.209843 1.124321
v 0.015215 -0.417147 1.124322
v 0.032556 -0.209843 1.129582
v 0.032556 -0.417147 1.129582
v 0.048537 -0.209843 1.138124
v 0.048537 -0.417147 1.138124
v 0.062544 -0.209843 1.149619
v 0.062544 -0.417147 1.149619
v 0.074040 -0.209843 1.163627
v 0.074040 -0.417147 1.163627
v 0.082582 -0.209843 1.179608
v 0.082582 -0.417147 1.179608
v 0.087842 -0.209843 1.196948
v 0.087842 -0.417147 1.196948
v 0.089618 -0.209843 1.214982
v 0.089618 -0.417147 1.214981
v 0.087842 -0.209843 1.233015
v 0.087842 -0.417147 1.233015
v 0.082582 -0.209843 1.250355
v 0.082582 -0.417147 1.250355
v 0.074040 -0.209843 1.266337
v 0.074040 -0.417147 1.266336
v 0.062544 -0.209843 1.280344
v 0.062544 -0.417147 1.280344
v 0.048537 -0.209843 1.291840
v 0.048537 -0.417147 1.291840
v 0.032556 -0.209843 1.300382
v 0.032556 -0.417147 1.300382
v 0.015215 -0.209843 1.305642
v 0.015215 -0.417147 1.305642
v -0.640527 -0.880079 0.642537
v -0.264612 0.887207 0.264612
v -0.637856 -0.857937 -0.584127
v -0.264612 0.887208 -0.264612
v 0.640527 -0.880079 0.637211
v 0.264612 0.887208 0.264612
v 0.637856 -0.857937 -0.577753
v 0.264612 0.887208 -0.264612
v -0.712872 0.138645 0.694802
v -0.720469 0.138664 -0.716428
v 0.720469 0.138664 -0.712110
v 0.712872 0.138645 0.691199
v -0.981123 -0.403462 -0.956868
v 0.981123 -0.403462 -0.940891
v 0.948816 -0.439038 0.890114
v -0.962375 -0.411322 0.898023
v -0.518682 0.570544 0.518638
v -0.518701 0.570544 -0.518691
v 0.518701 0.570544 -0.518681
v 0.490140 0.568100 0.557617
v -0.712650 -0.883145 -0.330722
v -0.748662 -0.899867 0.035010
v -0.714418 -0.896662 0.396968
v -0.462185 0.672644 0.462185
v -0.395469 0.766297 0.395470
v -0.323883 0.841895 0.323883
v -0.291973 0.901430 0.155853
v -0.304675 0.908210 0.000000
v -0.291973 0.901430 -0.155853
v -0.955726 -0.548307 -0.924381
v -0.876587 -0.682068 -0.837119
v -0.756487 -0.791302 -0.708449
v 0.377889 -0.876808 -0.646824
v -0.000000 -0.885758 -0.681011
v -0.377889 -0.876808 -0.650925
v -0.155853 0.901430 -0.291973
v 0.000000 0.908210 -0.304675
v 0.155853 0.901430 -0.291973
v 0.955725 -0.548307 -0.909533
v 0.876587 -0.682068 -0.824990
v 0.756487 -0.791302 -0.699478
v 0.714418 -0.896662 0.393710
v 0.748662 -0.899867 0.035559
v 0.712650 -0.883145 -0.326377
v 0.291973 0.901430 -0.155853
v 0.304675 0.908210 0.000000
v 0.291973 0.901430 0.155853
v 0.942760 -0.562230 0.878283
v 0.875296 -0.701612 0.826200
v 0.759085 -0.813722 0.735434
v -0.379657 -0.903000 0.717415
v -0.000000 -0.913976 0.751580
v 0.379657 -0.903000 0.713913
v 0.155853 0.901430 0.291973
v -0.000000 0.908210 0.304675
v -0.155853 0.901430 0.291973
v -0.931205 -0.262162 0.870545
v -0.866954 -0.119905 0.818457
v -0.788120 0.013990 0.755441
v -0.564970 0.467099 -0.564850
v -0.607694 0.362566 -0.607098
v -0.656495 0.254115 -0.654704
v 0.564970 0.467099 -0.564722
v 0.607694 0.362566 -0.606456
v 0.656495 0.254115 -0.652780
v 0.533960 0.464659 0.606647
v 0.609039 0.360993 0.606962
v 0.653099 0.254115 0.643440
v 0.389309 0.138642 0.893563
v 0.000000 0.138641 0.962758
v -0.389309 0.138642 0.896131
v 0.924908 0.138660 -0.393852
v 0.991426 0.138654 -0.010387
v 0.919607 0.138649 0.373044
v -0.394610 0.138667 -0.917595
v 0.000000 0.138668 -0.984027
v 0.394610 0.138667 -0.914636
v -0.919607 0.138649 0.375347
v -0.991426 0.138654 -0.010882
v -0.924907 0.138660 -0.397076
v -0.801645 0.014225 -0.794087
v -0.886136 -0.118733 -0.873888
v -0.952983 -0.258646 -0.935097
v 0.801645 0.014225 -0.786263
v 0.886136 -0.118733 -0.862216
v 0.952983 -0.258646 -0.920346
v 0.788120 0.013990 0.748912
v 0.864092 -0.119905 0.810408
v 0.906354 -0.239948 0.854177
v -0.759085 -0.813722 0.742956
v -0.875296 -0.701612 0.836341
v -0.945622 -0.562230 0.888987
v -1.243929 -0.409565 0.478743
v -1.344234 -0.407440 -0.029667
v -1.257010 -0.405267 -0.537958
v -0.538018 -0.402356 -1.218264
v -0.000000 -0.401999 -1.301570
v 0.538018 -0.402356 -1.207316
v 1.257010 -0.405268 -0.526032
v 1.341849 -0.407440 -0.026429
v 1.238566 -0.411431 0.477499
v 0.508857 -0.440295 1.157242
v -0.016531 -0.414690 1.257212
v -0.527323 -0.412476 1.161435
v -0.653099 0.254115 0.645046
v -0.606563 0.362566 0.603878
v -0.564743 0.467099 0.564206
v -0.323883 0.841895 -0.323883
v -0.395469 0.766297 -0.395470
v -0.462185 0.672644 -0.462185
v 0.323883 0.841895 -0.323883
v 0.395470 0.766297 -0.395469
v 0.462185 0.672644 -0.462185
v 0.323883 0.841895 0.323883
v 0.395469 0.766297 0.395470
v 0.463661 0.671258 0.466096
v 0.332356 0.566913 0.653286
v -0.332357 0.566913 0.653293
v 0.667461 0.570560 -0.283696
v 0.722319 0.568141 -0.050030
v -0.283698 0.570560 -0.667443
v -0.000000 0.570577 -0.717478
v 0.283698 0.570560 -0.667435
v -0.667448 0.570560 0.283650
v -0.717497 0.570577 -0.000027
v -0.667461 0.570560 -0.283704
v -0.594393 0.672840 0.252894
v -0.506724 0.767310 0.217010
v -0.406371 0.845469 0.180531
v -0.638772 0.673037 0.000000
v -0.543648 0.768294 -0.000000
v -0.432851 0.848480 -0.000000
v -0.594393 0.672840 -0.252894
v -0.506724 0.767310 -0.217010
v -0.406371 0.845469 -0.180531
v -0.252894 0.672840 -0.594393
v -0.217010 0.767310 -0.506724
v -0.180531 0.845469 -0.406371
v 0.000000 0.673037 -0.638772
v 0.000000 0.768294 -0.543648
v 0.000000 0.848480 -0.432851
v 0.252894 0.672840 -0.594393
v 0.217010 0.767310 -0.506724
v 0.180531 0.845469 -0.406371
v 0.594393 0.672840 -0.252894
v 0.506724 0.767310 -0.217010
v 0.406371 0.845469 -0.180531
v 0.641296 0.671617 -0.001598
v 0.543648 0.768294 0.000000
v 0.432851 0.848480 0.000000
v 0.578689 0.687666 0.246402
v 0.506724 0.767310 0.217010
v 0.406371 0.845469 0.180531
v 0.255884 0.670574 0.595010
v 0.217010 0.767310 0.506724
v 0.180531 0.845469 0.406371
v -0.000001 0.686675 0.619896
v -0.000000 0.768294 0.543648
v -0.000000 0.848480 0.432851
v -0.255885 0.670574 0.595010
v -0.217010 0.767310 0.506724
v -0.180531 0.845469 0.406371
v -0.385747 -0.929582 -0.328915
v 0.000000 -0.944923 -0.336556
v 0.385747 -0.929583 -0.326656
v -0.398135 -0.953259 0.045217
v 0.000000 -0.971156 0.048735
v 0.398135 -0.953259 0.045463
v -0.386723 -0.945126 0.413305
v 0.000000 -0.961595 0.427236
v 0.386723 -0.945126 0.411558
v 0.154836 0.933725 -0.154836
v 0.000000 0.944548 -0.158129
v -0.154836 0.933726 -0.154836
v 0.158129 0.944548 0.000000
v 0.000000 0.956727 0.000000
v -0.158129 0.944548 -0.000000
v 0.154836 0.933726 0.154836
v -0.000000 0.944548 0.158129
v -0.154836 0.933726 0.154836
v 0.485321 -0.240349 1.111699
v 0.469844 -0.120073 1.053007
v 0.430017 0.013957 0.971072
v -0.017306 -0.264472 1.220103
v -0.002385 -0.120129 1.137348
v 0.000000 0.013945 1.047828
v -0.510035 -0.262666 1.127231
v -0.473183 -0.120073 1.058540
v -0.430017 0.013957 0.975725
v 1.219943 -0.259442 -0.516228
v 1.134685 -0.118998 -0.482734
v 1.027623 0.014172 -0.437848
v 1.300887 -0.260404 -0.029412
v 1.212116 -0.119319 -0.026282
v 1.099623 0.014107 -0.018551
v 1.198423 -0.263012 0.460902
v 1.118917 -0.119639 0.430922
v 1.018187 0.014043 0.400683
v -0.522844 -0.258142 -1.189821
v -0.486088 -0.118565 -1.113251
v -0.439453 0.014258 -1.014078
v -0.000000 -0.257972 -1.271250
v 0.000000 -0.118508 -1.190403
v 0.000000 0.014270 -1.085827
v 0.522844 -0.258142 -1.179714
v 0.486089 -0.118565 -1.105253
v 0.439453 0.014258 -1.008717
v -1.204749 -0.261365 0.462337
v -1.121302 -0.119639 0.435739
v -1.018187 0.014043 0.404857
v -1.303272 -0.260404 -0.032510
v -1.212593 -0.119319 -0.027901
v -1.099623 0.014107 -0.019447
v -1.219943 -0.259442 -0.527239
v -1.134685 -0.118998 -0.491447
v -1.027623 0.014172 -0.443689
v -0.955730 -0.813938 0.422544
v -1.123528 -0.698639 0.459248
v -1.219396 -0.559354 0.479214
v -1.019478 -0.812189 0.018983
v -1.206777 -0.694774 -0.000013
v -1.314390 -0.555845 -0.017821
v -0.953928 -0.801589 -0.386210
v -1.124429 -0.688020 -0.459733
v -1.226445 -0.551759 -0.514848
v -0.420839 -0.793249 -0.894133
v -0.480663 -0.680624 -1.070489
v -0.523609 -0.546566 -1.179732
v -0.000000 -0.796461 -0.952092
v -0.000000 -0.681040 -1.144749
v -0.000000 -0.546163 -1.261198
v 0.420839 -0.793249 -0.887994
v 0.480663 -0.680624 -1.062173
v 0.523609 -0.546566 -1.169557
v 0.953928 -0.801589 -0.379588
v 1.124429 -0.688020 -0.450698
v 1.226445 -0.551759 -0.503769
v 1.019478 -0.812189 0.019920
v 1.206777 -0.694774 0.001342
v 1.313913 -0.555845 -0.015846
v 0.955730 -0.813938 0.417703
v 1.123528 -0.698639 0.452745
v 1.217011 -0.559354 0.472696
v 0.422641 -0.822279 0.925625
v 0.479762 -0.706035 1.063502
v 0.513698 -0.564548 1.137861
v -0.000000 -0.827918 0.990995
v -0.000000 -0.708508 1.146078
v -0.002385 -0.565528 1.228658
v -0.422641 -0.822279 0.930950
v -0.479762 -0.706035 1.070722
v -0.517037 -0.564548 1.145284
v 0.356935 0.254115 0.829843
v 0.333808 0.360126 0.778318
v 0.361838 0.463456 0.711195
v -0.000000 0.254115 0.893052
v -0.000001 0.341590 0.838749
v -0.356935 0.254115 0.830987
v -0.333809 0.360126 0.778681
v -0.361839 0.463456 0.711285
v 0.843819 0.254115 -0.358977
v 0.781686 0.362566 -0.332335
v 0.726972 0.467099 -0.308987
v 0.905832 0.254115 -0.004640
v 0.842383 0.360993 -0.001982
v 0.786992 0.464659 -0.054603
v 0.841450 0.254115 0.349682
v 0.786054 0.342794 0.331280
v -0.359304 0.254115 -0.840574
v -0.332444 0.362566 -0.780605
v -0.309008 0.467099 -0.726755
v 0.000000 0.254115 -0.902552
v -0.000000 0.362566 -0.838795
v -0.000000 0.467099 -0.781191
v 0.359304 0.254115 -0.839255
v 0.332444 0.362566 -0.780165
v 0.309008 0.467099 -0.726668
v -0.841450 0.254115 0.350708
v -0.780897 0.362566 0.329578
v -0.726814 0.467099 0.308435
v -0.905832 0.254115 -0.004860
v -0.839888 0.362566 -0.001620
v -0.781410 0.467099 -0.000324
v -0.843819 0.254115 -0.360413
v -0.781686 0.362566 -0.332813
v -0.726972 0.467099 -0.309082
v 0.900793 -0.299654 0.838140
v 0.923375 -0.399513 0.857106
v 1.164180 -0.384649 0.564984
v 0.484604 -0.400486 1.123935
v 0.096108 -0.386907 1.224518
v 0.472109 -0.300212 1.099798
v 0.092880 -0.311597 1.205011
v 1.143718 -0.310060 0.554444
v 0.541418 0.558343 0.486930
v 0.591063 0.454902 0.530181
v 0.640841 0.378241 0.535474
v 0.510661 0.637148 0.431061
v 0.708245 0.558383 0.041968
v 0.646339 0.555924 0.275634
v 0.649353 0.637307 0.060643
v 0.591486 0.644641 0.252297
v 0.813387 0.378241 0.077174
v 0.772891 0.454902 0.045974
v 0.753552 0.368355 0.319253
v 0.705706 0.452462 0.300356
v 0.292028 0.553160 0.656566
v -0.292035 0.553160 0.656573
v 0.223052 0.639462 0.604232
v -0.000004 0.656801 0.614054
v -0.223059 0.639462 0.604232
v 0.280366 0.363152 0.769981
v 0.317925 0.449699 0.716695
v -0.000004 0.345819 0.807735
v -0.280373 0.363152 0.770213
v -0.317932 0.449699 0.716779
v 0.243356 0.552786 0.664307
v -0.000003 0.553615 0.690617
v -0.243363 0.552786 0.664313
v 0.202603 0.630049 0.613189
v -0.000004 0.639141 0.626574
v -0.202610 0.630049 0.613189
v 0.251011 0.371032 0.769236
v 0.264937 0.449321 0.725184
v -0.000004 0.362774 0.798259
v -0.000003 0.450137 0.753749
v -0.251018 0.371032 0.769427
v -0.264944 0.449321 0.725254
v 1.191931 -0.220497 0.590777
v 1.191930 -0.427801 0.590777
v 1.173897 -0.220497 0.589001
v 1.173897 -0.427801 0.589001
v 1.156557 -0.220497 0.583741
v 1.156557 -0.427801 0.583741
v 1.140576 -0.220497 0.575199
v 1.140576 -0.427801 0.575199
v 1.126568 -0.220497 0.563703
v 1.126568 -0.427801 0.563703
v 1.115072 -0.220497 0.549695
v 1.115072 -0.427801 0.549695
v 1.106531 -0.220497 0.533714
v 1.106531 -0.427801 0.533714
v 1.101270 -0.220497 0.516374
v 1.101270 -0.427801 0.516374
v 1.099494 -0.220497 0.498341
v 1.099494 -0.427801 0.498341
v 1.101270 -0.220497 0.480307
v 1.101270 -0.427801 0.480307
v 1.106531 -0.220497 0.462967
v 1.106530 -0.427801 0.462967
v 1.115073 -0.220497 0.446986
v 1.115072 -0.427801 0.446986
v 1.126568 -0.220497 0.432978
v 1.126568 -0.427801 0.432978
v 1.140576 -0.220497 0.421483
v 1.140575 -0.427801 0.421483
v 1.156557 -0.220497 0.412941
v 1.156556 -0.427801 0.412941
v 1.173897 -0.220497 0.407680
v 1.173897 -0.427801 0.407680
v 1.191931 -0.220497 0.405904
v 1.191930 -0.427801 0.405904
v 1.209964 -0.220497 0.407680
v 1.209964 -0.427801 0.407680
v 1.227305 -0.220497 0.412941
v 1.227304 -0.427801 0.412941
v 1.243285 -0.220497 0.421483
v 1.243285 -0.427801 0.421483
v 1.257293 -0.220497 0.432978
v 1.257293 -0.427801 0.432978
v 1.268789 -0.220497 0.446986
v 1.268788 -0.427801 0.446986
v 1.277331 -0.220497 0.462967
v 1.277330 -0.427801 0.462967
v 1.282591 -0.220497 0.480307
v 1.282591 -0.427801 0.480307
v 1.284367 -0.220497 0.498341
v 1.284367 -0.427801 0.498341
v 1.282591 -0.220497 0.516374
v 1.282590 -0.427801 0.516374
v 1.277331 -0.220497 0.533714
v 1.277330 -0.427801 0.533714
v 1.268788 -0.220497 0.549695
v 1.268788 -0.427801 0.549695
v 1.257293 -0.220497 0.563703
v 1.257293 -0.427801 0.563703
v 1.243286 -0.220497 0.575199
v 1.243285 -0.427801 0.575199
v 1.227305 -0.220497 0.583741
v 1.227304 -0.427801 0.583741
v 1.209964 -0.220497 0.589001
v 1.209964 -0.427801 0.589001
v -0.242573 -1.393886 -0.954380
v -0.095406 -0.843531 -0.673341
v -0.045033 -1.401667 -0.931596
v 0.013839 -0.845231 -0.663970
v 0.161165 -1.402400 -0.900616
v 0.122846 -0.846192 -0.634969
v 0.328889 -1.397433 -0.874059
v 0.221950 -0.846030 -0.590003
v 0.476406 -1.391125 -0.802341
v 0.309925 -0.845036 -0.523971
v 0.593602 -1.386039 -0.672924
v 0.379795 -0.843830 -0.439187
v 0.664077 -1.380575 -0.511869
v 0.426393 -0.842948 -0.343081
v 0.690039 -1.378120 -0.345276
v 0.452563 -0.842651 -0.240365
v 0.685923 -1.382855 -0.199864
v 0.460581 -0.843256 -0.137125
v 0.674361 -1.393008 -0.083648
v 0.452805 -0.844583 -0.037191
v 0.656054 -1.402386 0.015141
v 0.427543 -0.845139 0.057625
v 0.615868 -1.404386 0.118896
v 0.381980 -0.844058 0.145915
v 0.552719 -1.398869 0.233415
v 0.316730 -0.841686 0.225075
v 0.469740 -1.391534 0.351125
v 0.235978 -0.839419 0.292980
v 0.368354 -1.386545 0.450335
v 0.144868 -0.838379 0.344527
v 0.249305 -1.384334 0.512885
v 0.048678 -0.839122 0.376891
v 0.105399 -1.383168 0.540453
v -0.050888 -0.840949 0.389319
v -0.065647 -1.381212 0.535925
v -0.153421 -0.841820 0.381565
v -0.247383 -1.380271 0.507163
v -0.254775 -0.841819 0.354703
v -0.425969 -1.382193 0.440143
v -0.351873 -0.841456 0.306244
v -0.581654 -1.384324 0.310423
v -0.437926 -0.841254 0.238061
v -0.693876 -1.383959 0.153601
v -0.507241 -0.841456 0.153812
v -0.771251 -1.381698 0.004927
v -0.557091 -0.841880 0.059443
v -0.809340 -1.378270 -0.114026
v -0.586970 -0.842130 -0.038414
v -0.815193 -1.373629 -0.214602
v -0.596913 -0.841891 -0.138078
v -0.800154 -1.368236 -0.309751
v -0.586787 -0.841272 -0.236674
v -0.768878 -1.363170 -0.403702
v -0.560032 -0.840511 -0.333031
v -0.722789 -1.359749 -0.498572
v -0.517086 -0.839914 -0.423864
v -0.667380 -1.359517 -0.608229
v -0.455385 -0.839594 -0.503970
v -0.599332 -1.363134 -0.724511
v -0.378841 -0.839751 -0.571779
v -0.510217 -1.371424 -0.836003
v -0.292352 -0.840664 -0.625574
v -0.396093 -1.382852 -0.920315
v -0.197559 -0.842042 -0.660282
v -0.123714 -1.438060 -0.920530
v -0.037802 -0.784294 -0.607886
v -0.185219 -1.125036 -0.850446
v -0.025632 -1.131290 -0.836990
v 0.071610 -1.440318 -0.890686
v 0.058327 -0.785313 -0.589952
v 0.141736 -1.133983 -0.803537
v 0.243831 -1.436630 -0.870227
v 0.148918 -0.785527 -0.557068
v 0.286945 -1.132489 -0.760426
v 0.388697 -1.430368 -0.832118
v 0.230420 -0.785148 -0.507670
v 0.417109 -1.128541 -0.680101
v 0.514043 -1.425753 -0.741423
v 0.299813 -0.784325 -0.440801
v 0.517172 -1.124281 -0.561662
v 0.605086 -1.422259 -0.604572
v 0.351297 -0.783608 -0.361136
v 0.574413 -1.120639 -0.425164
v 0.652030 -1.419092 -0.448815
v 0.384008 -0.783192 -0.273380
v 0.599256 -1.119184 -0.283005
v 0.661469 -1.420639 -0.299453
v 0.399668 -0.783269 -0.182129
v 0.602515 -1.121714 -0.150719
v 0.651208 -1.428629 -0.176575
v 0.399610 -0.783966 -0.091345
v 0.596071 -1.127339 -0.033371
v 0.636793 -1.439101 -0.079263
v 0.384426 -0.784725 -0.004223
v 0.575300 -1.131243 0.073881
v 0.612383 -1.445825 0.010805
v 0.352192 -0.784425 0.077839
v 0.528442 -1.130535 0.180029
v 0.566780 -1.444883 0.109091
v 0.302183 -0.782923 0.152196
v 0.454039 -1.125816 0.284782
v 0.502317 -1.438866 0.217313
v 0.236885 -0.780961 0.217249
v 0.357830 -1.120090 0.382840
v 0.421039 -1.433419 0.322480
v 0.160230 -0.779692 0.269913
v 0.247395 -1.116103 0.458733
v 0.322117 -1.430911 0.403634
v 0.076527 -0.779709 0.306892
v 0.130865 -1.115358 0.504171
v 0.199842 -1.429864 0.450317
v -0.010646 -0.781026 0.326827
v 0.006089 -1.116956 0.521790
v 0.046156 -1.428301 0.462927
v -0.100801 -0.782276 0.328646
v -0.131213 -1.117404 0.515036
v -0.125712 -1.426399 0.447133
v -0.191180 -0.782589 0.312894
v -0.273516 -1.116928 0.487143
v -0.297580 -1.427638 0.407630
v -0.278784 -0.782442 0.279217
v -0.416263 -1.116451 0.426006
v -0.458915 -1.430514 0.314347
v -0.359415 -0.782229 0.227390
v -0.543599 -1.116470 0.326746
v -0.584402 -1.431382 0.174582
v -0.427529 -0.782227 0.160219
v -0.641026 -1.116908 0.203585
v -0.673499 -1.429283 0.025945
v -0.480012 -0.782467 0.081108
v -0.708139 -1.117451 0.074447
v -0.727255 -1.426050 -0.097859
v -0.515224 -0.782718 -0.004177
v -0.745169 -1.117283 -0.044558
v -0.745894 -1.421678 -0.196376
v -0.533002 -0.782715 -0.092467
v -0.755583 -1.115647 -0.157710
v -0.740875 -1.416314 -0.284238
v -0.532778 -0.782414 -0.181427
v -0.742470 -1.112902 -0.267090
v -0.718643 -1.410924 -0.368920
v -0.515718 -0.781919 -0.268755
v -0.714713 -1.109867 -0.376746
v -0.680742 -1.406713 -0.451325
v -0.483925 -0.781451 -0.352425
v -0.671753 -1.107599 -0.484484
v -0.634766 -1.404923 -0.544839
v -0.436499 -0.781137 -0.428649
v -0.606050 -1.106780 -0.586493
v -0.580769 -1.406402 -0.651616
v -0.373848 -0.781052 -0.493901
v -0.522698 -1.108045 -0.681188
v -0.509381 -1.411964 -0.764214
v -0.300447 -0.781416 -0.547501
v -0.426952 -1.112318 -0.765708
v -0.415463 -1.420929 -0.860802
v -0.219055 -0.782225 -0.586033
v -0.316810 -1.118556 -0.825500
v -0.290192 -1.430667 -0.918272
v -0.131089 -0.783178 -0.606433
v -0.107681 -1.125772 -0.842107
v 0.059138 -1.130173 -0.815201
v 0.213300 -1.130129 -0.780803
v 0.349522 -1.127218 -0.722611
v 0.466307 -1.123052 -0.623348
v 0.544888 -1.119530 -0.495594
v 0.584881 -1.117163 -0.355756
v 0.597971 -1.117775 -0.218258
v 0.595244 -1.122273 -0.093539
v 0.582823 -1.127780 0.016342
v 0.550923 -1.129619 0.121210
v 0.490989 -1.127042 0.224631
v 0.406402 -1.121633 0.326195
v 0.303966 -1.116720 0.414305
v 0.191434 -1.114482 0.475820
v 0.072893 -1.115438 0.508193
v -0.059004 -1.116753 0.513527
v -0.199085 -1.116522 0.497035
v -0.341954 -1.116169 0.455183
v -0.478940 -1.116057 0.374783
v -0.590804 -1.116262 0.262830
v -0.672624 -1.116665 0.134437
v -0.723699 -1.116872 0.011514
v -0.746949 -1.115859 -0.102809
v -0.744909 -1.113485 -0.212556
v -0.723444 -1.110371 -0.320214
v -0.688833 -1.107628 -0.427392
v -0.636009 -1.106027 -0.531890
v -0.561321 -1.106047 -0.628724
v -0.472607 -1.108725 -0.720342
v -0.064340 -0.532201 -0.135027
v -0.371324 -1.113888 -0.793963
v -0.252021 -1.119792 -0.836315
v 0.146370 -1.562647 -0.460220
v -0.010851 -0.187129 1.296542
v -0.010851 -0.439860 1.296542
v -0.002818 -0.313495 1.320173
v -0.023340 -0.313495 1.318152
v -0.026608 -0.187129 1.293408
v -0.026608 -0.439860 1.293407
v -0.043073 -0.313495 1.312166
v -0.041451 -0.187129 1.287259
v -0.041451 -0.439860 1.287259
v -0.061260 -0.313495 1.302445
v -0.054810 -0.187129 1.278334
v -0.054810 -0.439860 1.278334
v -0.077200 -0.313495 1.289363
v -0.066170 -0.187129 1.266973
v -0.066170 -0.439860 1.266973
v -0.090282 -0.313495 1.273423
v -0.075096 -0.187129 1.253615
v -0.075096 -0.439860 1.253615
v -0.100003 -0.313495 1.255237
v -0.081244 -0.187129 1.238772
v -0.081244 -0.439860 1.238772
v -0.105989 -0.313495 1.235503
v -0.084378 -0.187129 1.223015
v -0.084378 -0.439860 1.223015
v -0.108010 -0.313495 1.214982
v -0.084378 -0.187129 1.206949
v -0.084378 -0.439860 1.206949
v -0.105989 -0.313495 1.194460
v -0.081244 -0.187129 1.191192
v -0.081244 -0.439860 1.191192
v -0.100003 -0.313495 1.174726
v -0.075096 -0.187129 1.176349
v -0.075096 -0.439860 1.176349
v -0.090282 -0.313495 1.156540
v -0.066170 -0.187129 1.162990
v -0.066170 -0.439860 1.162990
v -0.077200 -0.313495 1.140600
v -0.054810 -0.187129 1.151630
v -0.054810 -0.439860 1.151630
v -0.061260 -0.313495 1.127518
v -0.041451 -0.187129 1.142704
v -0.041451 -0.439860 1.142704
v -0.043073 -0.313495 1.117797
v -0.026608 -0.187129 1.136556
v -0.026608 -0.439860 1.136556
v -0.023340 -0.313495 1.111811
v -0.010851 -0.187129 1.133422
v -0.010851 -0.439860 1.133422
v -0.002818 -0.313495 1.109790
v 0.005215 -0.187129 1.133422
v 0.005215 -0.439860 1.133422
v 0.017704 -0.313495 1.111811
v 0.020972 -0.187129 1.136556
v 0.020972 -0.439860 1.136556
v 0.037437 -0.313495 1.117797
v 0.035815 -0.187129 1.142704
v 0.035815 -0.439860 1.142704
v 0.055623 -0.313495 1.127518
v 0.049173 -0.187129 1.151630
v 0.049173 -0.439860 1.151630
v 0.071564 -0.313495 1.140600
v 0.060534 -0.187129 1.162990
v 0.060534 -0.439860 1.162991
v 0.084645 -0.313495 1.156540
v 0.069459 -0.187129 1.176349
v 0.069459 -0.439860 1.176349
v 0.094366 -0.313495 1.174726
v 0.075607 -0.187129 1.191192
v 0.075607 -0.439860 1.191192
v 0.100352 -0.313495 1.194460
v 0.078742 -0.187129 1.206949
v 0.078742 -0.439860 1.206949
v 0.102373 -0.313495 1.214982
v 0.078742 -0.187129 1.223015
v 0.078742 -0.439860 1.223015
v 0.100352 -0.313495 1.235504
v 0.075607 -0.187129 1.238772
v 0.075607 -0.439860 1.238772
v 0.094366 -0.313495 1.255237
v 0.069459 -0.187129 1.253615
v 0.069459 -0.439860 1.253615
v 0.084645 -0.313495 1.273423
v 0.060534 -0.187129 1.266973
v 0.060534 -0.439860 1.266973
v 0.071564 -0.313495 1.289363
v 0.049173 -0.187129 1.278334
v 0.049173 -0.439860 1.278334
v 0.055623 -0.313495 1.302445
v 0.035815 -0.187129 1.287259
v 0.035815 -0.439860 1.287259
v 0.037437 -0.313495 1.312166
v 0.020972 -0.187129 1.293407
v 0.020972 -0.439860 1.293407
v 0.017704 -0.313495 1.318152
v 0.005215 -0.187129 1.296542
v 0.005215 -0.439860 1.296542
v -0.674852 -0.869983 -0.482843
v -0.738776 -0.893653 -0.153547
v -0.739712 -0.900692 0.222546
v -0.677239 -0.888828 0.545127
v -0.491845 0.622092 0.491839
v -0.429903 0.721119 0.429903
v -0.359620 0.806941 0.359620
v -0.290262 0.869788 0.290262
v -0.278208 0.894285 0.220885
v -0.301298 0.906376 0.080400
v -0.301298 0.906376 -0.080400
v -0.278208 0.894285 -0.220885
v -0.975411 -0.476472 -0.947721
v -0.922432 -0.617400 -0.887160
v -0.819962 -0.740600 -0.776116
v -0.691224 -0.832133 -0.639653
v 0.534155 -0.867342 -0.611817
v 0.195235 -0.883341 -0.671309
v -0.195235 -0.883341 -0.673475
v -0.534155 -0.867342 -0.617394
v -0.220885 0.894285 -0.278208
v -0.080400 0.906376 -0.301298
v 0.080400 0.906376 -0.301298
v 0.220885 0.894285 -0.278208
v 0.975411 -0.476472 -0.932041
v 0.922432 -0.617400 -0.873547
v 0.819962 -0.740600 -0.765571
v 0.691224 -0.832133 -0.632147
v 0.677239 -0.888828 0.540515
v 0.739712 -0.900692 0.221081
v 0.738776 -0.893653 -0.150986
v 0.674852 -0.869983 -0.477162
v 0.278208 0.894285 -0.220885
v 0.301298 0.906376 -0.080400
v 0.301298 0.906376 0.080400
v 0.278208 0.894285 0.220885
v 0.952053 -0.490720 0.890240
v 0.916769 -0.634356 0.857151
v 0.821269 -0.761995 0.784736
v 0.694118 -0.854730 0.682338
v -0.536542 -0.891469 0.679782
v -0.196171 -0.911004 0.742868
v 0.196171 -0.911004 0.741009
v 0.536542 -0.891469 0.675067
v 0.220885 0.894285 0.278208
v 0.080400 0.906376 0.301298
v -0.080400 0.906376 0.301298
v -0.220885 0.894285 0.278208
v -0.951995 -0.336057 0.888174
v -0.902087 -0.190050 0.846736
v -0.828175 -0.051850 0.787446
v -0.749059 0.077506 0.724105
v -0.542811 0.518853 -0.542773
v -0.586196 0.415121 -0.585906
v -0.630711 0.309032 -0.629629
v -0.686182 0.197432 -0.683417
v 0.542811 0.518853 -0.542731
v 0.586196 0.415121 -0.585593
v 0.630711 0.309032 -0.628467
v 0.686182 0.197432 -0.680448
v 0.513026 0.516413 0.583384
v 0.557358 0.413149 0.623725
v 0.629088 0.308509 0.623339
v 0.680946 0.197429 0.666042
v 0.563074 0.138643 0.808516
v 0.198878 0.138641 0.945088
v -0.198878 0.138641 0.946473
v -0.563074 0.138643 0.811872
v 0.839525 0.138662 -0.564865
v 0.975559 0.138657 -0.206308
v 0.972709 0.138652 0.185525
v 0.832546 0.138647 0.544013
v -0.570053 0.138666 -0.833423
v -0.201727 0.138668 -0.967842
v 0.201727 0.138668 -0.966257
v 0.570053 0.138666 -0.829502
v -0.832546 0.138647 0.547234
v -0.972709 0.138652 0.186525
v -0.975559 0.138657 -0.208279
v -0.839525 0.138662 -0.568920
v -0.759499 0.077581 -0.753857
v -0.844731 -0.051278 -0.834962
v -0.923130 -0.187926 -0.908167
v -0.973062 -0.330635 -0.952074
v 0.759499 0.077581 -0.747890
v 0.844731 -0.051278 -0.825189
v 0.923130 -0.187926 -0.894787
v 0.973062 -0.330635 -0.936424
v 0.749059 0.077506 0.719126
v 0.827817 -0.051850 0.779503
v 0.892183 -0.187274 0.839079
v 0.497321 -0.420136 1.144280
v -0.694118 -0.854730 0.688631
v -0.821269 -0.761995 0.793565
v -0.917127 -0.634356 0.868310
v -0.960546 -0.487255 0.898632
v -1.124970 -0.410506 0.704607
v -1.317279 -0.408530 0.230266
v -1.324309 -0.406335 -0.289571
v -1.142192 -0.404293 -0.763670
v -0.776837 -0.402814 -1.109367
v -0.275118 -0.402087 -1.282309
v 0.275118 -0.402087 -1.276443
v 0.776837 -0.402814 -1.094859
v 1.142192 -0.404293 -0.748665
v 1.324011 -0.406335 -0.282102
v 1.311831 -0.408717 0.229361
v 1.112659 -0.435474 0.699406
v 0.744904 -0.439761 1.044549
v 0.252619 -0.437909 1.227331
v -0.277602 -0.412965 1.229666
v -0.759913 -0.411985 1.050977
v -0.680946 0.197429 0.668519
v -0.628660 0.309032 0.623794
v -0.585645 0.415121 0.584336
v -0.542738 0.518853 0.542565
v -0.290262 0.869788 -0.290262
v -0.359620 0.806941 -0.359620
v -0.429903 0.721119 -0.429903
v -0.491847 0.622092 -0.491846
v 0.290262 0.869788 -0.290262
v 0.359620 0.806941 -0.359620
v 0.429903 0.721119 -0.429903
v 0.491847 0.622092 -0.491845
v 0.290262 0.869788 0.290262
v 0.359620 0.806941 0.359620
v 0.429858 0.721337 0.430143
v 0.467730 0.619424 0.525765
v 0.412567 0.569788 0.608111
v 0.297069 0.559732 0.663825
v -0.000002 0.665388 0.622454
v -0.416135 0.570093 0.603246
v 0.605077 0.570549 -0.410056
v 0.705593 0.570267 -0.151241
v 0.521516 0.563218 0.528011
v 0.827550 0.373096 0.050657
v -0.410068 0.570549 -0.605062
v -0.144979 0.570572 -0.704971
v 0.144979 0.570572 -0.704967
v 0.410068 0.570549 -0.605052
v -0.605059 0.570549 0.410012
v -0.704983 0.570572 0.144942
v -0.704990 0.570572 -0.144996
v -0.605077 0.570549 -0.410066
v -0.552272 0.721602 0.235423
v -0.458037 0.808875 0.198270
v -0.627687 0.672975 0.129251
v -0.534459 0.767989 0.110993
v -0.426259 0.847592 0.092686
v -0.593192 0.722080 0.000000
v -0.490268 0.810666 -0.000000
v -0.627686 0.672975 -0.129251
v -0.534459 0.767989 -0.110993
v -0.426259 0.847592 -0.092686
v -0.552272 0.721601 -0.235423
v -0.458037 0.808875 -0.198270
v -0.538989 0.672705 0.365478
v -0.460300 0.766616 0.313231
v -0.372752 0.843065 0.258887
v -0.351525 0.876422 0.165518
v -0.371102 0.881136 0.000000
v -0.351525 0.876422 -0.165518
v -0.372752 0.843065 -0.258887
v -0.460300 0.766616 -0.313231
v -0.538990 0.672705 -0.365478
v -0.632818 0.622155 -0.269038
v -0.680214 0.622219 -0.000003
v -0.632817 0.622155 0.269032
v -0.235423 0.721602 -0.552272
v -0.198270 0.808875 -0.458037
v -0.129251 0.672975 -0.627687
v -0.110993 0.767989 -0.534459
v -0.092686 0.847592 -0.426259
v 0.000000 0.722080 -0.593192
v 0.000000 0.810666 -0.490268
v 0.129251 0.672975 -0.627686
v 0.110993 0.767989 -0.534459
v 0.092686 0.847592 -0.426259
v 0.235423 0.721601 -0.552272
v 0.198270 0.808875 -0.458037
v -0.365478 0.672705 -0.538989
v -0.313231 0.766616 -0.460300
v -0.258887 0.843065 -0.372752
v -0.165518 0.876422 -0.351525
v 0.000000 0.881136 -0.371102
v 0.165518 0.876422 -0.351525
v 0.258887 0.843065 -0.372752
v 0.313231 0.766616 -0.460300
v 0.365478 0.672705 -0.538990
v 0.269038 0.622155 -0.632815
v -0.000000 0.622219 -0.680211
v -0.269038 0.622155 -0.632816
v 0.552272 0.721602 -0.235423
v 0.458037 0.808875 -0.198270
v 0.628127 0.672830 -0.130348
v 0.534459 0.767989 -0.110993
v 0.426259 0.847592 -0.092686
v 0.593198 0.722295 -0.000190
v 0.490268 0.810666 0.000000
v 0.613461 0.686122 0.126194
v 0.534459 0.767989 0.110993
v 0.426259 0.847592 0.092686
v 0.550309 0.723455 0.234612
v 0.458037 0.808875 0.198270
v 0.538989 0.672705 -0.365478
v 0.460300 0.766616 -0.313231
v 0.372752 0.843065 -0.258887
v 0.351525 0.876422 -0.165518
v 0.371102 0.881136 0.000000
v 0.351525 0.876422 0.165518
v 0.372752 0.843065 0.258887
v 0.460300 0.766616 0.313231
v 0.526737 0.685836 0.357748
v 0.650751 0.650081 0.038918
v 0.684802 0.619563 -0.042967
v 0.632818 0.622155 -0.269037
v 0.235656 0.721729 0.552091
v 0.198270 0.808875 0.458037
v 0.126696 0.684958 0.611482
v 0.110993 0.767989 0.534459
v 0.092686 0.847592 0.426259
v -0.000000 0.723785 0.590833
v -0.000000 0.810666 0.490268
v -0.126698 0.684958 0.611482
v -0.110993 0.767989 0.534459
v -0.092686 0.847592 0.426259
v -0.235656 0.721729 0.552091
v -0.198270 0.808875 0.458037
v 0.366419 0.672332 0.540107
v 0.313231 0.766616 0.460300
v 0.258887 0.843065 0.372752
v 0.165518 0.876422 0.351525
v -0.000000 0.881136 0.371102
v -0.165518 0.876422 0.351525
v -0.258887 0.843065 0.372752
v -0.313231 0.766616 0.460300
v -0.366728 0.672473 0.538914
v -0.311088 0.618314 0.620930
v -0.226564 0.647848 0.611375
v 0.311086 0.618314 0.620929
v -0.196889 -0.941053 -0.334328
v 0.196889 -0.941053 -0.333177
v -0.394269 -0.945183 -0.145062
v 0.000000 -0.962337 -0.146176
v 0.394269 -0.945183 -0.143789
v -0.202185 -0.966673 0.047825
v 0.202185 -0.966673 0.047944
v -0.394768 -0.953276 0.233965
v 0.000000 -0.971009 0.241945
v 0.394768 -0.953276 0.233189
v -0.197388 -0.957406 0.423353
v 0.197388 -0.957406 0.422455
v -0.377392 -0.906901 -0.499051
v 0.000000 -0.919289 -0.516448
v 0.377392 -0.906901 -0.495870
v 0.559221 -0.910528 -0.321609
v 0.581897 -0.930969 0.041314
v 0.560627 -0.925015 0.399237
v 0.378799 -0.928642 0.573376
v 0.000000 -0.942649 0.598690
v -0.378799 -0.928642 0.576014
v -0.560627 -0.925015 0.401753
v -0.581897 -0.930969 0.040927
v -0.559221 -0.910528 -0.324912
v 0.078667 0.941806 -0.157074
v -0.078667 0.941807 -0.157074
v 0.157074 0.941806 -0.078667
v 0.000000 0.953677 -0.079836
v -0.157074 0.941806 -0.078667
v 0.079836 0.953677 0.000000
v -0.079836 0.953677 -0.000000
v 0.157074 0.941807 0.078667
v -0.000000 0.953677 0.079836
v -0.157074 0.941807 0.078667
v 0.078667 0.941806 0.157074
v -0.078667 0.941807 0.157074
v 0.153243 0.920399 -0.226295
v 0.000000 0.929379 -0.233432
v -0.153243 0.920399 -0.226295
v -0.226295 0.920399 -0.153243
v -0.233432 0.929379 0.000000
v -0.226295 0.920399 0.153243
v -0.153243 0.920399 0.226295
v -0.000000 0.929379 0.233432
v 0.153243 0.920399 0.226295
v 0.226295 0.920399 0.153243
v 0.233432 0.929379 0.000000
v 0.226295 0.920399 -0.153243
v 0.482192 -0.187565 1.090470
v 0.451337 -0.051932 1.012093
v 0.240443 -0.242946 1.180444
v 0.238587 -0.120115 1.115434
v 0.219626 0.013948 1.027966
v -0.007734 -0.190102 1.179864
v -0.000298 -0.051959 1.092824
v -0.268780 -0.262961 1.193790
v -0.242820 -0.120115 1.118369
v -0.219626 0.013948 1.030476
v -0.493211 -0.190355 1.095926
v -0.451755 -0.051932 1.017728
v 0.711070 -0.240181 1.003101
v 0.681280 -0.120002 0.950785
v 0.622182 0.013971 0.877579
v 0.408886 0.077495 0.931043
v 0.000000 0.077491 1.003876
v -0.408886 0.077495 0.934591
v -0.622182 0.013971 0.883660
v -0.684201 -0.120002 0.958200
v -0.735067 -0.262454 1.019541
v -0.521819 -0.336838 1.149805
v -0.089238 -0.339625 1.247556
v 0.938131 -0.419051 0.876444
v 1.181743 -0.188407 -0.501705
v 1.082176 -0.051408 -0.460916
v 1.284326 -0.259912 -0.278562
v 1.194980 -0.119155 -0.259534
v 1.082980 0.014140 -0.232750
v 1.261051 -0.188988 -0.028550
v 1.157071 -0.051564 -0.022759
v 1.270887 -0.261060 0.219794
v 1.186416 -0.119483 0.207263
v 1.077908 0.014075 0.195632
v 1.160373 -0.189220 0.446926
v 1.070327 -0.051720 0.415426
v 1.109007 -0.259014 -0.733116
v 1.031348 -0.118856 -0.686461
v 0.933486 0.014200 -0.624978
v 0.974296 0.077564 -0.415066
v 1.043453 0.077543 -0.014287
v 0.967012 0.077523 0.386444
v 0.921062 0.014015 0.587735
v 1.010925 -0.119782 0.634779
v 1.065023 -0.242125 0.670741
v 1.252589 -0.337169 0.410076
v 1.328791 -0.333352 -0.028785
v 1.245987 -0.331867 -0.524768
v -0.506462 -0.187622 -1.156009
v -0.463245 -0.051197 -1.064842
v -0.267390 -0.258014 -1.252337
v -0.248583 -0.118522 -1.172258
v -0.224698 0.014267 -1.068656
v -0.000000 -0.187519 -1.235520
v 0.000000 -0.051169 -1.139355
v 0.267390 -0.258014 -1.246922
v 0.248583 -0.118522 -1.167973
v 0.224698 0.014267 -1.065783
v 0.506462 -0.187622 -1.146841
v 0.463245 -0.051197 -1.058146
v -0.754775 -0.258353 -1.083662
v -0.701762 -0.118635 -1.013394
v -0.634606 0.014244 -0.922171
v -0.416170 0.077592 -0.964119
v 0.000000 0.077596 -1.033133
v 0.416170 0.077592 -0.960030
v 0.634606 0.014244 -0.915066
v 0.701762 -0.118635 -1.002795
v 0.754775 -0.258353 -1.070267
v 0.533773 -0.329861 -1.200774
v -0.000000 -0.329602 -1.294245
v -0.533773 -0.329861 -1.211497
v -1.167062 -0.189569 0.449944
v -1.070625 -0.051720 0.420463
v -1.276457 -0.260895 0.220481
v -1.187846 -0.119483 0.209119
v -1.077908 0.014075 0.197443
v -1.262482 -0.188988 -0.030928
v -1.157131 -0.051564 -0.023913
v -1.284624 -0.259912 -0.285472
v -1.195040 -0.119155 -0.264898
v -1.082980 0.014140 -0.236322
v -1.181743 -0.188407 -0.511692
v -1.082176 -0.051408 -0.468211
v -1.089002 -0.261793 0.682214
v -1.013728 -0.119782 0.641831
v -0.921062 0.014015 0.593572
v -0.967012 0.077523 0.389627
v -1.043453 0.077543 -0.014971
v -0.974296 0.077564 -0.419521
v -0.933486 0.014200 -0.632326
v -1.031348 -0.118856 -0.697423
v -1.109007 -0.259014 -0.746969
v -1.245987 -0.331867 -0.536450
v -1.331533 -0.333352 -0.032198
v -1.231289 -0.334831 0.472179
v -1.048428 -0.759961 0.441847
v -1.180529 -0.631202 0.471895
v -1.003743 -0.814050 0.226386
v -1.185885 -0.697037 0.234970
v -1.289640 -0.557695 0.236316
v -1.123312 -0.756772 0.009618
v -1.270418 -0.627291 -0.009367
v -1.002777 -0.807717 -0.188905
v -1.186369 -0.691617 -0.235144
v -1.293428 -0.553816 -0.271962
v -1.047518 -0.748319 -0.423541
v -1.184230 -0.621973 -0.490791
v -0.875100 -0.813113 0.597343
v -1.019686 -0.700004 0.662639
v -1.104156 -0.560854 0.699972
v -1.240319 -0.484902 0.481312
v -1.338837 -0.482050 -0.024757
v -1.250690 -0.479011 -0.530737
v -1.113436 -0.549863 -0.735535
v -1.020872 -0.684615 -0.663398
v -0.872719 -0.795349 -0.562285
v -0.843361 -0.846741 -0.352827
v -0.894702 -0.860106 0.027583
v -0.845350 -0.859618 0.405391
v -0.451305 -0.740202 -0.990357
v -0.505300 -0.615603 -1.133802
v -0.216013 -0.795471 -0.938448
v -0.245801 -0.680854 -1.127430
v -0.267691 -0.546247 -1.242299
v -0.000000 -0.741675 -1.058064
v -0.000000 -0.615442 -1.212484
v 0.216013 -0.795471 -0.935164
v 0.245801 -0.680854 -1.122975
v 0.267691 -0.546246 -1.236847
v 0.451305 -0.740202 -0.983126
v 0.505299 -0.615603 -1.124472
v -0.603831 -0.791130 -0.818494
v -0.693994 -0.680851 -0.973527
v -0.756316 -0.547222 -1.073374
v -0.534636 -0.475008 -1.207869
v -0.000000 -0.474575 -1.290807
v 0.534636 -0.475008 -1.197125
v 0.756316 -0.547222 -1.059891
v 0.693993 -0.680851 -0.962508
v 0.603831 -0.791130 -0.810346
v 0.393987 -0.838896 -0.776803
v -0.000000 -0.844665 -0.826456
v -0.393987 -0.838896 -0.781890
v 1.047518 -0.748318 -0.415707
v 1.184230 -0.621973 -0.480639
v 1.002777 -0.807717 -0.184902
v 1.186369 -0.691617 -0.229636
v 1.293369 -0.553816 -0.265155
v 1.123311 -0.756772 0.010766
v 1.270358 -0.627291 -0.007790
v 1.003743 -0.814050 0.224236
v 1.185885 -0.697037 0.232128
v 1.288209 -0.557695 0.233717
v 1.048428 -0.759961 0.436172
v 1.180231 -0.631202 0.464792
v 0.872719 -0.795349 -0.553894
v 1.020872 -0.684615 -0.652016
v 1.113436 -0.549863 -0.721593
v 1.250690 -0.479011 -0.519034
v 1.337406 -0.482050 -0.022119
v 1.234026 -0.485612 0.477292
v 1.101353 -0.560854 0.690545
v 1.019686 -0.700004 0.653563
v 0.875100 -0.813113 0.590603
v 0.845350 -0.859618 0.401360
v 0.894702 -0.860106 0.028318
v 0.843361 -0.846742 -0.347376
v 0.452215 -0.768078 1.002987
v 0.501241 -0.637572 1.107839
v 0.216979 -0.826297 0.973780
v 0.245317 -0.707800 1.124414
v 0.261100 -0.565264 1.204863
v -0.000000 -0.771869 1.078447
v -0.000298 -0.639140 1.195468
v -0.216979 -0.826297 0.976647
v -0.245317 -0.707800 1.128309
v -0.265334 -0.565264 1.208818
v -0.452215 -0.768078 1.009266
v -0.501658 -0.637572 1.115763
v 0.606212 -0.817331 0.846812
v 0.692808 -0.703768 0.963692
v 0.744173 -0.563495 1.028419
v 0.515457 -0.492383 1.154933
v -0.007624 -0.490234 1.248130
v -0.525696 -0.488905 1.160248
v -0.747095 -0.563495 1.038306
v -0.692808 -0.703768 0.973131
v -0.606212 -0.817331 0.853795
v -0.395976 -0.867463 0.834818
v -0.000000 -0.875548 0.882358
v 0.395976 -0.867463 0.830423
v 0.343963 0.308420 0.802925
v 0.369444 0.411982 0.738322
v 0.182373 0.254115 0.877084
v 0.170230 0.343525 0.824367
v -0.285892 0.367980 0.779262
v -0.000000 0.306410 0.863762
v -0.000002 0.350143 0.819282
v -0.182373 0.254115 0.877702
v -0.170232 0.343525 0.824590
v 0.285887 0.367980 0.779018
v -0.343963 0.308420 0.803615
v -0.369445 0.411982 0.738531
v 0.516090 0.254115 0.751588
v 0.480518 0.362154 0.705472
v 0.449218 0.466338 0.661581
v 0.347754 0.515211 0.683708
v 0.323415 0.456271 0.723677
v -0.347755 0.515211 0.683738
v -0.453067 0.466643 0.656364
v -0.480844 0.362316 0.704611
v -0.516090 0.254115 0.753083
v -0.372026 0.197429 0.861683
v 0.000000 0.197429 0.925910
v 0.372026 0.197429 0.859918
v 0.811035 0.309032 -0.344903
v 0.754192 0.415121 -0.320589
v 0.890669 0.254115 -0.185698
v 0.825930 0.362405 -0.171791
v 0.768521 0.466794 -0.164838
v 0.871567 0.308509 -0.002834
v 0.815890 0.413149 -0.050967
v 0.889396 0.254115 0.176415
v 0.830561 0.344692 0.169065
v 0.786757 0.459780 -0.004314
v 0.810248 0.306560 0.339543
v 0.721536 0.563266 -0.004031
v 0.765416 0.254115 -0.516907
v 0.708769 0.362566 -0.479718
v 0.659040 0.467099 -0.446497
v 0.698498 0.518855 -0.296872
v 0.756073 0.516418 -0.052352
v 0.568753 0.459780 0.574654
v 0.634073 0.373096 0.563331
v 0.712961 0.344693 0.479518
v 0.762297 0.254115 0.507593
v 0.877827 0.197430 0.360836
v 0.945628 0.197430 -0.007156
v 0.881480 0.197431 -0.375172
v -0.345101 0.309032 -0.809074
v -0.320642 0.415121 -0.753665
v -0.183646 0.254115 -0.887246
v -0.169899 0.362566 -0.824310
v -0.157914 0.467099 -0.767595
v 0.000000 0.309032 -0.869112
v -0.000000 0.415121 -0.810017
v 0.183646 0.254115 -0.886539
v 0.169899 0.362566 -0.824075
v 0.157914 0.467099 -0.767548
v 0.345101 0.309032 -0.808278
v 0.320642 0.415121 -0.753451
v -0.519209 0.254115 -0.762709
v -0.480485 0.362566 -0.707866
v -0.446651 0.467099 -0.658859
v -0.296879 0.518855 -0.698429
v 0.000000 0.518857 -0.750786
v 0.296879 0.518855 -0.698400
v 0.446651 0.467099 -0.658743
v 0.480485 0.362566 -0.707284
v 0.519209 0.254115 -0.760962
v 0.375679 0.197432 -0.874435
v 0.000000 0.197432 -0.940562
v -0.375679 0.197432 -0.876470
v -0.809603 0.309032 0.339908
v -0.753807 0.415121 0.319246
v -0.889396 0.254115 0.176860
v -0.825027 0.362566 0.167637
v -0.767738 0.467099 0.157462
v -0.871093 0.309032 -0.002936
v -0.810550 0.415121 -0.000790
v -0.890669 0.254115 -0.186576
v -0.825451 0.362566 -0.170876
v -0.767823 0.467099 -0.158110
v -0.811035 0.309032 -0.345771
v -0.754192 0.415121 -0.320823
v -0.762297 0.254115 0.509029
v -0.707729 0.362566 0.477092
v -0.658832 0.467099 0.445972
v -0.698447 0.518855 0.296694
v -0.750856 0.518857 -0.000105
v -0.698498 0.518855 -0.296903
v -0.659040 0.467099 -0.446618
v -0.708769 0.362566 -0.480320
v -0.765416 0.254115 -0.518714
v -0.881480 0.197431 -0.377388
v -0.945627 0.197430 -0.007496
v -0.877827 0.197430 0.362420
v 0.908413 -0.351647 0.841795
v 1.081207 -0.396501 0.680179
v 0.719946 -0.400078 1.011366
v 0.244645 -0.398347 1.193812
v 0.237816 -0.302270 1.169411
v 0.701972 -0.299978 0.989434
v 0.063588 -0.350170 1.217330
v 0.474685 -0.352412 1.106039
v 1.056454 -0.301169 0.665058
v 1.167842 -0.348190 0.533935
v 1.169804 -0.292789 0.527345
v 1.197594 -0.393050 0.540645
v 0.478760 -0.269801 1.108416
v 0.904597 -0.269341 0.848244
v 0.057989 -0.395610 1.245340
v 0.054914 -0.294300 1.219165
v 0.567345 0.506655 0.509668
v 0.614928 0.406505 0.544087
v 0.516873 0.606990 0.460404
v 0.685357 0.556240 0.143179
v 0.589432 0.556217 0.399032
v 0.627598 0.643426 0.134208
v 0.541817 0.643316 0.363352
v 0.613984 0.605823 0.261947
v 0.673060 0.607106 0.043498
v 0.799854 0.406505 0.052376
v 0.797118 0.370048 0.170152
v 0.748204 0.452767 0.156209
v 0.731920 0.403038 0.310822
v 0.741992 0.506660 0.044141
v 0.677339 0.504218 0.288662
v 0.643652 0.452767 0.434627
v 0.688763 0.370048 0.457855
v 0.497806 0.649873 0.446744
v 0.586023 0.666627 0.249696
v 0.769399 0.355819 0.325293
v -0.219575 0.636377 0.603435
v -0.275332 0.363028 0.767752
v 0.125866 0.654616 0.607248
v -0.125873 0.654616 0.607248
v -0.272301 0.602758 0.623935
v 0.285943 0.551605 0.655150
v 0.272293 0.602758 0.623934
v 0.322033 0.399969 0.743355
v 0.162903 0.347986 0.795658
v -0.285951 0.551605 0.655157
v -0.311309 0.448143 0.715455
v -0.162910 0.347986 0.795813
v 0.219567 0.636377 0.603435
v -0.322040 0.399969 0.743537
v 0.305554 0.501455 0.688153
v -0.000004 0.653086 0.613236
v -0.305561 0.501455 0.688180
v -0.297074 0.559732 0.663832
v 0.226560 0.647848 0.611375
v -0.323420 0.456271 0.723762
v 0.139928 0.553508 0.681073
v -0.139935 0.553508 0.681076
v 0.125334 0.637571 0.619479
v -0.125341 0.637571 0.619479
v -0.228025 0.601202 0.631673
v -0.000003 0.603140 0.655223
v 0.228018 0.601202 0.631672
v 0.269199 0.400645 0.751123
v 0.157594 0.364189 0.787160
v 0.152337 0.450035 0.743353
v -0.000003 0.400306 0.780344
v -0.157602 0.364188 0.787290
v -0.152344 0.450035 0.743393
v -0.269206 0.400645 0.751273
v 0.254627 0.501077 0.696286
v -0.000003 0.501895 0.723772
v -0.254635 0.501077 0.696308
v 0.311301 0.448143 0.715373
v 0.275324 0.363028 0.767527
v -0.000004 0.346431 0.804167
v 1.183898 -0.197784 0.579901
v 1.183898 -0.450515 0.579901
v 1.191931 -0.324149 0.603532
v 1.171409 -0.324149 0.601511
v 1.168140 -0.197783 0.576766
v 1.168141 -0.450515 0.576766
v 1.151676 -0.324149 0.595525
v 1.153298 -0.197783 0.570618
v 1.153298 -0.450515 0.570618
v 1.133489 -0.324149 0.585804
v 1.139939 -0.197783 0.561692
v 1.139939 -0.450515 0.561692
v 1.117549 -0.324149 0.572722
v 1.128579 -0.197783 0.550332
v 1.128579 -0.450515 0.550332
v 1.104467 -0.324149 0.556782
v 1.119653 -0.197783 0.536974
v 1.119653 -0.450515 0.536974
v 1.094746 -0.324149 0.538596
v 1.113505 -0.197783 0.522131
v 1.113505 -0.450515 0.522131
v 1.088760 -0.324149 0.518863
v 1.110371 -0.197783 0.506374
v 1.110371 -0.450515 0.506374
v 1.086739 -0.324149 0.498341
v 1.110371 -0.197783 0.490308
v 1.110371 -0.450515 0.490308
v 1.088760 -0.324149 0.477819
v 1.113505 -0.197783 0.474551
v 1.113505 -0.450515 0.474550
v 1.094746 -0.324149 0.458086
v 1.119653 -0.197783 0.459708
v 1.119653 -0.450515 0.459708
v 1.104467 -0.324149 0.439899
v 1.128579 -0.197783 0.446349
v 1.128579 -0.450515 0.446349
v 1.117549 -0.324149 0.423959
v 1.139939 -0.197783 0.434989
v 1.139939 -0.450515 0.434989
v 1.133489 -0.324149 0.410877
v 1.153297 -0.197783 0.426063
v 1.153298 -0.450515 0.426063
v 1.151676 -0.324149 0.401156
v 1.168141 -0.197783 0.419915
v 1.168141 -0.450515 0.419915
v 1.171409 -0.324149 0.395170
v 1.183897 -0.197783 0.416781
v 1.183898 -0.450515 0.416781
v 1.191931 -0.324149 0.393149
v 1.199963 -0.197783 0.416781
v 1.199964 -0.450515 0.416781
v 1.212453 -0.324149 0.395170
v 1.215721 -0.197783 0.419915
v 1.215721 -0.450515 0.419915
v 1.232186 -0.324149 0.401156
v 1.230564 -0.197783 0.426063
v 1.230564 -0.450515 0.426063
v 1.250372 -0.324149 0.410877
v 1.243922 -0.197783 0.434989
v 1.243922 -0.450515 0.434989
v 1.266312 -0.324149 0.423959
v 1.255282 -0.197783 0.446349
v 1.255282 -0.450515 0.446349
v 1.279394 -0.324149 0.439899
v 1.264208 -0.197783 0.459708
v 1.264208 -0.450515 0.459708
v 1.289115 -0.324149 0.458086
v 1.270356 -0.197783 0.474551
v 1.270356 -0.450515 0.474551
v 1.295101 -0.324149 0.477819
v 1.273490 -0.197783 0.490308
v 1.273490 -0.450515 0.490308
v 1.297122 -0.324149 0.498341
v 1.273490 -0.197783 0.506374
v 1.273490 -0.450515 0.506374
v 1.295101 -0.324149 0.518863
v 1.270356 -0.197783 0.522131
v 1.270356 -0.450515 0.522131
v 1.289115 -0.324149 0.538596
v 1.264208 -0.197783 0.536974
v 1.264208 -0.450515 0.536974
v 1.279394 -0.324149 0.556782
v 1.255282 -0.197783 0.550332
v 1.255282 -0.450515 0.550332
v 1.266312 -0.324149 0.572723
v 1.243922 -0.197783 0.561692
v 1.243922 -0.450515 0.561692
v 1.250372 -0.324149 0.585804
v 1.230564 -0.197783 0.570618
v 1.230564 -0.450515 0.570618
v 1.232186 -0.324149 0.595525
v 1.215721 -0.197783 0.576766
v 1.215721 -0.450515 0.576766
v 1.212453 -0.324149 0.601511
v 1.199964 -0.197783 0.579901
v 1.199964 -0.450515 0.579901
v -0.194278 -1.425355 -0.941526
v -0.074770 -1.430570 -0.926564
v -0.006116 -0.803875 -0.627853
v -0.067900 -0.803197 -0.633407
v -0.232765 -1.289854 -0.928913
v -0.130038 -0.957708 -0.754597
v 0.000190 -0.961255 -0.744310
v -0.044813 -1.297937 -0.909219
v 0.003102 -1.430953 -0.914061
v 0.128567 -1.431551 -0.895506
v 0.094160 -0.804780 -0.603613
v 0.033119 -0.804397 -0.620559
v 0.133596 -0.963154 -0.712619
v 0.153017 -1.300051 -0.875919
v 0.195717 -1.429740 -0.888238
v 0.296051 -1.426672 -0.874137
v 0.186591 -0.804808 -0.564241
v 0.131011 -0.804876 -0.590716
v 0.253201 -0.962704 -0.666027
v 0.317376 -1.296601 -0.841701
v 0.352960 -1.424073 -0.859870
v 0.441198 -1.420110 -0.817889
v 0.269022 -0.804223 -0.506671
v 0.219758 -0.804626 -0.544609
v 0.360205 -0.960594 -0.591555
v 0.463353 -1.290931 -0.763187
v 0.491241 -1.418528 -0.782395
v 0.561351 -1.415259 -0.704561
v 0.336827 -0.803325 -0.431616
v 0.297336 -0.803807 -0.479621
v 0.443387 -0.958100 -0.491207
v 0.577154 -1.285650 -0.633010
v 0.598114 -1.414346 -0.650371
v 0.640095 -1.410593 -0.553285
v 0.384642 -0.802619 -0.344890
v 0.357522 -0.802972 -0.399320
v 0.494399 -0.956209 -0.377567
v 0.643027 -1.280359 -0.476714
v 0.659250 -1.409660 -0.491318
v 0.674072 -1.407829 -0.391286
v 0.413237 -0.802291 -0.250880
v 0.397523 -0.802412 -0.309379
v 0.520405 -0.955544 -0.257545
v 0.668141 -1.277983 -0.315159
v 0.678071 -1.408626 -0.331262
v 0.674650 -1.411454 -0.245102
v 0.424256 -0.802567 -0.154796
v 0.419300 -0.802323 -0.214155
v 0.527213 -0.956844 -0.140499
v 0.666572 -1.281868 -0.171312
v 0.670283 -1.414771 -0.195603
v 0.663228 -1.421048 -0.127764
v 0.419343 -0.803457 -0.060409
v 0.424201 -0.802913 -0.118434
v 0.520408 -0.959717 -0.030687
v 0.657570 -1.290473 -0.051686
v 0.657382 -1.425332 -0.088890
v 0.646870 -1.431241 -0.031654
v 0.398157 -0.804043 0.029497
v 0.413538 -0.803860 -0.025738
v 0.496512 -0.961269 0.072341
v 0.638543 -1.297752 0.053344
v 0.637564 -1.434094 0.003842
v 0.613941 -1.435288 0.065188
v 0.358621 -0.803325 0.113331
v 0.385555 -0.803948 0.062255
v 0.449004 -0.960103 0.170443
v 0.594347 -1.298402 0.161715
v 0.595946 -1.435116 0.103538
v 0.559252 -1.431541 0.172308
v 0.300832 -0.801431 0.188369
v 0.338721 -0.802698 0.143135
v 0.377386 -0.956739 0.261513
v 0.523924 -1.292730 0.276322
v 0.533711 -1.429272 0.214900
v 0.485507 -1.424661 0.286029
v 0.228151 -0.799462 0.253106
v 0.274676 -0.800572 0.214695
v 0.286921 -0.953043 0.342303
v 0.431780 -1.285533 0.389829
v 0.453471 -1.422662 0.328134
v 0.394039 -1.419500 0.387986
v 0.144911 -0.798479 0.303690
v 0.197377 -0.798873 0.274477
v 0.184600 -0.950771 0.403579
v 0.322493 -1.280492 0.481743
v 0.355033 -1.418788 0.421161
v 0.284722 -1.417216 0.458231
v 0.055694 -0.798962 0.337152
v 0.111347 -0.798421 0.318604
v 0.077745 -0.951037 0.440976
v 0.200979 -1.278645 0.537664
v 0.236038 -1.417068 0.477745
v 0.150524 -1.416062 0.493988
v -0.036702 -0.800563 0.352351
v 0.020918 -0.799495 0.345156
v -0.033235 -0.953113 0.455161
v 0.062106 -1.278646 0.560898
v 0.088282 -1.415580 0.499443
v -0.014275 -1.414170 0.496468
v -0.131818 -0.801567 0.348370
v -0.072822 -0.801079 0.353075
v -0.150163 -0.954064 0.447604
v -0.098382 -1.277699 0.555071
v -0.083390 -1.413402 0.490240
v -0.193034 -1.412709 0.472986
v -0.225996 -0.801695 0.326278
v -0.168137 -0.801673 0.342204
v -0.268052 -0.953914 0.419967
v -0.268056 -1.276833 0.526107
v -0.261290 -1.413355 0.458340
v -0.369009 -1.414618 0.418650
v -0.316301 -0.801462 0.284958
v -0.261445 -0.801614 0.312910
v -0.384091 -0.953259 0.365432
v -0.436957 -1.277594 0.459833
v -0.433537 -1.415871 0.381791
v -0.527402 -1.417319 0.302426
v -0.397575 -0.801271 0.225266
v -0.349113 -0.801356 0.264059
v -0.487613 -0.952934 0.285096
v -0.585882 -1.278801 0.338926
v -0.577065 -1.417625 0.246668
v -0.643812 -1.417404 0.151707
v -0.464440 -0.801353 0.150349
v -0.425196 -0.801271 0.198101
v -0.569562 -0.953316 0.185029
v -0.695335 -1.278881 0.191650
v -0.679276 -1.416445 0.091953
v -0.725672 -1.414951 0.002871
v -0.514114 -0.801648 0.064487
v -0.485631 -0.801474 0.118294
v -0.627100 -0.954075 0.075131
v -0.770786 -1.277972 0.046477
v -0.746988 -1.413656 -0.046244
v -0.769410 -1.411426 -0.116122
v -0.545438 -0.801880 -0.026256
v -0.528229 -0.801772 0.030232
v -0.660665 -0.954461 -0.034089
v -0.809563 -1.276021 -0.076132
v -0.776680 -1.409664 -0.155281
v -0.779566 -1.406773 -0.213352
v -0.558333 -0.801780 -0.119472
v -0.552564 -0.801875 -0.061521
v -0.671500 -0.953868 -0.142926
v -0.817516 -1.272631 -0.185089
v -0.777599 -1.404571 -0.248591
v -0.768564 -1.401269 -0.303558
v -0.552335 -0.801384 -0.212396
v -0.558200 -0.801631 -0.154905
v -0.660029 -0.952517 -0.249554
v -0.802875 -1.268226 -0.289193
v -0.759609 -1.399074 -0.337460
v -0.740995 -1.395976 -0.391831
v -0.529562 -0.800831 -0.303115
v -0.545514 -0.801136 -0.247165
v -0.632705 -0.950901 -0.355168
v -0.772890 -1.263816 -0.393229
v -0.725649 -1.394292 -0.424451
v -0.697964 -1.392191 -0.479069
v -0.491435 -0.800362 -0.388974
v -0.517116 -0.800600 -0.336579
v -0.589418 -0.949646 -0.456639
v -0.727599 -1.260698 -0.496922
v -0.679752 -1.391453 -0.516424
v -0.647761 -1.391410 -0.581688
v -0.436501 -0.800079 -0.465636
v -0.472753 -0.800207 -0.419567
v -0.523819 -0.949023 -0.547323
v -0.666260 -1.260160 -0.606800
v -0.626181 -1.391885 -0.624252
v -0.587496 -1.394263 -0.693961
v -0.366822 -0.800089 -0.530423
v -0.411523 -0.800033 -0.491800
v -0.441259 -0.949435 -0.626480
v -0.589716 -1.262894 -0.717042
v -0.558622 -1.396294 -0.739606
v -0.506843 -1.401667 -0.806874
v -0.287022 -0.800635 -0.582311
v -0.337646 -0.800270 -0.552210
v -0.348355 -0.951455 -0.692613
v -0.495657 -1.269922 -0.820342
v -0.469093 -1.404884 -0.845668
v -0.402102 -1.412377 -0.897314
v -0.199415 -0.801590 -0.617263
v -0.254710 -0.801037 -0.598101
v -0.245225 -0.954477 -0.736878
v -0.380832 -1.279885 -0.897092
v -0.352106 -1.415717 -0.919990
v -0.260341 -1.423036 -0.941069
v -0.105440 -0.802638 -0.632644
v -0.164325 -0.802057 -0.625667
v -0.147630 -1.125308 -0.847572
v -0.066888 -0.943551 -0.736904
v -0.066970 -1.128714 -0.840371
v -0.137057 -1.301827 -0.917239
v 0.016476 -1.130789 -0.826550
v 0.064470 -0.946521 -0.714381
v 0.101655 -1.132307 -0.809181
v 0.059177 -1.305686 -0.886220
v 0.177873 -1.132110 -0.792822
v 0.187927 -0.947025 -0.677945
v 0.250840 -1.131410 -0.771463
v 0.235217 -1.303673 -0.858306
v 0.318378 -1.129927 -0.743130
v 0.298656 -0.945759 -0.620079
v 0.384291 -1.127873 -0.702363
v 0.386579 -1.298541 -0.808319
v 0.442675 -1.125831 -0.653189
v 0.393131 -0.943285 -0.533787
v 0.493165 -1.123571 -0.592831
v 0.517256 -1.293618 -0.706555
v 0.532419 -1.121974 -0.529353
v 0.458500 -0.941142 -0.428480
v 0.560672 -1.119951 -0.460431
v 0.608204 -1.289657 -0.563902
v 0.580640 -1.118891 -0.390779
v 0.495224 -0.939858 -0.313546
v 0.592757 -1.118008 -0.318923
v 0.653886 -1.286450 -0.404806
v 0.599274 -1.118376 -0.250395
v 0.510621 -0.940117 -0.197440
v 0.600598 -1.119604 -0.183940
v 0.664883 -1.287579 -0.251026
v 0.599042 -1.121924 -0.121724
v 0.510144 -0.942338 -0.086342
v 0.596046 -1.124804 -0.062863
v 0.657512 -1.294541 -0.119459
v 0.589972 -1.127681 -0.008488
v 0.496040 -0.944929 0.016644
v 0.579707 -1.129628 0.045402
v 0.643996 -1.303462 -0.010381
v 0.564180 -1.130620 0.097250
v 0.461992 -0.945131 0.114651
v 0.540374 -1.130161 0.151029
v 0.615225 -1.308237 0.092417
v 0.510786 -1.128967 0.202011
v 0.403713 -0.942866 0.206651
v 0.472967 -1.126437 0.255071
v 0.559738 -1.306258 0.199807
v 0.431154 -1.123772 0.305542
v 0.324279 -0.939200 0.291381
v 0.382284 -1.120781 0.355251
v 0.480821 -1.299847 0.312557
v 0.331627 -1.118373 0.399313
v 0.229724 -0.936139 0.361589
v 0.275594 -1.116274 0.437403
v 0.383342 -1.294018 0.416875
v 0.219819 -1.115221 0.468391
v 0.127180 -0.935060 0.409889
v 0.161117 -1.114786 0.490681
v 0.271194 -1.291310 0.493666
v 0.102358 -1.115366 0.507223
v 0.021715 -0.936479 0.435169
v 0.039949 -1.116215 0.515675
v 0.143423 -1.291187 0.535980
v -0.026096 -1.116920 0.518491
v -0.089920 -0.938142 0.438043
v -0.094984 -1.117121 0.514801
v -0.009187 -1.290998 0.545591
v -0.164968 -1.116981 0.506776
v -0.204638 -0.938397 0.421357
v -0.236318 -1.116702 0.492881
v -0.176525 -1.289737 0.528637
v -0.307632 -1.116576 0.472486
v -0.319628 -0.937954 0.382038
v -0.379545 -1.116269 0.441739
v -0.345726 -1.290216 0.486224
v -0.448118 -1.116256 0.401713
v -0.428384 -0.937432 0.315625
v -0.512388 -1.116251 0.351418
v -0.506842 -1.291754 0.392999
v -0.568013 -1.116343 0.295614
v -0.519209 -0.937453 0.227030
v -0.616964 -1.116600 0.233452
v -0.634476 -1.292359 0.257001
v -0.657670 -1.116761 0.169168
v -0.587354 -0.938073 0.122959
v -0.691468 -1.117094 0.103848
v -0.726132 -1.291436 0.107617
v -0.716742 -1.117170 0.042870
v -0.631402 -0.938695 0.016009
v -0.735325 -1.117148 -0.016956
v -0.782110 -1.289831 -0.023996
v -0.746841 -1.116597 -0.073591
v -0.653099 -0.938561 -0.090169
v -0.752060 -1.115813 -0.130634
v -0.804092 -1.286896 -0.136365
v -0.750956 -1.114577 -0.185003
v -0.652313 -0.937551 -0.195059
v -0.744206 -1.113228 -0.240105
v -0.800131 -1.282619 -0.240325
v -0.733313 -1.111624 -0.293299
v -0.632544 -0.935985 -0.298118
v -0.719497 -1.110102 -0.348859
v -0.777090 -1.277890 -0.341628
v -0.702314 -1.108718 -0.401833
v -0.598674 -0.934531 -0.399268
v -0.680843 -1.107571 -0.456294
v -0.739122 -1.274009 -0.441565
v -0.654841 -1.106761 -0.508214
v -0.546161 -0.933585 -0.493494
v -0.621469 -1.106359 -0.559659
v -0.687591 -1.272103 -0.546794
v -0.584338 -1.106328 -0.607651
v -0.472959 -0.933385 -0.575641
v -0.542211 -1.106966 -0.655122
v -0.620310 -1.272911 -0.655716
v -0.498208 -1.108261 -0.701213
v -0.387410 -0.934585 -0.647667
v -0.449996 -1.110498 -0.743728
v -0.536276 -1.277506 -0.766034
v -0.036177 -0.664283 -0.445774
v -0.097425 -0.664143 -0.445593
v -0.157057 -0.664024 -0.433369
v -0.213044 -0.663923 -0.409576
v -0.263450 -0.663877 -0.375326
v -0.306345 -0.663888 -0.332106
v -0.339823 -0.663927 -0.281347
v -0.362774 -0.663986 -0.225074
v -0.374580 -0.664047 -0.165523
v -0.374608 -0.664085 -0.104815
v -0.362712 -0.664085 -0.045144
v -0.339334 -0.664054 0.011330
v -0.305224 -0.664024 0.062450
v -0.261646 -0.664024 0.105910
v -0.210337 -0.664049 0.139936
v -0.153599 -0.664034 0.163076
v -0.093832 -0.663781 0.174417
v -0.033425 -0.663044 0.173354
v 0.025565 -0.662178 0.160161
v 0.081585 -0.661845 0.136069
v 0.132570 -0.662226 0.102269
v 0.176294 -0.663116 0.060022
v 0.210587 -0.663939 0.010413
v 0.233823 -0.664273 -0.045238
v 0.245440 -0.664237 -0.104681
v 0.245451 -0.664154 -0.165611
v 0.233819 -0.664145 -0.225653
v 0.210754 -0.664197 -0.282435
v 0.176769 -0.664286 -0.333625
v 0.133031 -0.664389 -0.377047
v 0.081612 -0.664437 -0.410772
v 0.024475 -0.664410 -0.433859
v -0.399795 -1.112987 -0.780665
v -0.292410 -0.937151 -0.702417
v -0.344547 -1.116307 -0.810901
v -0.433521 -1.285430 -0.858502
v -0.285276 -1.119075 -0.831944
v -0.186378 -0.940152 -0.732729
v -0.219305 -1.122509 -0.844593
v -0.303797 -1.294238 -0.913009
v -0.040940 -1.512662 -0.808264
v 0.100099 -1.513572 -0.789267
v 0.226245 -1.510364 -0.774783
v 0.331998 -1.505631 -0.748243
v 0.422487 -1.502321 -0.685027
v 0.489516 -1.499958 -0.587325
v 0.525331 -1.498085 -0.474443
v 0.533148 -1.499594 -0.366211
v 0.525710 -1.505665 -0.277452
v 0.514414 -1.513611 -0.207646
v 0.496937 -1.519016 -0.143811
v 0.466484 -1.518916 -0.073808
v 0.423485 -1.515064 0.004174
v 0.368322 -1.511405 0.081247
v 0.298661 -1.509588 0.142443
v 0.208937 -1.508499 0.178865
v 0.095086 -1.506994 0.189792
v -0.033001 -1.505676 0.179141
v -0.161085 -1.506749 0.148695
v -0.279299 -1.509063 0.079970
v -0.371871 -1.509716 -0.022440
v -0.437243 -1.507900 -0.130364
v -0.476393 -1.504942 -0.219895
v -0.490007 -1.501212 -0.289683
v -0.486277 -1.496920 -0.350305
v -0.469938 -1.492763 -0.407870
v -0.442428 -1.489605 -0.464519
v -0.410023 -1.488356 -0.530429
v -0.373201 -1.489676 -0.608579
v -0.323686 -1.493969 -0.691575
v -0.255980 -1.500625 -0.763182
v -0.163604 -1.507689 -0.805621
v -0.012962 -0.313495 1.317976
v -0.032861 -0.313495 1.314018
v -0.051604 -0.313495 1.306254
v -0.068473 -0.313495 1.294983
v -0.082819 -0.313495 1.280637
v -0.094091 -0.313495 1.263767
v -0.101855 -0.313495 1.245024
v -0.105813 -0.313495 1.225125
v -0.105813 -0.313495 1.204837
v -0.101855 -0.313495 1.184939
v -0.094091 -0.313495 1.166195
v -0.082819 -0.313495 1.149326
v -0.068473 -0.313495 1.134980
v -0.051604 -0.313495 1.123709
v -0.032861 -0.313495 1.115945
v -0.012962 -0.313495 1.111987
v 0.007326 -0.313495 1.111987
v 0.027224 -0.313495 1.115945
v 0.045968 -0.313495 1.123709
v 0.062837 -0.313495 1.134980
v 0.077183 -0.313495 1.149326
v 0.088454 -0.313495 1.166195
v 0.096218 -0.313495 1.184939
v 0.100176 -0.313495 1.204837
v 0.100176 -0.313495 1.225125
v 0.096218 -0.313495 1.245024
v 0.088454 -0.313495 1.263767
v 0.077183 -0.313495 1.280637
v 0.062837 -0.313495 1.294982
v 0.045968 -0.313495 1.306254
v -0.002818 -0.512706 1.214981
v 0.027224 -0.313495 1.314018
v 0.007326 -0.313495 1.317976
v -0.002818 -0.114284 1.214981
v -0.582984 0.721931 0.120347
v -0.482269 0.810120 0.101530
v -0.582984 0.721931 -0.120347
v -0.482269 0.810120 -0.101530
v -0.573708 0.622112 0.388854
v -0.501059 0.721270 0.340110
v -0.417239 0.807559 0.285605
v -0.327255 0.872183 0.235500
v -0.366127 0.879804 0.085315
v -0.366127 0.879804 -0.085315
v -0.327255 0.872183 -0.235500
v -0.417239 0.807559 -0.285605
v -0.501059 0.721270 -0.340111
v -0.573710 0.622112 -0.388861
v -0.668368 0.622199 -0.137493
v -0.668367 0.622199 0.137486
v -0.120347 0.721931 -0.582984
v -0.101530 0.810120 -0.482269
v 0.120347 0.721931 -0.582984
v 0.101530 0.810120 -0.482269
v -0.388861 0.622112 -0.573708
v -0.340111 0.721270 -0.501059
v -0.285605 0.807559 -0.417239
v -0.235500 0.872183 -0.327255
v -0.085315 0.879804 -0.366127
v 0.085315 0.879804 -0.366127
v 0.235500 0.872183 -0.327255
v 0.285605 0.807559 -0.417239
v 0.340111 0.721270 -0.501059
v 0.388861 0.622112 -0.573707
v 0.137491 0.622199 -0.668365
v -0.137491 0.622199 -0.668366
v 0.583072 0.721907 -0.120374
v 0.482269 0.810120 -0.101530
v 0.581370 0.723453 0.119852
v 0.482269 0.810120 0.101530
v 0.573710 0.622112 -0.388860
v 0.501059 0.721270 -0.340111
v 0.417239 0.807559 -0.285605
v 0.327255 0.872183 -0.235500
v 0.366127 0.879804 -0.085315
v 0.366127 0.879804 0.085315
v 0.327255 0.872183 0.235500
v 0.417239 0.807559 0.285605
v 0.499576 0.722791 0.339343
v 0.535839 0.664541 0.361062
v 0.498257 0.612888 0.497694
v 0.668922 0.621922 -0.142523
v 0.120198 0.723312 0.581082
v 0.101530 0.810120 0.482269
v -0.120198 0.723312 0.581082
v -0.101530 0.810120 0.482269
v 0.390994 0.621414 0.576317
v 0.340247 0.721209 0.501217
v 0.285605 0.807559 0.417239
v 0.235500 0.872183 0.327255
v 0.085315 0.879804 0.366127
v -0.085315 0.879804 0.366127
v -0.235500 0.872183 0.327255
v -0.285605 0.807559 0.417239
v -0.340182 0.721231 0.501111
v -0.393796 0.621692 0.572321
v 0.164211 0.352342 0.806762
v -0.277023 0.609699 0.631217
v -0.200431 -0.958043 -0.145706
v 0.200431 -0.958043 -0.145068
v -0.200683 -0.966550 0.239694
v 0.200683 -0.966550 0.239297
v -0.540040 -0.892038 -0.484086
v -0.194010 -0.916085 -0.511831
v 0.194010 -0.916085 -0.510178
v 0.540040 -0.892038 -0.479594
v 0.575295 -0.923762 -0.144679
v 0.576028 -0.931315 0.226008
v 0.542005 -0.912231 0.551317
v 0.194743 -0.938992 0.591254
v -0.194743 -0.938992 0.592635
v -0.542005 -0.912231 0.555003
v -0.576028 -0.931315 0.227136
v -0.575295 -0.923762 -0.146584
v 0.079408 0.950698 -0.079408
v -0.079408 0.950698 -0.079408
v 0.079408 0.950698 0.079408
v -0.079408 0.950698 0.079408
v 0.220519 0.909757 -0.220519
v 0.078540 0.927045 -0.231392
v -0.078540 0.927045 -0.231392
v -0.220519 0.909757 -0.220519
v -0.231392 0.927045 -0.078540
v -0.231392 0.927045 0.078540
v -0.220519 0.909757 0.220519
v -0.078540 0.927045 0.231392
v 0.078540 0.927045 0.231392
v 0.220519 0.909757 0.220519
v 0.231392 0.927045 0.078540
v 0.231392 0.927045 -0.078540
v 0.241892 -0.188132 1.155706
v 0.230326 -0.051952 1.071823
v -0.255524 -0.190459 1.159039
v -0.230855 -0.051952 1.074856
v 0.707081 -0.269608 0.998686
v 0.702037 -0.187443 0.984492
v 0.653296 -0.051897 0.914146
v 0.591500 0.077499 0.841922
v 0.208856 0.077492 0.985154
v -0.208856 0.077492 0.987068
v -0.591500 0.077499 0.846560
v -0.653661 -0.051897 0.921534
v -0.711976 -0.190227 0.991580
v -0.751595 -0.336509 1.039982
v -0.281343 -0.337328 1.218032
v 1.217712 -0.342854 0.480922
v 1.244229 -0.188691 -0.270526
v 1.140045 -0.051484 -0.246590
v 1.232400 -0.189313 0.214384
v 1.133665 -0.051644 0.201093
v 1.132516 -0.331204 -0.745685
v 1.074273 -0.188149 -0.712696
v 0.983372 -0.051338 -0.656518
v 0.884703 0.077573 -0.593865
v 1.027211 0.077554 -0.219040
v 1.023296 0.077533 0.190454
v 0.875113 0.077513 0.565183
v 0.967814 -0.051790 0.610962
v 1.045535 -0.187548 0.657436
v 0.733778 -0.419680 1.031282
v 1.300036 -0.334382 0.220457
v 1.311917 -0.332594 -0.282688
v -0.259011 -0.187545 -1.216952
v -0.236885 -0.051176 -1.121684
v 0.259011 -0.187545 -1.212040
v 0.236885 -0.051176 -1.118096
v -0.770604 -0.330185 -1.103408
v -0.731127 -0.187749 -1.052673
v -0.668862 -0.051231 -0.968876
v -0.601090 0.077588 -0.876208
v -0.212771 0.077595 -1.016464
v 0.212771 0.077595 -1.014273
v 0.601090 0.077588 -0.870789
v 0.668862 -0.051231 -0.960002
v 0.731127 -0.187749 -1.040524
v 0.770604 -0.330185 -1.089198
v 0.272969 -0.329666 -1.269345
v -0.272969 -0.329666 -1.275091
v -1.236517 -0.189285 0.214911
v -1.133844 -0.051644 0.203249
v -1.244408 -0.188691 -0.276740
v -1.140052 -0.051484 -0.251055
v -1.113165 -0.335490 0.696266
v -1.054943 -0.189828 0.663647
v -0.968164 -0.051790 0.618046
v -0.875113 0.077513 0.569635
v -1.023296 0.077533 0.191835
v -1.027211 0.077554 -0.221764
v -0.884703 0.077573 -0.599469
v -0.983372 -0.051338 -0.665696
v -1.074273 -0.188149 -0.725262
v -1.132516 -0.331204 -0.760382
v -1.312260 -0.332594 -0.290034
v -1.304360 -0.334109 0.225670
v -1.104776 -0.758942 0.231059
v -1.247441 -0.629427 0.236747
v -1.104287 -0.752996 -0.212111
v -1.249430 -0.624716 -0.255537
v -0.784632 -0.856077 0.563949
v -0.953958 -0.760632 0.632090
v -1.069948 -0.632784 0.685509
v -1.122302 -0.486152 0.706124
v -1.312721 -0.483526 0.233984
v -1.318295 -0.480516 -0.283479
v -1.135957 -0.477633 -0.755418
v -1.074821 -0.619417 -0.704458
v -0.952758 -0.743779 -0.614428
v -0.781986 -0.837824 -0.513710
v -0.881240 -0.854821 -0.168345
v -0.882302 -0.861479 0.222775
v -0.231024 -0.741169 -1.042241
v -0.258325 -0.615441 -1.194178
v 0.231024 -0.741169 -1.038367
v 0.258325 -0.615441 -1.189179
v -0.560329 -0.833954 -0.725349
v -0.650512 -0.739652 -0.901786
v -0.729903 -0.616176 -1.031135
v -0.772101 -0.475598 -1.099496
v -0.273358 -0.474678 -1.271612
v 0.273358 -0.474678 -1.265856
v 0.772101 -0.475598 -1.085258
v 0.729902 -0.616176 -1.018771
v 0.650512 -0.739652 -0.892204
v 0.560329 -0.833954 -0.718554
v 0.203160 -0.843017 -0.813021
v -0.203160 -0.843017 -0.815732
v 1.104287 -0.752996 -0.207350
v 1.249423 -0.624716 -0.249333
v 1.104776 -0.758942 0.228561
v 1.247262 -0.629427 0.233683
v 0.781986 -0.837824 -0.506735
v 0.952758 -0.743779 -0.604541
v 1.074821 -0.619417 -0.691678
v 1.135957 -0.477633 -0.740692
v 1.318116 -0.480516 -0.276217
v 1.308634 -0.483559 0.232939
v 1.114258 -0.489067 0.699052
v 1.069598 -0.632784 0.675546
v 0.953958 -0.760632 0.624182
v 0.784632 -0.856077 0.558321
v 0.882302 -0.861479 0.220971
v 0.881240 -0.854821 -0.165082
v 0.231513 -0.770769 1.058690
v 0.255985 -0.638702 1.172425
v -0.231513 -0.770769 1.062076
v -0.256515 -0.638702 1.176693
v 0.562975 -0.859947 0.769961
v 0.651713 -0.764759 0.911540
v 0.724672 -0.636025 1.002227
v 0.749810 -0.491659 1.043289
v 0.258966 -0.492297 1.223516
v -0.272177 -0.489396 1.226265
v -0.758625 -0.488187 1.050796
v -0.725037 -0.636025 1.012607
v -0.651713 -0.764759 0.919753
v -0.562975 -0.859947 0.775768
v -0.204222 -0.873282 0.870714
v 0.204222 -0.873282 0.868358
v 0.175827 0.306803 0.848461
v 0.310830 0.508027 0.695267
v -0.175827 0.306803 0.848835
v -0.126306 0.663234 0.615388
v 0.537986 0.197429 0.778486
v 0.497003 0.308960 0.727328
v 0.465484 0.414416 0.684683
v 0.431709 0.518093 0.636206
v -0.164215 0.352342 0.806925
v 0.327876 0.406199 0.750584
v -0.435424 0.518398 0.631132
v -0.468692 0.414698 0.680253
v -0.496919 0.308988 0.728121
v -0.537986 0.197429 0.780793
v -0.190068 0.197429 0.910109
v 0.190068 0.197429 0.909156
v 0.856373 0.309004 -0.177625
v 0.797216 0.414840 -0.170022
v 0.856189 0.306944 0.172067
v 0.814243 0.410020 0.002144
v 0.799820 0.197431 -0.539242
v 0.735505 0.309032 -0.497349
v 0.683762 0.415121 -0.463079
v 0.633208 0.518853 -0.429075
v 0.738426 0.518551 -0.158291
v 0.684712 0.613027 0.001281
v 0.755580 0.511539 -0.004105
v 0.592997 0.410020 0.588865
v 0.734178 0.306944 0.492180
v 0.795010 0.197429 0.524877
v 0.928152 0.197430 0.180877
v 0.930116 0.197431 -0.195194
v -0.176376 0.309032 -0.854216
v -0.163863 0.415121 -0.795959
v 0.176376 0.309032 -0.853789
v 0.163863 0.415121 -0.795845
v -0.542796 0.197432 -0.795639
v -0.498740 0.309032 -0.733869
v -0.463453 0.415121 -0.683322
v -0.429125 0.518853 -0.633150
v -0.151715 0.518856 -0.737700
v 0.151715 0.518856 -0.737685
v 0.429125 0.518853 -0.633112
v 0.463453 0.415121 -0.683038
v 0.498740 0.309032 -0.732814
v 0.542797 0.197432 -0.792944
v 0.192032 0.197432 -0.923740
v -0.192032 0.197432 -0.924830
v -0.855515 0.309032 0.172276
v -0.796309 0.415121 0.162760
v -0.856284 0.309032 -0.178146
v -0.796516 0.415121 -0.164339
v -0.795010 0.197429 0.527091
v -0.733620 0.309032 0.492589
v -0.683255 0.415121 0.461798
v -0.633141 0.518853 0.428906
v -0.737747 0.518856 0.151569
v -0.737774 0.518856 -0.151778
v -0.633208 0.518853 -0.429114
v -0.683762 0.415121 -0.463372
v -0.735505 0.309032 -0.498441
v -0.799820 0.197431 -0.542030
v -0.930116 0.197431 -0.196550
v -0.928152 0.197430 0.181564
v 0.707288 -0.352091 0.994572
v 0.234818 -0.352291 1.176522
v 1.066835 -0.350808 0.664735
v 0.249602 -0.417324 1.214482
v 1.099090 -0.415248 0.693125
v 0.239721 -0.272868 1.178087
v 1.062106 -0.271935 0.670751
v -0.009786 -0.345066 1.242736
v 0.560433 0.605803 0.378865
v 0.651157 0.605872 0.136693
v 0.775627 0.403612 0.162587
v 0.718169 0.504524 0.150080
v 0.617747 0.504521 0.417758
v 0.667953 0.403612 0.448871
v 0.621985 0.664691 0.130941
v 0.813359 0.357969 0.170519
v 0.546187 0.511533 0.552526
v 0.701103 0.357969 0.468158
v 0.315385 0.398682 0.741870
v -0.125451 0.650968 0.606451
v -0.315393 0.398682 0.742047
v 0.266784 0.600911 0.622615
v -0.299195 0.499899 0.686812
v 0.125443 0.650968 0.606451
v 0.126301 0.663234 0.615388
v -0.310834 0.508027 0.695294
v 0.277019 0.609699 0.631216
v -0.327881 0.406199 0.750769
v -0.132457 0.602749 0.646481
v 0.132450 0.602749 0.646480
v 0.156735 0.400488 0.769594
v -0.156742 0.400488 0.769683
v 0.146409 0.501792 0.713785
v -0.146416 0.501792 0.713798
v 0.299188 0.499899 0.686786
v -0.266791 0.600911 0.622616
v -0.161789 0.348504 0.792433
v 0.161781 0.348504 0.792281
v 1.181787 -0.324149 0.601335
v 1.161889 -0.324149 0.597377
v 1.143145 -0.324149 0.589613
v 1.126276 -0.324149 0.578342
v 1.111930 -0.324149 0.563996
v 1.100658 -0.324149 0.547127
v 1.092894 -0.324149 0.528383
v 1.088936 -0.324149 0.508485
v 1.088936 -0.324149 0.488197
v 1.092894 -0.324149 0.468298
v 1.100658 -0.324149 0.449555
v 1.111930 -0.324149 0.432685
v 1.126276 -0.324149 0.418340
v 1.143145 -0.324149 0.407068
v 1.161889 -0.324149 0.399304
v 1.181787 -0.324149 0.395346
v 1.202075 -0.324149 0.395346
v 1.221973 -0.324149 0.399304
v 1.240717 -0.324149 0.407068
v 1.257586 -0.324149 0.418340
v 1.271932 -0.324149 0.432685
v 1.283203 -0.324149 0.449555
v 1.290968 -0.324149 0.468298
v 1.294925 -0.324149 0.488197
v 1.294925 -0.324149 0.508485
v 1.290967 -0.324149 0.528383
v 1.283203 -0.324149 0.547127
v 1.271932 -0.324149 0.563996
v 1.257586 -0.324149 0.578342
v 1.240717 -0.324149 0.589613
v 1.191930 -0.523360 0.498341
v 1.221973 -0.324149 0.597377
v 1.202075 -0.324149 0.601335
v 1.191930 -0.124938 0.498341
v -0.187749 -1.296429 -0.925215
v -0.099463 -0.949807 -0.746250
v -0.032632 -0.951604 -0.740823
v -0.090346 -1.301299 -0.914043
v 0.005488 -1.302674 -0.898446
v 0.031796 -0.953130 -0.729591
v 0.100334 -0.954092 -0.713008
v 0.109202 -1.304185 -0.880636
v 0.193746 -1.302819 -0.868060
v 0.160465 -0.954301 -0.695749
v 0.221508 -0.954075 -0.671878
v 0.278365 -1.301173 -0.851146
v 0.351480 -1.298570 -0.827803
v 0.275496 -0.953449 -0.644039
v 0.330405 -0.952373 -0.605696
v 0.427084 -1.295508 -0.786930
v 0.490985 -1.293323 -0.738067
v 0.376697 -0.951108 -0.563620
v 0.419405 -0.949852 -0.511944
v 0.549525 -1.290291 -0.669818
v 0.594381 -1.288818 -0.600690
v 0.451188 -0.948795 -0.460576
v 0.477221 -0.947828 -0.402340
v 0.627391 -1.285567 -0.519630
v 0.650176 -1.284354 -0.442109
v 0.494896 -0.947195 -0.346280
v 0.508283 -0.946837 -0.284560
v 0.662187 -1.282733 -0.358662
v 0.667827 -1.283484 -0.283243
v 0.515616 -0.946963 -0.228087
v 0.519071 -0.947609 -0.167945
v 0.666316 -1.285361 -0.209826
v 0.662432 -1.288912 -0.145165
v 0.518744 -0.948739 -0.113945
v 0.515285 -0.950216 -0.057443
v 0.658140 -1.293379 -0.084458
v 0.651460 -1.297899 -0.031342
v 0.508653 -0.951577 -0.007690
v 0.496293 -0.952347 0.045379
v 0.642065 -1.301653 0.022075
v 0.628512 -1.304179 0.071686
v 0.480024 -0.952464 0.092849
v 0.455425 -0.951842 0.143417
v 0.605423 -1.304284 0.127883
v 0.578769 -1.303561 0.179320
v 0.427220 -0.950741 0.187998
v 0.390202 -0.948983 0.234764
v 0.542173 -1.300279 0.239052
v 0.504158 -1.297308 0.293557
v 0.351670 -0.947156 0.276115
v 0.304997 -0.945265 0.317630
v 0.456330 -1.293337 0.352587
v 0.409435 -1.290668 0.403751
v 0.259074 -0.943731 0.351949
v 0.206332 -0.942587 0.383356
v 0.352707 -1.287836 0.450763
v 0.298538 -1.286768 0.489183
v 0.156506 -0.942022 0.406905
v 0.101534 -0.942191 0.425997
v 0.236144 -1.285599 0.516639
v 0.173878 -1.285781 0.538363
v 0.050510 -0.942908 0.438342
v -0.006478 -0.944047 0.445574
v 0.103424 -1.285681 0.549372
v 0.027875 -1.285704 0.554592
v -0.060764 -0.944875 0.446950
v -0.120901 -0.945358 0.442930
v -0.053862 -1.285122 0.551037
v -0.136294 -1.284500 0.542986
v -0.176680 -0.945455 0.434963
v -0.237074 -0.945380 0.420820
v -0.223199 -1.283926 0.528039
v -0.305878 -1.284309 0.508238
v -0.293200 -0.945157 0.401895
v -0.352686 -0.944804 0.373824
v -0.392869 -1.284612 0.474424
v -0.471873 -1.285474 0.429129
v -0.405943 -0.944545 0.341450
v -0.459007 -0.944372 0.300187
v -0.548841 -1.286122 0.365972
v -0.610913 -1.286381 0.299535
v -0.503276 -0.944382 0.257005
v -0.545281 -0.944580 0.205633
v -0.666830 -1.286500 0.223443
v -0.711545 -1.285921 0.150018
v -0.578448 -0.944894 0.154749
v -0.607960 -0.945291 0.098189
v -0.750446 -1.285539 0.075047
v -0.777603 -1.284698 0.011118
v -0.629290 -0.945601 0.046261
v -0.646514 -0.945819 -0.009856
v -0.797403 -1.283758 -0.051610
v -0.808007 -1.282252 -0.106152
v -0.657050 -0.945739 -0.061301
v -0.662657 -0.945449 -0.117429
v -0.811838 -1.280578 -0.161775
v -0.809883 -1.278393 -0.212371
v -0.662195 -0.944932 -0.168192
v -0.656193 -0.944265 -0.223133
v -0.802252 -1.276186 -0.265652
v -0.790804 -1.273803 -0.314767
v -0.646475 -0.943462 -0.272945
v -0.632391 -0.942655 -0.327470
v -0.775662 -1.271542 -0.368451
v -0.756981 -1.269631 -0.416698
v -0.616120 -0.941921 -0.376478
v -0.593835 -0.941298 -0.428826
v -0.733696 -1.268000 -0.469725
v -0.708832 -1.267049 -0.520977
v -0.568591 -0.940821 -0.474618
v -0.534561 -0.940510 -0.521232
v -0.677234 -1.266816 -0.577609
v -0.644485 -1.267117 -0.630687
v -0.499015 -0.940396 -0.561011
v -0.456305 -0.940586 -0.601567
v -0.605512 -1.268608 -0.686984
v -0.564382 -1.270699 -0.741692
v -0.414941 -0.941187 -0.636854
v -0.366970 -0.942204 -0.670744
v -0.516471 -1.274591 -0.794607
v 0.005940 -0.705993 -0.510107
v -0.069333 -0.705718 -0.517283
v -0.143487 -0.705470 -0.509485
v -0.214215 -0.705247 -0.487068
v -0.279250 -0.705099 -0.451088
v -0.336355 -0.705070 -0.403387
v -0.383033 -0.705122 -0.345676
v -0.417291 -0.705219 -0.279952
v -0.438428 -0.705342 -0.208985
v -0.445721 -0.705443 -0.135421
v -0.438444 -0.705482 -0.061699
v -0.416800 -0.705444 0.009538
v -0.381440 -0.705378 0.075835
v -0.333501 -0.705346 0.134202
v -0.274836 -0.705376 0.181954
v -0.208085 -0.705426 0.217067
v -0.136351 -0.705332 0.238111
v -0.062516 -0.704740 0.244387
v 0.010540 -0.703585 0.235434
v 0.080970 -0.702782 0.212371
v 0.146694 -0.702882 0.176644
v 0.204930 -0.703820 0.129800
v 0.252862 -0.705064 0.073502
v 0.287955 -0.705804 0.008982
v 0.308978 -0.705871 -0.061535
v 0.315935 -0.705678 -0.135295
v 0.308950 -0.705580 -0.209605
v 0.287902 -0.705627 -0.281600
v 0.253042 -0.705770 -0.348209
v 0.205027 -0.705966 -0.406647
v 0.146064 -0.706124 -0.454049
v 0.078942 -0.706149 -0.488645
v -0.466198 -1.278141 -0.840158
v -0.321105 -0.943491 -0.697599
v -0.267956 -0.945025 -0.720238
v -0.407981 -1.283793 -0.880066
v -0.344574 -1.287574 -0.906474
v -0.216606 -0.946505 -0.735065
v -0.157501 -0.948102 -0.744026
v -0.268895 -1.293333 -0.923346
v -0.163536 -1.490863 -0.877060
v -0.000338 -1.495491 -0.859777
v 0.166707 -1.494381 -0.837553
v 0.303819 -1.489231 -0.819049
v 0.422522 -1.484040 -0.766370
v 0.518777 -1.480621 -0.665534
v 0.579884 -1.477173 -0.534852
v 0.603395 -1.475984 -0.398560
v 0.600165 -1.480541 -0.279647
v 0.588690 -1.489582 -0.186544
v 0.573319 -1.498336 -0.109452
v 0.544155 -1.501267 -0.029518
v 0.498844 -1.497757 0.060965
v 0.438910 -1.492395 0.156944
v 0.363391 -1.488876 0.241710
v 0.268760 -1.487218 0.298825
v 0.147720 -1.485721 0.325684
v 0.001655 -1.483684 0.324042
v -0.152962 -1.483177 0.300935
v -0.302560 -1.485553 0.245127
v -0.431239 -1.487748 0.137441
v -0.524350 -1.487034 0.006339
v -0.587576 -1.484173 -0.114824
v -0.618191 -1.480311 -0.208952
v -0.622349 -1.475609 -0.285550
v -0.610024 -1.470535 -0.356641
v -0.583518 -1.466046 -0.425435
v -0.546192 -1.463200 -0.497083
v -0.505142 -1.463172 -0.584753
v -0.454759 -1.466515 -0.682712
v -0.385171 -1.473482 -0.777817
v -0.291661 -1.482602 -0.849331
vn -0.0000 -0.2111 -0.9775
vn -0.0000 0.2111 -0.9775
vn 0.1907 -0.2111 -0.9587
vn 0.1907 0.2111 -0.9587
vn 0.3741 -0.2111 -0.9031
vn 0.3741 0.2111 -0.9031
vn 0.5431 -0.2111 -0.8127
vn 0.5431 0.2111 -0.8127
vn 0.6912 -0.2111 -0.6912
vn 0.6912 0.2111 -0.6912
vn 0.8127 -0.2111 -0.5430
vn 0.8127 0.2111 -0.5430
vn 0.9031 -0.2111 -0.3741
vn 0.9031 0.2111 -0.3741
vn 0.9587 -0.2111 -0.1907
vn 0.9587 0.2111 -0.1907
vn 0.9775 -0.2111 -0.0000
vn 0.9775 0.2111 -0.0000
vn 0.9587 -0.2111 0.1907
vn 0.9587 0.2111 0.1907
vn 0.9031 -0.2111 0.3741
vn 0.9031 0.2111 0.3741
vn 0.8127 -0.2111 0.5431
vn 0.8127 0.2111 0.5431
vn 0.6912 -0.2111 0.6912
vn 0.6912 0.2111 0.6912
vn 0.5430 -0.2111 0.8127
vn 0.5430 0.2111 0.8127
vn 0.3741 -0.2111 0.9031
vn 0.3741 0.2111 0.9031
vn 0.1907 -0.2111 0.9587
vn 0.1907 0.2111 0.9587
vn -0.0000 -0.2111 0.9775
vn -0.0000 0.2111 0.9775
vn -0.1907 -0.2111 0.9587
vn -0.1907 0.2111 0.9587
vn -0.3741 -0.2111 0.9031
vn -0.3741 0.2111 0.9031
vn -0.5431 -0.2111 0.8127
vn -0.5430 0.2111 0.8127
vn -0.6912 -0.2111 0.6912
vn -0.6912 0.2111 0.6912
vn -0.8127 -0.2111 0.5431
vn -0.8127 0.2111 0.5431
vn -0.9031 -0.2111 0.3741
vn -0.9031 0.2111 0.3741
vn -0.9587 -0.2111 0.1907
vn -0.9587 0.2111 0.1907
vn -0.9775 -0.2111 -0.0000
vn -0.9775 0.2111 -0.0000
vn -0.9587 -0.2111 -0.1907
vn -0.9587 0.2111 -0.1907
vn -0.9031 -0.2111 -0.3741
vn -0.9031 0.2111 -0.3741
vn -0.8127 -0.2111 -0.5430
vn -0.8127 0.2111 -0.5430
vn -0.6912 -0.2111 -0.6912
vn -0.6912 0.2111 -0.6912
vn -0.5430 -0.2111 -0.8127
vn -0.5431 0.2111 -0.8127
vn -0.3741 -0.2111 -0.9031
vn -0.3741 0.2111 -0.9031
vn -0.1907 -0.2111 -0.9587
vn -0.1907 0.2111 -0.9587
vn -0.2185 -0.9541 0.2048
vn -0.2804 0.9180 0.2804
vn -0.1880 -0.9584 -0.2147
vn -0.2804 0.9180 -0.2804
vn 0.2201 -0.9533 0.2066
vn 0.2804 0.9180 0.2804
vn 0.1899 -0.9576 -0.2165
vn 0.2804 0.9180 -0.2804
vn -0.5658 0.5890 0.5770
vn -0.5340 0.6466 -0.5447
vn 0.5390 0.6388 -0.5490
vn 0.5697 0.5811 0.5812
vn -0.6881 -0.0099 -0.7255
vn 0.6890 -0.0101 -0.7247
vn 0.6331 0.3602 0.6851
vn -0.6865 0.0876 0.7218
vn -0.5855 0.5701 0.5764
vn -0.5804 0.5711 -0.5805
vn 0.5805 0.5709 -0.5806
vn 0.5324 0.5797 0.6168
vn -0.2114 -0.9709 -0.1126
vn -0.2235 -0.9745 -0.0185
vn -0.2268 -0.9705 0.0824
vn -0.5320 0.6621 0.5279
vn -0.4630 0.7559 0.4629
vn -0.3815 0.8420 0.3815
vn -0.3197 0.9378 0.1356
vn -0.3323 0.9432 -0.0000
vn -0.3197 0.9378 -0.1356
vn -0.5990 -0.4876 -0.6352
vn -0.4348 -0.7703 -0.4664
vn -0.2958 -0.8978 -0.3264
vn 0.0886 -0.9684 -0.2332
vn 0.0014 -0.9715 -0.2369
vn -0.0861 -0.9689 -0.2320
vn -0.1356 0.9378 -0.3197
vn -0.0000 0.9432 -0.3323
vn 0.1356 0.9378 -0.3197
vn 0.6022 -0.4808 -0.6373
vn 0.4390 -0.7657 -0.4701
vn 0.3002 -0.8956 -0.3284
vn 0.2272 -0.9703 0.0833
vn 0.2238 -0.9745 -0.0184
vn 0.2121 -0.9706 -0.1138
vn 0.3197 0.9378 -0.1356
vn 0.3323 0.9432 -0.0000
vn 0.3197 0.9378 0.1356
vn 0.6562 -0.3127 0.6868
vn 0.5122 -0.6746 0.5315
vn 0.3515 -0.8669 0.3535
vn -0.0999 -0.9685 0.2282
vn 0.0012 -0.9720 0.2348
vn 0.1021 -0.9679 0.2295
vn 0.1356 0.9378 0.3197
vn -0.0000 0.9432 0.3323
vn -0.1356 0.9378 0.3197
vn -0.6319 0.4012 0.6631
vn -0.5729 0.5612 0.5973
vn -0.5495 0.6136 0.5670
vn -0.6089 0.5076 -0.6096
vn -0.6081 0.5071 -0.6108
vn -0.5782 0.5692 -0.5845
vn 0.6094 0.5064 -0.6101
vn 0.6098 0.5033 -0.6122
vn 0.5818 0.5628 -0.5872
vn 0.5533 0.4993 0.6668
vn 0.6553 0.4278 0.6226
vn 0.6030 0.5162 0.6082
vn 0.2931 0.5529 0.7800
vn 0.0026 0.5451 0.8384
vn -0.2874 0.5605 0.7767
vn 0.7152 0.6440 -0.2716
vn 0.7751 0.6318 0.0061
vn 0.7374 0.6102 0.2896
vn -0.2678 0.6261 -0.7323
vn 0.0028 0.6114 -0.7913
vn 0.2741 0.6187 -0.7363
vn -0.7362 0.6127 0.2874
vn -0.7751 0.6318 0.0060
vn -0.7134 0.6469 -0.2694
vn -0.5144 0.6738 -0.5305
vn -0.5459 0.6151 -0.5689
vn -0.6271 0.4164 -0.6583
vn 0.5201 0.6652 -0.5357
vn 0.5513 0.6059 -0.5735
vn 0.6304 0.4081 -0.6603
vn 0.5544 0.6046 0.5720
vn 0.5830 0.5411 0.6060
vn 0.6814 0.0940 0.7258
vn -0.3488 -0.8692 0.3505
vn -0.5086 -0.6804 0.5276
vn -0.6518 -0.3287 0.6835
vn -0.9242 0.0769 0.3742
vn -0.9987 0.0487 0.0122
vn -0.9328 0.0157 -0.3601
vn -0.3279 -0.0209 -0.9445
vn 0.0104 -0.0231 -0.9997
vn 0.3421 -0.0209 -0.9394
vn 0.9313 0.0155 -0.3640
vn 0.9982 0.0566 0.0211
vn 0.9097 0.0710 0.4092
vn 0.3302 0.3260 0.8858
vn 0.0228 0.0211 0.9995
vn -0.3488 0.0721 0.9344
vn -0.5993 0.5236 0.6055
vn -0.6210 0.4801 0.6196
vn -0.6173 0.4995 0.6078
vn -0.3815 0.8420 -0.3815
vn -0.4629 0.7559 -0.4629
vn -0.5304 0.6613 -0.5304
vn 0.3815 0.8420 -0.3815
vn 0.4629 0.7559 -0.4629
vn 0.5304 0.6613 -0.5304
vn 0.3815 0.8420 0.3815
vn 0.4623 0.7568 0.4620
vn 0.5429 0.6724 0.5032
vn 0.2630 0.5688 0.7793
vn -0.2722 0.5694 0.7757
vn 0.7684 0.5670 -0.2969
vn 0.8224 0.5683 -0.0261
vn -0.2913 0.5665 -0.7709
vn -0.0000 0.5628 -0.8266
vn 0.2913 0.5663 -0.7710
vn -0.7710 0.5662 0.2915
vn -0.8263 0.5632 -0.0000
vn -0.7706 0.5669 -0.2912
vn -0.7044 0.6582 0.2658
vn -0.6124 0.7563 0.2300
vn -0.4888 0.8535 0.1805
vn -0.7549 0.6558 -0.0000
vn -0.6537 0.7568 -0.0000
vn -0.5110 0.8596 -0.0000
vn -0.7044 0.6582 -0.2658
vn -0.6124 0.7563 -0.2300
vn -0.4888 0.8535 -0.1805
vn -0.2658 0.6582 -0.7044
vn -0.2300 0.7563 -0.6124
vn -0.1805 0.8535 -0.4888
vn -0.0000 0.6558 -0.7549
vn -0.0000 0.7568 -0.6537
vn -0.0000 0.8596 -0.5110
vn 0.2658 0.6582 -0.7044
vn 0.2300 0.7563 -0.6124
vn 0.1805 0.8535 -0.4888
vn 0.7027 0.6590 -0.2683
vn 0.6123 0.7564 -0.2301
vn 0.4888 0.8535 -0.1805
vn 0.7594 0.6499 0.0321
vn 0.6529 0.7574 0.0004
vn 0.5110 0.8596 -0.0000
vn 0.8035 0.5124 0.3030
vn 0.6129 0.7559 0.2303
vn 0.4888 0.8535 0.1805
vn 0.2119 0.6166 0.7582
vn 0.2295 0.7563 0.6127
vn 0.1805 0.8535 0.4888
vn -0.0000 0.3844 0.9232
vn -0.0000 0.7549 0.6559
vn -0.0000 0.8596 0.5110
vn -0.2132 0.6167 0.7578
vn -0.2295 0.7563 0.6127
vn -0.1805 0.8535 0.4888
vn -0.0865 -0.9900 -0.1113
vn 0.0004 -0.9932 -0.1160
vn 0.0872 -0.9899 -0.1119
vn -0.0940 -0.9954 -0.0209
vn -0.0000 -0.9998 -0.0220
vn 0.0940 -0.9953 -0.0210
vn -0.0933 -0.9927 0.0764
vn 0.0002 -0.9968 0.0804
vn 0.0936 -0.9926 0.0769
vn 0.1453 0.9787 -0.1453
vn -0.0000 0.9877 -0.1563
vn -0.1453 0.9787 -0.1453
vn 0.1563 0.9877 -0.0000
vn -0.0000 1.0000 -0.0000
vn -0.1563 0.9877 -0.0000
vn 0.1453 0.9787 0.1453
vn -0.0000 0.9877 0.1563
vn -0.1453 0.9787 0.1453
vn 0.3522 0.0981 0.9308
vn 0.2982 0.5266 0.7961
vn 0.2871 0.5743 0.7666
vn 0.0301 0.3910 0.9199
vn 0.0065 0.5322 0.8466
vn 0.0044 0.5663 0.8242
vn -0.3249 0.3806 0.8658
vn -0.2895 0.5350 0.7937
vn -0.2789 0.5827 0.7633
vn 0.8442 0.4253 -0.3262
vn 0.7356 0.6158 -0.2822
vn 0.6918 0.6721 -0.2639
vn 0.9060 0.4226 0.0233
vn 0.7991 0.6010 0.0159
vn 0.7512 0.6601 0.0094
vn 0.8251 0.4138 0.3847
vn 0.7613 0.5678 0.3131
vn 0.7158 0.6364 0.2874
vn -0.3025 0.3926 -0.8685
vn -0.2678 0.5912 -0.7608
vn -0.2559 0.6518 -0.7139
vn 0.0091 0.3788 -0.9254
vn 0.0067 0.5752 -0.8180
vn 0.0046 0.6364 -0.7713
vn 0.3161 0.3854 -0.8669
vn 0.2794 0.5828 -0.7631
vn 0.2649 0.6438 -0.7179
vn -0.8403 0.4205 0.3421
vn -0.7500 0.5879 0.3030
vn -0.7140 0.6400 0.2839
vn -0.9037 0.4280 0.0145
vn -0.7948 0.6068 0.0125
vn -0.7509 0.6603 0.0092
vn -0.8443 0.4283 -0.3220
vn -0.7342 0.6194 -0.2781
vn -0.6900 0.6752 -0.2607
vn -0.4197 -0.8952 0.1500
vn -0.6525 -0.7153 0.2503
vn -0.8636 -0.3690 0.3435
vn -0.4173 -0.9087 -0.0137
vn -0.6669 -0.7451 -0.0064
vn -0.9078 -0.4193 0.0039
vn -0.3875 -0.9071 -0.1642
vn -0.5984 -0.7636 -0.2426
vn -0.8244 -0.4641 -0.3239
vn -0.1335 -0.9078 -0.3975
vn -0.2071 -0.7709 -0.6023
vn -0.2860 -0.4854 -0.8262
vn 0.0033 -0.9114 -0.4115
vn 0.0057 -0.7693 -0.6389
vn 0.0087 -0.4792 -0.8777
vn 0.1385 -0.9061 -0.3998
vn 0.2166 -0.7670 -0.6040
vn 0.2991 -0.4796 -0.8249
vn 0.3872 -0.9067 -0.1670
vn 0.5992 -0.7618 -0.2462
vn 0.8241 -0.4616 -0.3283
vn 0.4174 -0.9086 -0.0139
vn 0.6672 -0.7449 -0.0064
vn 0.9116 -0.4111 0.0075
vn 0.4203 -0.8945 0.1521
vn 0.6536 -0.7128 0.2543
vn 0.8699 -0.3451 0.3525
vn 0.1678 -0.8736 0.4568
vn 0.2606 -0.6565 0.7079
vn 0.3297 -0.3150 0.8900
vn 0.0032 -0.8801 0.4747
vn 0.0059 -0.6557 0.7550
vn 0.0084 -0.3299 0.9440
vn -0.1632 -0.8752 0.4553
vn -0.2512 -0.6615 0.7066
vn -0.3199 -0.3162 0.8931
vn 0.3062 0.4950 0.8132
vn 0.2506 0.4839 0.8385
vn 0.3053 0.4957 0.8130
vn 0.0013 0.4950 0.8689
vn 0.0004 0.7668 0.6419
vn -0.3031 0.5008 0.8107
vn -0.2513 0.4868 0.8366
vn -0.3146 0.4972 0.8086
vn 0.7710 0.5658 -0.2921
vn 0.8081 0.5019 -0.3083
vn 0.8061 0.5032 -0.3114
vn 0.8322 0.5544 0.0034
vn 0.8775 0.4784 0.0322
vn 0.8642 0.5015 -0.0417
vn 0.7832 0.5433 0.3022
vn 0.6745 0.6917 0.2582
vn -0.2907 0.5518 -0.7817
vn -0.3055 0.4953 -0.8132
vn -0.3057 0.5007 -0.8098
vn 0.0014 0.5393 -0.8421
vn 0.0005 0.4868 -0.8735
vn 0.0001 0.4955 -0.8686
vn 0.2943 0.5459 -0.7845
vn 0.3070 0.4920 -0.8147
vn 0.3061 0.4997 -0.8103
vn -0.7851 0.5408 0.3018
vn -0.8152 0.4890 0.3103
vn -0.8105 0.4988 0.3070
vn -0.8317 0.5552 0.0034
vn -0.8685 0.4957 0.0014
vn -0.8670 0.4984 0.0004
vn -0.7698 0.5682 -0.2907
vn -0.8076 0.5046 -0.3051
vn -0.8080 0.5038 -0.3054
vn 0.6772 -0.0850 0.7309
vn 0.5321 0.6173 0.5794
vn 0.6111 0.5842 0.5341
vn 0.2853 0.6008 0.7468
vn 0.2345 0.5617 0.7934
vn 0.3553 -0.1017 0.9292
vn 0.2648 -0.0540 0.9628
vn 0.7695 -0.0157 0.6384
vn 0.7578 0.5514 0.3489
vn 0.7812 0.4982 0.3763
vn 0.6729 0.6644 0.3251
vn 0.8126 0.4360 0.3868
vn 0.7997 0.5494 0.2421
vn 0.7758 0.5597 0.2913
vn 0.8693 0.4270 0.2491
vn 0.8557 0.4051 0.3220
vn 0.7122 0.6719 0.2031
vn 0.8332 0.4991 0.2382
vn 0.6725 0.6952 0.2537
vn 0.8090 0.5027 0.3045
vn -0.6259 0.2603 0.7352
vn 0.6260 0.2604 0.7350
vn -0.2824 -0.3092 0.9081
vn -0.0000 -0.4815 0.8764
vn 0.2824 -0.3093 0.9081
vn -0.3627 0.9256 0.1081
vn -0.6063 0.3046 0.7346
vn -0.0001 0.9943 -0.1064
vn 0.3627 0.9257 0.1076
vn 0.6066 0.3054 0.7340
vn 0.1628 0.5657 0.8084
vn -0.0000 0.5601 0.8284
vn -0.1628 0.5658 0.8083
vn 0.1443 0.6611 0.7363
vn -0.0000 0.6570 0.7539
vn -0.1443 0.6611 0.7363
vn 0.1652 0.3807 0.9098
vn 0.1679 0.4905 0.8551
vn 0.0004 0.3848 0.9230
vn 0.0001 0.4858 0.8741
vn -0.1644 0.3820 0.9094
vn -0.1675 0.4913 0.8547
vn 0.9031 -0.2111 -0.3740
vn 0.9031 0.2111 -0.3740
vn 0.5431 0.2111 0.8127
vn -0.3740 0.2111 0.9031
vn -0.8127 0.2111 -0.5431
vn -0.5431 -0.2111 -0.8127
vn -0.5430 0.2111 -0.8127
vn -0.3740 0.2111 -0.9031
vn -0.1789 -0.0246 -0.9836
vn 0.0505 0.6201 -0.7829
vn 0.1011 -0.0157 -0.9948
vn 0.1962 0.6005 -0.7752
vn 0.1193 0.0185 -0.9927
vn 0.2844 0.6042 -0.7444
vn 0.2843 0.0827 -0.9552
vn 0.4058 0.6219 -0.6698
vn 0.6038 0.1100 -0.7895
vn 0.5391 0.6335 -0.5550
vn 0.8457 0.0742 -0.5285
vn 0.6624 0.6292 -0.4067
vn 0.9681 0.0228 -0.2497
vn 0.7521 0.6088 -0.2524
vn 0.9991 -0.0419 0.0037
vn 0.8029 0.5855 -0.1117
vn 0.9734 -0.1176 0.1964
vn 0.8214 0.5699 0.0231
vn 0.9275 -0.1948 0.3190
vn 0.8064 0.5688 0.1615
vn 0.8715 -0.2613 0.4150
vn 0.7535 0.5735 0.3214
vn 0.7836 -0.3193 0.5329
vn 0.6652 0.5731 0.4787
vn 0.7060 -0.3375 0.6226
vn 0.5661 0.5751 0.5906
vn 0.6130 -0.3390 0.7137
vn 0.4458 0.5827 0.6795
vn 0.4718 -0.3535 0.8078
vn 0.2957 0.5867 0.7539
vn 0.3049 -0.3890 0.8693
vn 0.1271 0.5807 0.8041
vn 0.1175 -0.4465 0.8870
vn -0.0394 0.5684 0.8218
vn -0.0543 -0.4915 0.8692
vn -0.1748 0.5646 0.8066
vn -0.2010 -0.5083 0.8374
vn -0.3048 0.5733 0.7606
vn -0.4329 -0.5120 0.7419
vn -0.4397 0.5821 0.6839
vn -0.6571 -0.5025 0.5619
vn -0.5617 0.5877 0.5823
vn -0.7809 -0.4797 0.4002
vn -0.6634 0.5898 0.4605
vn -0.8655 -0.4339 0.2503
vn -0.7342 0.5920 0.3324
vn -0.9135 -0.3925 0.1066
vn -0.7782 0.5997 0.1863
vn -0.9272 -0.3743 0.0100
vn -0.7943 0.6073 0.0138
vn -0.9314 -0.3557 -0.0770
vn -0.7792 0.6091 -0.1476
vn -0.9196 -0.3534 -0.1714
vn -0.7356 0.6181 -0.2770
vn -0.9044 -0.3538 -0.2384
vn -0.6533 0.6319 -0.4170
vn -0.8880 -0.3025 -0.3464
vn -0.5395 0.6340 -0.5540
vn -0.8572 -0.2192 -0.4660
vn -0.4342 0.6393 -0.6347
vn -0.7670 -0.1388 -0.6265
vn -0.2950 0.6466 -0.7035
vn -0.5599 -0.0692 -0.8257
vn -0.1191 0.6397 -0.7593
vn 0.1221 -0.4346 -0.8923
vn 0.0655 0.7341 -0.6759
vn -0.0185 0.4631 -0.8861
vn 0.1581 0.4141 -0.8964
vn 0.1387 -0.4101 -0.9015
vn 0.1885 0.7242 -0.6633
vn 0.1874 0.4366 -0.8799
vn 0.1367 -0.4063 -0.9035
vn 0.2969 0.7302 -0.6153
vn 0.3286 0.4884 -0.8084
vn 0.4112 -0.3668 -0.8345
vn 0.4103 0.7381 -0.5356
vn 0.5454 0.5128 -0.6630
vn 0.6974 -0.3834 -0.6055
vn 0.5146 0.7413 -0.4308
vn 0.7364 0.4961 -0.4599
vn 0.8380 -0.4300 -0.3359
vn 0.6019 0.7364 -0.3089
vn 0.8527 0.4614 -0.2448
vn 0.8728 -0.4766 -0.1055
vn 0.6634 0.7252 -0.1844
vn 0.9036 0.4216 -0.0753
vn 0.8471 -0.5299 0.0396
vn 0.6959 0.7158 -0.0581
vn 0.9222 0.3838 0.0471
vn 0.8040 -0.5900 0.0737
vn 0.6986 0.7125 0.0656
vn 0.9211 0.3648 0.1359
vn 0.7487 -0.6508 0.1264
vn 0.6725 0.7149 0.1916
vn 0.8911 0.3491 0.2898
vn 0.6309 -0.7190 0.2914
vn 0.6201 0.7167 0.3190
vn 0.8129 0.3253 0.4831
vn 0.5276 -0.7519 0.3953
vn 0.5454 0.7156 0.4364
vn 0.7241 0.3322 0.6044
vn 0.4659 -0.7616 0.4504
vn 0.4531 0.7169 0.5298
vn 0.6068 0.3561 0.7106
vn 0.3633 -0.7879 0.4973
vn 0.3402 0.7209 0.6038
vn 0.4347 0.3654 0.8231
vn 0.1986 -0.8275 0.5251
vn 0.2119 0.7227 0.6579
vn 0.2289 0.3417 0.9115
vn 0.0505 -0.8520 0.5211
vn 0.0739 0.7193 0.6907
vn 0.0224 0.3026 0.9528
vn -0.0508 -0.8533 0.5189
vn -0.0612 0.7134 0.6981
vn -0.1190 0.2846 0.9512
vn -0.1023 -0.8524 0.5128
vn -0.1882 0.7133 0.6751
vn -0.2676 0.2918 0.9183
vn -0.1808 -0.8532 0.4892
vn -0.3168 0.7163 0.6217
vn -0.4782 0.3120 0.8210
vn -0.3243 -0.8527 0.4097
vn -0.4342 0.7197 0.5417
vn -0.6707 0.3040 0.6766
vn -0.4209 -0.8514 0.3131
vn -0.5354 0.7221 0.4381
vn -0.7999 0.3074 0.5155
vn -0.4603 -0.8528 0.2468
vn -0.6110 0.7237 0.3209
vn -0.8666 0.3360 0.3690
vn -0.4914 -0.8572 0.1541
vn -0.6572 0.7274 0.1977
vn -0.9045 0.3772 0.1991
vn -0.5313 -0.8471 0.0133
vn -0.6784 0.7316 0.0677
vn -0.9144 0.4048 0.0012
vn -0.5583 -0.8225 -0.1085
vn -0.6765 0.7335 -0.0659
vn -0.8921 0.4201 -0.1664
vn -0.5675 -0.7968 -0.2075
vn -0.6521 0.7354 -0.1844
vn -0.8693 0.4081 -0.2787
vn -0.5604 -0.7782 -0.2835
vn -0.6013 0.7422 -0.2958
vn -0.8179 0.4025 -0.4111
vn -0.5808 -0.7710 -0.2613
vn -0.5226 0.7473 -0.4105
vn -0.7137 0.4246 -0.5571
vn -0.6067 -0.7414 -0.2868
vn -0.4329 0.7476 -0.5036
vn -0.6290 0.4709 -0.6186
vn -0.6081 -0.6996 -0.3753
vn -0.3312 0.7512 -0.5710
vn -0.4917 0.5062 -0.7085
vn -0.5323 -0.6533 -0.5384
vn -0.2080 0.7530 -0.6242
vn -0.2650 0.5076 -0.8198
vn -0.2542 -0.5544 -0.7925
vn -0.0729 0.7470 -0.6608
vn 0.0995 0.4299 -0.8974
vn 0.1884 0.4201 -0.8877
vn 0.2501 0.4593 -0.8524
vn 0.4427 0.5053 -0.7407
vn 0.6510 0.5072 -0.5648
vn 0.8063 0.4790 -0.3470
vn 0.8833 0.4419 -0.1566
vn 0.9149 0.4035 -0.0123
vn 0.9236 0.3778 0.0652
vn 0.9127 0.3627 0.1882
vn 0.8601 0.3416 0.3789
vn 0.7759 0.3288 0.5384
vn 0.6810 0.3423 0.6474
vn 0.5358 0.3585 0.7645
vn 0.3365 0.3511 0.8738
vn 0.1242 0.3167 0.9403
vn -0.0501 0.2838 0.9576
vn -0.1808 0.2749 0.9443
vn -0.3735 0.2879 0.8818
vn -0.5930 0.2940 0.7496
vn -0.7545 0.2957 0.5859
vn -0.8458 0.3144 0.4311
vn -0.8940 0.3555 0.2726
vn -0.9165 0.3911 0.0837
vn -0.9073 0.4068 -0.1063
vn -0.8863 0.4114 -0.2126
vn -0.8565 0.3974 -0.3293
vn -0.7697 0.4041 -0.4942
vn -0.6694 0.4396 -0.5989
vn -0.5670 0.4834 -0.6670
vn 0.0002 1.0000 -0.0000
vn -0.3908 0.5076 -0.7679
vn -0.1407 0.4862 -0.8624
vn 0.0236 -0.9990 -0.0374
vn 0.0805 -0.5712 -0.8169
vn 0.0805 0.5712 -0.8169
vn -0.0000 -0.0000 -1.0000
vn 0.1951 -0.0000 -0.9808
vn 0.2383 -0.5712 -0.7855
vn 0.2383 0.5712 -0.7855
vn 0.3827 -0.0000 -0.9239
vn 0.3869 -0.5711 -0.7239
vn 0.3869 0.5712 -0.7239
vn 0.5556 -0.0000 -0.8315
vn 0.5207 -0.5712 -0.6345
vn 0.5207 0.5712 -0.6345
vn 0.7071 -0.0000 -0.7071
vn 0.6345 -0.5712 -0.5207
vn 0.6345 0.5712 -0.5207
vn 0.8315 -0.0000 -0.5556
vn 0.7239 -0.5712 -0.3869
vn 0.7239 0.5712 -0.3869
vn 0.9239 -0.0000 -0.3827
vn 0.7855 -0.5712 -0.2383
vn 0.7855 0.5712 -0.2383
vn 0.9808 -0.0000 -0.1951
vn 0.8169 -0.5712 -0.0805
vn 0.8169 0.5712 -0.0805
vn 1.0000 -0.0000 -0.0000
vn 0.8169 -0.5712 0.0805
vn 0.8169 0.5712 0.0805
vn 0.9808 -0.0000 0.1951
vn 0.7855 -0.5712 0.2383
vn 0.7855 0.5712 0.2383
vn 0.9239 -0.0000 0.3827
vn 0.7239 -0.5712 0.3869
vn 0.7239 0.5712 0.3869
vn 0.8315 -0.0000 0.5556
vn 0.6345 -0.5712 0.5207
vn 0.6345 0.5712 0.5207
vn 0.7071 -0.0000 0.7071
vn 0.5207 -0.5712 0.6345
vn 0.5207 0.5712 0.6345
vn 0.5556 -0.0000 0.8315
vn 0.3869 -0.5712 0.7239
vn 0.3869 0.5712 0.7239
vn 0.3827 -0.0000 0.9239
vn 0.2383 -0.5712 0.7855
vn 0.2383 0.5712 0.7855
vn 0.1951 -0.0000 0.9808
vn 0.0805 -0.5712 0.8169
vn 0.0805 0.5712 0.8169
vn -0.0000 -0.0000 1.0000
vn -0.0805 -0.5712 0.8169
vn -0.0805 0.5712 0.8169
vn -0.1951 -0.0000 0.9808
vn -0.2383 -0.5712 0.7855
vn -0.2383 0.5712 0.7855
vn -0.3827 -0.0000 0.9239
vn -0.3869 -0.5712 0.7239
vn -0.3869 0.5712 0.7239
vn -0.5556 -0.0000 0.8315
vn -0.5207 -0.5712 0.6345
vn -0.5207 0.5712 0.6345
vn -0.7071 -0.0000 0.7071
vn -0.6345 -0.5712 0.5207
vn -0.6345 0.5712 0.5207
vn -0.8315 -0.0000 0.5556
vn -0.7239 -0.5712 0.3869
vn -0.7239 0.5712 0.3869
vn -0.9239 -0.0000 0.3827
vn -0.7855 -0.5712 0.2383
vn -0.7855 0.5712 0.2383
vn -0.9808 -0.0000 0.1951
vn -0.8169 -0.5712 0.0805
vn -0.8169 0.5712 0.0805
vn -1.0000 -0.0000 -0.0000
vn -0.8169 -0.5712 -0.0805
vn -0.8169 0.5712 -0.0805
vn -0.9808 -0.0000 -0.1951
vn -0.7855 -0.5712 -0.2383
vn -0.7855 0.5712 -0.2383
vn -0.9239 -0.0000 -0.3827
vn -0.7239 -0.5712 -0.3869
vn -0.7239 0.5712 -0.3869
vn -0.8315 -0.0000 -0.5556
vn -0.6345 -0.5712 -0.5207
vn -0.6345 0.5712 -0.5207
vn -0.7071 -0.0000 -0.7071
vn -0.5207 -0.5712 -0.6345
vn -0.5207 0.5712 -0.6345
vn -0.5556 -0.0000 -0.8315
vn -0.3869 -0.5712 -0.7239
vn -0.3869 0.5712 -0.7239
vn -0.3827 -0.0000 -0.9239
vn -0.2383 -0.5712 -0.7855
vn -0.2383 0.5712 -0.7855
vn -0.1951 -0.0000 -0.9808
vn -0.0805 -0.5711 -0.8169
vn -0.0805 0.5712 -0.8169
vn -0.2020 -0.9663 -0.1597
vn -0.2183 -0.9736 -0.0659
vn -0.2264 -0.9735 0.0312
vn -0.2248 -0.9642 0.1408
vn -0.5614 0.6151 0.5536
vn -0.4992 0.7088 0.4983
vn -0.4236 0.8007 0.4236
vn -0.3340 0.8814 0.3340
vn -0.3039 0.9307 0.2037
vn -0.3291 0.9418 0.0685
vn -0.3291 0.9418 -0.0685
vn -0.3039 0.9307 -0.2037
vn -0.6624 -0.2666 -0.7001
vn -0.5176 -0.6541 -0.5516
vn -0.3599 -0.8474 -0.3903
vn -0.2399 -0.9326 -0.2695
vn 0.1343 -0.9645 -0.2274
vn 0.0450 -0.9707 -0.2361
vn -0.0424 -0.9710 -0.2354
vn -0.1321 -0.9652 -0.2257
vn -0.2037 0.9307 -0.3039
vn -0.0685 0.9418 -0.3291
vn 0.0685 0.9418 -0.3291
vn 0.2037 0.9307 -0.3039
vn 0.6641 -0.2619 -0.7003
vn 0.5218 -0.6479 -0.5549
vn 0.3642 -0.8440 -0.3936
vn 0.2428 -0.9317 -0.2702
vn 0.2258 -0.9637 0.1422
vn 0.2265 -0.9735 0.0315
vn 0.2188 -0.9735 -0.0670
vn 0.2032 -0.9658 -0.1613
vn 0.3039 0.9307 -0.2037
vn 0.3291 0.9418 -0.0685
vn 0.3291 0.9418 0.0685
vn 0.3039 0.9307 0.2037
vn 0.6846 -0.0819 0.7243
vn 0.5947 -0.5117 0.6202
vn 0.4279 -0.7902 0.4387
vn 0.2817 -0.9192 0.2751
vn -0.1521 -0.9635 0.2202
vn -0.0497 -0.9712 0.2328
vn 0.0519 -0.9710 0.2335
vn 0.1540 -0.9628 0.2219
vn 0.2037 0.9307 0.3039
vn 0.0685 0.9418 0.3291
vn -0.0685 0.9418 0.3291
vn -0.2037 0.9307 0.3039
vn -0.6646 0.2649 0.6987
vn -0.5992 0.4979 0.6270
vn -0.5560 0.5983 0.5770
vn -0.5531 0.6101 0.5673
vn -0.5980 0.5333 -0.5983
vn -0.6123 0.4983 -0.6138
vn -0.5965 0.5323 -0.6007
vn -0.5560 0.6100 -0.5646
vn 0.5982 0.5328 -0.5985
vn 0.6132 0.4960 -0.6147
vn 0.5990 0.5272 -0.6027
vn 0.5605 0.6026 -0.5681
vn 0.5455 0.5367 0.6438
vn 0.5793 0.4281 0.6936
vn 0.6260 0.4748 0.6186
vn 0.5863 0.5498 0.5950
vn 0.4376 0.5653 0.6992
vn 0.1470 0.5458 0.8249
vn -0.1411 0.5502 0.8230
vn -0.4326 0.5743 0.6951
vn 0.6430 0.6442 -0.4143
vn 0.7575 0.6394 -0.1313
vn 0.7695 0.6220 0.1451
vn 0.6723 0.5965 0.4383
vn -0.4050 0.6376 -0.6553
vn -0.1311 0.6165 -0.7764
vn 0.1375 0.6122 -0.7786
vn 0.4109 0.6288 -0.6601
vn -0.6698 0.6018 0.4349
vn -0.7692 0.6226 0.1439
vn -0.7570 0.6403 -0.1303
vn -0.6400 0.6496 -0.4104
vn -0.5184 0.6699 -0.5315
vn -0.5233 0.6570 -0.5427
vn -0.5816 0.5397 -0.6086
vn -0.6701 0.2319 -0.7051
vn 0.5239 0.6616 -0.5365
vn 0.5291 0.6480 -0.5478
vn 0.5863 0.5304 -0.6123
vn 0.6718 0.2266 -0.7052
vn 0.5575 0.6017 0.5720
vn 0.5627 0.5863 0.5828
vn 0.6207 0.4386 0.6499
vn 0.2515 0.6960 0.6726
vn -0.2796 -0.9206 0.2727
vn -0.4248 -0.7939 0.4351
vn -0.5897 -0.5222 0.6161
vn -0.6847 -0.1179 0.7192
vn -0.8276 0.0850 0.5549
vn -0.9792 0.0643 0.1924
vn -0.9848 0.0320 -0.1707
vn -0.8348 0.0012 -0.5506
vn -0.5100 -0.0171 -0.8600
vn -0.1542 -0.0226 -0.9878
vn 0.1734 -0.0226 -0.9846
vn 0.5173 -0.0171 -0.8557
vn 0.8327 0.0010 -0.5537
vn 0.9851 0.0334 -0.1688
vn 0.9792 0.0648 0.1923
vn 0.7699 0.2922 0.5674
vn 0.4852 0.3517 0.8006
vn 0.1994 0.2381 0.9505
vn -0.1909 0.0363 0.9809
vn -0.5175 0.0843 0.8515
vn -0.5830 0.5569 0.5916
vn -0.6118 0.4964 0.6158
vn -0.6235 0.4824 0.6153
vn -0.6043 0.5300 0.5949
vn -0.3340 0.8814 -0.3340
vn -0.4236 0.8007 -0.4236
vn -0.4990 0.7086 -0.4990
vn -0.5575 0.6151 -0.5575
vn 0.3340 0.8814 -0.3340
vn 0.4236 0.8007 -0.4236
vn 0.4990 0.7086 -0.4990
vn 0.5575 0.6150 -0.5576
vn 0.3340 0.8814 0.3340
vn 0.4236 0.8007 0.4236
vn 0.4973 0.7150 0.4915
vn 0.5155 0.6317 0.5791
vn 0.4223 0.5737 0.7018
vn -0.4148 0.3807 0.8264
vn -0.0000 -0.3129 0.9498
vn -0.4647 0.5710 0.6768
vn 0.6941 0.5696 -0.4402
vn 0.8052 0.5666 -0.1751
vn 0.6972 0.5660 0.4400
vn 0.7928 0.5844 0.1733
vn -0.4401 0.5695 -0.6942
vn -0.1439 0.5638 -0.8133
vn 0.1439 0.5638 -0.8133
vn 0.4402 0.5693 -0.6943
vn -0.6945 0.5688 0.4405
vn -0.8132 0.5640 0.1439
vn -0.8130 0.5643 -0.1438
vn -0.6941 0.5697 -0.4401
vn -0.6621 0.7067 0.2494
vn -0.5550 0.8056 0.2072
vn -0.7429 0.6565 0.1312
vn -0.6439 0.7567 0.1131
vn -0.5056 0.8583 0.0883
vn -0.7087 0.7055 -0.0000
vn -0.5880 0.8089 -0.0000
vn -0.7429 0.6565 -0.1312
vn -0.6439 0.7567 -0.1131
vn -0.5056 0.8583 -0.0883
vn -0.6621 0.7067 -0.2494
vn -0.5550 0.8056 -0.2072
vn -0.6344 0.6602 0.4020
vn -0.5534 0.7560 0.3498
vn -0.4522 0.8461 0.2821
vn -0.4089 0.8997 0.1530
vn -0.4243 0.9055 -0.0000
vn -0.4089 0.8997 -0.1530
vn -0.4522 0.8461 -0.2821
vn -0.5533 0.7560 -0.3498
vn -0.6344 0.6603 -0.4020
vn -0.7404 0.6112 -0.2797
vn -0.7938 0.6081 -0.0000
vn -0.7405 0.6111 0.2797
vn -0.2494 0.7067 -0.6621
vn -0.2072 0.8056 -0.5550
vn -0.1312 0.6565 -0.7429
vn -0.1131 0.7567 -0.6439
vn -0.0883 0.8583 -0.5056
vn -0.0000 0.7055 -0.7087
vn -0.0000 0.8089 -0.5880
vn 0.1312 0.6565 -0.7429
vn 0.1131 0.7567 -0.6439
vn 0.0883 0.8583 -0.5056
vn 0.2494 0.7067 -0.6621
vn 0.2072 0.8056 -0.5550
vn -0.4020 0.6603 -0.6344
vn -0.3498 0.7560 -0.5533
vn -0.2821 0.8461 -0.4522
vn -0.1530 0.8997 -0.4089
vn -0.0000 0.9055 -0.4243
vn 0.1530 0.8997 -0.4089
vn 0.2821 0.8461 -0.4522
vn 0.3498 0.7560 -0.5533
vn 0.4020 0.6602 -0.6344
vn 0.2797 0.6111 -0.7405
vn -0.0000 0.6080 -0.7939
vn -0.2797 0.6111 -0.7405
vn 0.6615 0.7071 -0.2500
vn 0.5550 0.8056 -0.2072
vn 0.7336 0.6652 -0.1387
vn 0.6435 0.7570 -0.1132
vn 0.5056 0.8583 -0.0883
vn 0.7060 0.7082 0.0044
vn 0.5880 0.8089 -0.0000
vn 0.8163 0.5496 0.1781
vn 0.6441 0.7565 0.1131
vn 0.5056 0.8583 0.0883
vn 0.6760 0.6912 0.2556
vn 0.5550 0.8056 0.2072
vn 0.6344 0.6603 -0.4020
vn 0.5534 0.7560 -0.3498
vn 0.4522 0.8461 -0.2821
vn 0.4089 0.8997 -0.1530
vn 0.4243 0.9055 -0.0000
vn 0.4088 0.8997 0.1530
vn 0.4522 0.8461 0.2821
vn 0.5536 0.7558 0.3497
vn 0.7212 0.5592 0.4087
vn 0.8361 0.5129 0.1944
vn 0.7869 0.6168 -0.0170
vn 0.7383 0.6116 -0.2845
vn 0.2438 0.7018 0.6693
vn 0.2072 0.8056 0.5550
vn 0.1061 0.4352 0.8941
vn 0.1132 0.7551 0.6457
vn 0.0883 0.8583 0.5056
vn -0.0000 0.6722 0.7404
vn -0.0000 0.8089 0.5880
vn -0.1061 0.4352 0.8941
vn -0.1132 0.7551 0.6457
vn -0.0883 0.8583 0.5056
vn -0.2440 0.7018 0.6693
vn -0.2072 0.8056 0.5550
vn 0.3843 0.6788 0.6257
vn 0.3494 0.7564 0.5529
vn 0.2821 0.8461 0.4522
vn 0.1530 0.8997 0.4089
vn -0.0000 0.9055 0.4243
vn -0.1530 0.8997 0.4089
vn -0.2821 0.8461 0.4522
vn -0.3497 0.7561 0.5532
vn -0.4018 0.6687 0.6256
vn -0.2551 0.6058 0.7536
vn 0.0989 0.0399 0.9943
vn 0.2485 0.6057 0.7559
vn -0.0416 -0.9925 -0.1148
vn 0.0423 -0.9925 -0.1151
vn -0.0912 -0.9937 -0.0656
vn 0.0001 -0.9977 -0.0680
vn 0.0914 -0.9936 -0.0660
vn -0.0450 -0.9988 -0.0217
vn 0.0450 -0.9987 -0.0218
vn -0.0948 -0.9952 0.0251
vn -0.0000 -0.9997 0.0258
vn 0.0948 -0.9952 0.0252
vn -0.0451 -0.9958 0.0794
vn 0.0455 -0.9958 0.0796
vn -0.0822 -0.9829 -0.1645
vn 0.0008 -0.9853 -0.1707
vn 0.0836 -0.9827 -0.1655
vn 0.1415 -0.9840 -0.1086
vn 0.1518 -0.9882 -0.0198
vn 0.1516 -0.9856 0.0747
vn 0.0929 -0.9855 0.1418
vn 0.0006 -0.9890 0.1477
vn -0.0918 -0.9857 0.1410
vn -0.1512 -0.9857 0.0741
vn -0.1520 -0.9882 -0.0200
vn -0.1409 -0.9842 -0.1077
vn 0.0715 0.9855 -0.1535
vn -0.0715 0.9855 -0.1535
vn 0.1535 0.9855 -0.0715
vn -0.0000 0.9971 -0.0767
vn -0.1535 0.9855 -0.0715
vn 0.0767 0.9971 -0.0000
vn -0.0767 0.9971 -0.0000
vn 0.1535 0.9855 0.0715
vn -0.0000 0.9971 0.0767
vn -0.1535 0.9855 0.0715
vn 0.0715 0.9855 0.1535
vn -0.0715 0.9855 0.1535
vn 0.1353 0.9644 -0.2272
vn -0.0000 0.9704 -0.2414
vn -0.1353 0.9644 -0.2272
vn -0.2272 0.9644 -0.1353
vn -0.2414 0.9704 -0.0000
vn -0.2272 0.9644 0.1353
vn -0.1353 0.9644 0.2272
vn -0.0000 0.9704 0.2414
vn 0.1353 0.9644 0.2272
vn 0.2272 0.9644 0.1353
vn 0.2414 0.9704 -0.0000
vn 0.2272 0.9644 -0.1353
vn 0.3155 0.4364 0.8426
vn 0.2906 0.5603 0.7756
vn 0.2089 0.1813 0.9610
vn 0.1512 0.5269 0.8364
vn 0.1452 0.5670 0.8108
vn 0.0095 0.4933 0.8698
vn 0.0057 0.5551 0.8318
vn -0.1756 0.3965 0.9011
vn -0.1406 0.5325 0.8347
vn -0.1360 0.5718 0.8090
vn -0.3048 0.4758 0.8251
vn -0.2813 0.5684 0.7732
vn 0.5209 0.0862 0.8493
vn 0.4457 0.5321 0.7198
vn 0.4269 0.5876 0.6873
vn 0.2881 0.5718 0.7681
vn 0.0034 0.5637 0.8260
vn -0.2812 0.5800 0.7646
vn -0.4203 0.5975 0.6829
vn -0.4370 0.5456 0.7152
vn -0.4802 0.3880 0.7867
vn -0.3429 0.2448 0.9069
vn -0.0598 0.2281 0.9718
vn 0.4708 0.7162 0.5152
vn 0.7834 0.5434 -0.3016
vn 0.7048 0.6562 -0.2695
vn 0.8918 0.4273 -0.1489
vn 0.7797 0.6122 -0.1316
vn 0.7335 0.6679 -0.1258
vn 0.8478 0.5300 0.0207
vn 0.7656 0.6433 0.0118
vn 0.8868 0.4260 0.1794
vn 0.7954 0.5838 0.1627
vn 0.7463 0.6494 0.1459
vn 0.7932 0.5065 0.3380
vn 0.7300 0.6159 0.2961
vn 0.7579 0.4186 -0.5004
vn 0.6603 0.6137 -0.4329
vn 0.6212 0.6715 -0.4040
vn 0.6958 0.6677 -0.2648
vn 0.7552 0.6555 0.0077
vn 0.7196 0.6328 0.2858
vn 0.6532 0.6214 0.4326
vn 0.6922 0.5524 0.4644
vn 0.7866 0.1842 0.5894
vn 0.9092 0.2675 0.3190
vn 0.9639 0.2652 0.0228
vn 0.9029 0.2487 -0.3506
vn -0.2830 0.5150 -0.8091
vn -0.2587 0.6341 -0.7287
vn -0.1432 0.3835 -0.9124
vn -0.1283 0.5807 -0.8039
vn -0.1241 0.6417 -0.7568
vn 0.0079 0.4994 -0.8664
vn 0.0056 0.6184 -0.7859
vn 0.1605 0.3794 -0.9112
vn 0.1417 0.5760 -0.8051
vn 0.1338 0.6371 -0.7590
vn 0.2957 0.5067 -0.8098
vn 0.2690 0.6258 -0.7321
vn -0.4676 0.4046 -0.7859
vn -0.4100 0.6041 -0.6834
vn -0.3887 0.6639 -0.6389
vn -0.2591 0.6486 -0.7156
vn 0.0036 0.6335 -0.7737
vn 0.2668 0.6408 -0.7198
vn 0.3963 0.6544 -0.6439
vn 0.4187 0.5940 -0.6869
vn 0.4760 0.3958 -0.7854
vn 0.3348 0.2080 -0.9190
vn 0.0100 0.2033 -0.9791
vn -0.3208 0.2125 -0.9230
vn -0.7899 0.5226 0.3208
vn -0.7244 0.6252 0.2905
vn -0.8875 0.4253 0.1773
vn -0.7863 0.5980 0.1556
vn -0.7456 0.6507 0.1439
vn -0.8427 0.5381 0.0138
vn -0.7639 0.6453 0.0108
vn -0.8906 0.4291 -0.1505
vn -0.7782 0.6142 -0.1308
vn -0.7329 0.6689 -0.1243
vn -0.7827 0.5469 -0.2972
vn -0.7031 0.6595 -0.2659
vn -0.7562 0.4127 0.5077
vn -0.6803 0.5759 0.4534
vn -0.6501 0.6279 0.4279
vn -0.7184 0.6355 0.2830
vn -0.7552 0.6555 0.0076
vn -0.6939 0.6707 -0.2621
vn -0.6177 0.6775 -0.3993
vn -0.6573 0.6203 -0.4279
vn -0.7574 0.4244 -0.4962
vn -0.9038 0.2508 -0.3466
vn -0.9642 0.2649 0.0141
vn -0.8913 0.2724 0.3625
vn -0.5317 -0.8235 0.1980
vn -0.7695 -0.5631 0.3014
vn -0.4223 -0.9042 0.0646
vn -0.6716 -0.7316 0.1173
vn -0.9032 -0.3939 0.1704
vn -0.5373 -0.8433 -0.0105
vn -0.7958 -0.6055 -0.0014
vn -0.4056 -0.9098 -0.0884
vn -0.6426 -0.7559 -0.1249
vn -0.8820 -0.4433 -0.1595
vn -0.4879 -0.8492 -0.2018
vn -0.7150 -0.6385 -0.2848
vn -0.4020 -0.8814 0.2482
vn -0.6007 -0.6972 0.3912
vn -0.7811 -0.3466 0.5193
vn -0.9177 -0.1471 0.3689
vn -0.9812 -0.1930 0.0088
vn -0.9050 -0.2389 -0.3520
vn -0.7305 -0.4794 -0.4864
vn -0.5300 -0.7681 -0.3593
vn -0.3560 -0.9013 -0.2469
vn -0.2943 -0.9466 -0.1320
vn -0.3121 -0.9499 -0.0163
vn -0.3181 -0.9417 0.1093
vn -0.1686 -0.8522 -0.4952
vn -0.2475 -0.6520 -0.7167
vn -0.0633 -0.9109 -0.4077
vn -0.0980 -0.7703 -0.6301
vn -0.1351 -0.4817 -0.8658
vn 0.0044 -0.8543 -0.5197
vn 0.0072 -0.6472 -0.7623
vn 0.0699 -0.9099 -0.4089
vn 0.1091 -0.7682 -0.6308
vn 0.1516 -0.4785 -0.8649
vn 0.1754 -0.8500 -0.4968
vn 0.2590 -0.6467 -0.7174
vn -0.2141 -0.9018 -0.3755
vn -0.3218 -0.7709 -0.5497
vn -0.4437 -0.4885 -0.7513
vn -0.3155 -0.2690 -0.9100
vn 0.0099 -0.2648 -0.9642
vn 0.3295 -0.2648 -0.9063
vn 0.4518 -0.4813 -0.7511
vn 0.3288 -0.7661 -0.5523
vn 0.2174 -0.8996 -0.3787
vn 0.1088 -0.9435 -0.3130
vn 0.0022 -0.9484 -0.3171
vn -0.1048 -0.9445 -0.3115
vn 0.4887 -0.8481 -0.2047
vn 0.7154 -0.6362 -0.2889
vn 0.4058 -0.9095 -0.0897
vn 0.6429 -0.7553 -0.1270
vn 0.8829 -0.4411 -0.1609
vn 0.5374 -0.8433 -0.0107
vn 0.7976 -0.6031 -0.0006
vn 0.4224 -0.9040 0.0656
vn 0.6722 -0.7306 0.1195
vn 0.9100 -0.3747 0.1776
vn 0.5323 -0.8224 0.2009
vn 0.7742 -0.5531 0.3077
vn 0.3574 -0.9003 -0.2483
vn 0.5320 -0.7648 -0.3635
vn 0.7307 -0.4747 -0.4906
vn 0.9038 -0.2372 -0.3562
vn 0.9834 -0.1809 0.0159
vn 0.9131 -0.1420 0.3823
vn 0.7864 -0.3233 0.5264
vn 0.6026 -0.6929 0.3959
vn 0.4033 -0.8799 0.2511
vn 0.3186 -0.9414 0.1107
vn 0.3121 -0.9499 -0.0165
vn 0.2955 -0.9457 -0.1351
vn 0.2146 -0.7836 0.5830
vn 0.3009 -0.4944 0.8155
vn 0.0845 -0.8787 0.4699
vn 0.1316 -0.6551 0.7440
vn 0.1669 -0.3232 0.9315
vn 0.0044 -0.7870 0.6170
vn 0.0077 -0.4956 0.8685
vn -0.0779 -0.8794 0.4697
vn -0.1202 -0.6578 0.7435
vn -0.1533 -0.3236 0.9337
vn -0.2072 -0.7870 0.5811
vn -0.2900 -0.5001 0.8160
vn 0.2624 -0.8663 0.4252
vn 0.3914 -0.6621 0.6390
vn 0.4964 -0.3106 0.8106
vn 0.3458 -0.1109 0.9317
vn 0.0093 -0.1808 0.9835
vn -0.3401 -0.1219 0.9324
vn -0.4900 -0.3174 0.8119
vn -0.3850 -0.6682 0.6366
vn -0.2581 -0.8688 0.4226
vn -0.1243 -0.9342 0.3344
vn 0.0022 -0.9387 0.3447
vn 0.1273 -0.9330 0.3367
vn 0.3027 0.4738 0.8270
vn 0.3267 0.4492 0.8316
vn 0.1512 0.4940 0.8562
vn 0.0833 0.7332 0.6749
vn 0.1820 0.8932 0.4111
vn 0.0008 0.5316 0.8470
vn -0.0000 0.9989 0.0461
vn -0.1481 0.4973 0.8549
vn -0.0820 0.7346 0.6736
vn -0.1814 0.8927 0.4126
vn -0.3016 0.4790 0.8244
vn -0.3326 0.4512 0.8281
vn 0.4600 0.5043 0.7308
vn 0.4722 0.4354 0.7664
vn 0.4485 0.4946 0.7445
vn 0.2840 0.5297 0.7992
vn -0.3768 0.3910 0.8397
vn -0.2936 0.5306 0.7951
vn -0.4943 0.4968 0.7134
vn -0.4835 0.4575 0.7463
vn -0.4569 0.5119 0.7275
vn -0.2956 0.5309 0.7942
vn 0.0019 0.5168 0.8561
vn 0.2999 0.5241 0.7971
vn 0.7938 0.5287 -0.3006
vn 0.8110 0.4943 -0.3128
vn 0.8153 0.5612 -0.1428
vn 0.8604 0.4829 -0.1629
vn 0.8455 0.5003 -0.1867
vn 0.8574 0.5146 0.0072
vn 0.8879 0.4580 -0.0431
vn 0.8211 0.5505 0.1509
vn 0.7342 0.6594 0.1619
vn 0.8503 0.5009 0.1613
vn 0.7786 0.5513 0.2997
vn 0.8126 0.5552 0.1772
vn 0.6942 0.5667 -0.4439
vn 0.7283 0.5049 -0.4633
vn 0.7283 0.5060 -0.4622
vn 0.7915 0.5291 -0.3060
vn 0.8467 0.5311 -0.0330
vn 0.7164 0.5027 0.4839
vn 0.7252 0.5294 0.4402
vn 0.6644 0.6421 0.3825
vn 0.7122 0.5322 0.4578
vn 0.7621 0.5757 0.2964
vn 0.8036 0.5952 0.0047
vn 0.7431 0.6069 -0.2818
vn -0.2998 0.5175 -0.8014
vn -0.3075 0.4893 -0.8161
vn -0.1431 0.5435 -0.8271
vn -0.1507 0.4895 -0.8589
vn -0.1509 0.4971 -0.8545
vn 0.0009 0.5069 -0.8620
vn 0.0002 0.4826 -0.8758
vn 0.1465 0.5401 -0.8287
vn 0.1521 0.4877 -0.8597
vn 0.1513 0.4965 -0.8548
vn 0.3022 0.5129 -0.8035
vn 0.3084 0.4872 -0.8170
vn -0.4390 0.5616 -0.7013
vn -0.4615 0.5021 -0.7314
vn -0.4619 0.5050 -0.7292
vn -0.3002 0.5278 -0.7945
vn -0.0000 0.5236 -0.8520
vn 0.3003 0.5274 -0.7948
vn 0.4623 0.5037 -0.7298
vn 0.4631 0.4981 -0.7330
vn 0.4426 0.5546 -0.7046
vn 0.2843 0.5837 -0.7606
vn 0.0020 0.5766 -0.8170
vn -0.2794 0.5905 -0.7571
vn -0.8041 0.5089 0.3073
vn -0.8173 0.4856 0.3102
vn -0.8229 0.5480 0.1499
vn -0.8570 0.4919 0.1534
vn -0.8539 0.4979 0.1516
vn -0.8545 0.5195 0.0023
vn -0.8728 0.4881 0.0008
vn -0.8147 0.5622 -0.1421
vn -0.8529 0.5001 -0.1500
vn -0.8525 0.5005 -0.1506
vn -0.7930 0.5306 -0.2995
vn -0.8128 0.4951 -0.3071
vn -0.7120 0.5331 0.4571
vn -0.7369 0.4861 0.4698
vn -0.7311 0.4998 0.4644
vn -0.7948 0.5271 0.3007
vn -0.8512 0.5248 0.0001
vn -0.7937 0.5291 -0.3000
vn -0.7279 0.5068 -0.4618
vn -0.7273 0.5076 -0.4620
vn -0.6922 0.5712 -0.4411
vn -0.7416 0.6096 -0.2800
vn -0.8036 0.5952 0.0046
vn -0.7611 0.5779 0.2946
vn 0.6500 0.2837 0.7049
vn 0.5995 0.6089 0.5194
vn 0.4101 0.6133 0.6750
vn 0.2201 0.5855 0.7802
vn 0.2643 -0.0892 0.9603
vn 0.5187 -0.1005 0.8490
vn 0.3093 0.2538 0.9165
vn 0.3451 0.2624 0.9011
vn 0.7612 -0.0599 0.6458
vn 0.7007 0.2862 0.6535
vn 0.7928 0.1755 0.5837
vn 0.7565 0.3510 0.5518
vn 0.3433 -0.2497 0.9054
vn 0.6601 -0.2467 0.7095
vn 0.2022 0.3183 0.9262
vn 0.2138 0.1401 0.9668
vn 0.7714 0.5213 0.3650
vn 0.7608 0.5412 0.3581
vn 0.7734 0.5307 0.3466
vn 0.8014 0.5579 0.2155
vn 0.7430 0.5604 0.3660
vn 0.8798 0.4072 0.2453
vn 0.8223 0.4113 0.3933
vn 0.7792 0.5544 0.2924
vn 0.8105 0.5275 0.2545
vn 0.8035 0.5451 0.2391
vn 0.6967 0.6898 0.1967
vn 0.8355 0.5026 0.2220
vn 0.7949 0.5276 0.2997
vn 0.8199 0.5200 0.2395
vn 0.7956 0.5270 0.2990
vn 0.7738 0.5029 0.3851
vn 0.6543 0.6879 0.3142
vn 0.7336 0.5381 0.4149
vn 0.8894 0.3112 0.3347
vn 0.5559 0.8043 0.2101
vn -0.0020 0.2346 0.9721
vn 0.0166 0.7942 0.6074
vn -0.0046 -0.4760 0.8794
vn 0.0046 -0.4760 0.8794
vn 0.5796 0.0417 0.8138
vn -0.0708 0.5163 0.8535
vn -0.5796 0.0417 0.8139
vn -0.6379 0.5985 0.4847
vn -0.0870 0.9906 -0.1057
vn 0.0708 0.5164 0.8534
vn 0.0516 0.4710 0.8806
vn 0.0869 0.9906 -0.1057
vn 0.0020 0.2346 0.9721
vn 0.6381 0.5988 0.4840
vn -0.6072 0.2786 0.7441
vn -0.0000 0.2697 0.9630
vn 0.6074 0.2789 0.7438
vn 0.4150 0.3808 0.8263
vn -0.0989 0.0399 0.9943
vn 0.3773 0.3919 0.8390
vn 0.0967 0.5611 0.8221
vn -0.0966 0.5612 0.8220
vn 0.0863 0.6591 0.7471
vn -0.0863 0.6591 0.7471
vn -0.1615 0.6094 0.7763
vn -0.0000 0.6014 0.7989
vn 0.1615 0.6094 0.7763
vn 0.1738 0.4525 0.8746
vn 0.1015 0.3835 0.9180
vn 0.1012 0.4873 0.8674
vn 0.0003 0.4512 0.8924
vn -0.1008 0.3843 0.9177
vn -0.1009 0.4878 0.8671
vn -0.1732 0.4538 0.8741
vn 0.1652 0.5253 0.8347
vn -0.0000 0.5202 0.8541
vn -0.1650 0.5257 0.8345
vn -0.0512 0.4701 0.8811
vn -0.0160 0.7937 0.6081
vn 0.0003 0.7798 0.6260
vn 0.3869 -0.5712 -0.7239
vn -0.0805 -0.5712 -0.8169
vn 0.1436 -0.3550 -0.9237
vn -0.0467 -0.4123 -0.9099
vn 0.0321 0.6962 -0.7171
vn 0.1396 0.6753 -0.7242
vn -0.0327 0.3430 -0.9388
vn -0.0066 0.5334 -0.8458
vn 0.1662 0.4968 -0.8518
vn 0.1505 0.2968 -0.9430
vn 0.2481 -0.3144 -0.9163
vn -0.0208 -0.3289 -0.9441
vn 0.1376 0.6851 -0.7153
vn 0.2770 0.6645 -0.6940
vn 0.2398 0.5055 -0.8288
vn 0.1385 0.3236 -0.9360
vn 0.2594 -0.3025 -0.9172
vn 0.0643 -0.2993 -0.9520
vn 0.2624 0.6920 -0.6725
vn 0.3692 0.6750 -0.6388
vn 0.3800 0.5365 -0.7535
vn 0.2755 0.3931 -0.8773
vn 0.4840 -0.2809 -0.8288
vn 0.3851 -0.2532 -0.8875
vn 0.3999 0.7009 -0.5906
vn 0.4729 0.6888 -0.5494
vn 0.5533 0.5536 -0.6224
vn 0.5480 0.4317 -0.7164
vn 0.7501 -0.3071 -0.5857
vn 0.6818 -0.2581 -0.6845
vn 0.5251 0.7018 -0.4814
vn 0.5751 0.6959 -0.4302
vn 0.7118 0.5442 -0.4441
vn 0.7700 0.4084 -0.4902
vn 0.8862 -0.3607 -0.2910
vn 0.8486 -0.2921 -0.4410
vn 0.6255 0.6915 -0.3614
vn 0.6666 0.6901 -0.2817
vn 0.8183 0.5143 -0.2569
vn 0.8945 0.3693 -0.2521
vn 0.9126 -0.4083 -0.0216
vn 0.9136 -0.3323 -0.2344
vn 0.6953 0.6751 -0.2465
vn 0.7270 0.6747 -0.1277
vn 0.8707 0.4808 -0.1039
vn 0.9453 0.3226 -0.0484
vn 0.8689 -0.4593 0.1845
vn 0.9221 -0.3679 -0.1196
vn 0.7383 0.6618 -0.1306
vn 0.7506 0.6606 0.0183
vn 0.8901 0.4552 0.0234
vn 0.9580 0.2700 0.0963
vn 0.8069 -0.5201 0.2801
vn 0.9194 -0.3767 -0.1133
vn 0.7524 0.6586 -0.0111
vn 0.7414 0.6530 0.1542
vn 0.8828 0.4485 0.1399
vn 0.9566 0.2290 0.1803
vn 0.7283 -0.5827 0.3606
vn 0.9116 -0.4081 -0.0494
vn 0.7359 0.6646 0.1296
vn 0.7020 0.6528 0.2848
vn 0.8410 0.4486 0.3025
vn 0.9319 0.1844 0.3124
vn 0.6014 -0.6480 0.4674
vn 0.8641 -0.4844 0.1368
vn 0.6884 0.6693 0.2796
vn 0.6323 0.6530 0.4168
vn 0.7557 0.4413 0.4840
vn 0.8593 0.1321 0.4941
vn 0.4646 -0.6994 0.5432
vn 0.8178 -0.5124 0.2620
vn 0.6196 0.6695 0.4097
vn 0.5351 0.6505 0.5390
vn 0.6575 0.4441 0.6087
vn 0.7859 0.1318 0.6041
vn 0.3776 -0.7180 0.5848
vn 0.7857 -0.5085 0.3522
vn 0.5286 0.6720 0.5186
vn 0.4296 0.6542 0.6225
vn 0.5333 0.4570 0.7118
vn 0.6850 0.1558 0.7117
vn 0.2727 -0.7324 0.6239
vn 0.7151 -0.5208 0.4663
vn 0.4133 0.6758 0.6103
vn 0.3056 0.6612 0.6852
vn 0.3701 0.4637 0.8050
vn 0.5096 0.1580 0.8458
vn 0.0988 -0.7575 0.6453
vn 0.5595 -0.5748 0.5971
vn 0.2826 0.6763 0.6802
vn 0.1592 0.6628 0.7317
vn 0.1865 0.4529 0.8718
vn 0.2797 0.1149 0.9532
vn -0.0540 -0.7827 0.6201
vn 0.3469 -0.6480 0.6781
vn 0.1415 0.6713 0.7276
vn -0.0012 0.6559 0.7548
vn 0.0010 0.4310 0.9024
vn 0.0531 0.0532 0.9972
vn -0.1841 -0.7873 0.5884
vn 0.1716 -0.7013 0.6920
vn 0.0080 0.6647 0.7470
vn -0.1563 0.6467 0.7466
vn -0.1395 0.4223 0.8957
vn -0.1047 0.0186 0.9943
vn -0.2659 -0.7832 0.5621
vn 0.0763 -0.7256 0.6839
vn -0.1294 0.6652 0.7354
vn -0.2835 0.6478 0.7071
vn -0.2891 0.4314 0.8546
vn -0.2439 0.0152 0.9697
vn -0.3437 -0.7743 0.5314
vn -0.0914 -0.7502 0.6549
vn -0.2772 0.6677 0.6909
vn -0.4024 0.6566 0.6379
vn -0.4639 0.4432 0.7671
vn -0.4983 0.0236 0.8667
vn -0.5029 -0.7574 0.4165
vn -0.2984 -0.7733 0.5594
vn -0.4130 0.6688 0.6182
vn -0.5126 0.6656 0.5423
vn -0.6228 0.4469 0.6422
vn -0.7280 0.0259 0.6851
vn -0.6361 -0.7283 0.2549
vn -0.4127 -0.7825 0.4662
vn -0.5321 0.6680 0.5202
vn -0.6077 0.6724 0.4226
vn -0.7447 0.4510 0.4920
vn -0.8532 0.0365 0.5204
vn -0.7067 -0.6973 0.1198
vn -0.4589 -0.7846 0.4169
vn -0.6226 0.6667 0.4098
vn -0.6774 0.6767 0.2886
vn -0.8162 0.4638 0.3445
vn -0.9198 0.0835 0.3834
vn -0.7604 -0.6463 -0.0646
vn -0.5203 -0.7761 0.3563
vn -0.6846 0.6711 0.2846
vn -0.7163 0.6807 0.1536
vn -0.8554 0.4832 0.1866
vn -0.9690 0.1482 0.1977
vn -0.7529 -0.5907 -0.2902
vn -0.5978 -0.7548 0.2700
vn -0.7208 0.6789 0.1395
vn -0.7288 0.6846 0.0154
vn -0.8673 0.4977 0.0030
vn -0.9813 0.1924 -0.0034
vn -0.7031 -0.5651 -0.4317
vn -0.6674 -0.7249 0.1707
vn -0.7299 0.6836 -0.0051
vn -0.7165 0.6850 -0.1319
vn -0.8511 0.5011 -0.1566
vn -0.9610 0.2069 -0.1835
vn -0.6457 -0.5576 -0.5217
vn -0.7154 -0.6958 0.0638
vn -0.7124 0.6897 -0.1296
vn -0.6810 0.6840 -0.2616
vn -0.8185 0.5082 -0.2678
vn -0.9241 0.2005 -0.3253
vn -0.5762 -0.5686 -0.5871
vn -0.7378 -0.6750 -0.0001
vn -0.6627 0.7018 -0.2613
vn -0.6224 0.6906 -0.3684
vn -0.7479 0.5194 -0.4135
vn -0.8947 0.1707 -0.4128
vn -0.5747 -0.6044 -0.5517
vn -0.7578 -0.6500 -0.0568
vn -0.5820 0.7089 -0.3984
vn -0.5313 0.6970 -0.4816
vn -0.6315 0.5268 -0.5690
vn -0.8344 0.2068 -0.5108
vn -0.5752 -0.5887 -0.5679
vn -0.7846 -0.6045 -0.1378
vn -0.4967 0.7112 -0.4974
vn -0.4207 0.6957 -0.5823
vn -0.5368 0.5466 -0.6427
vn -0.7620 0.2853 -0.5813
vn -0.5470 -0.5453 -0.6352
vn -0.7766 -0.5609 -0.2869
vn -0.3875 0.7177 -0.5786
vn -0.3135 0.6998 -0.6419
vn -0.4004 0.5665 -0.7202
vn -0.6210 0.3487 -0.7019
vn -0.4277 -0.4953 -0.7561
vn -0.6716 -0.5158 -0.5319
vn -0.2508 0.7202 -0.6468
vn -0.1791 0.7019 -0.6894
vn -0.2055 0.5634 -0.8002
vn -0.3572 0.3766 -0.8547
vn -0.1603 -0.4342 -0.8864
vn -0.3443 -0.4408 -0.8290
vn -0.1082 0.7124 -0.6934
vn -0.0191 0.6920 -0.7217
vn 0.1029 0.4289 -0.8975
vn 0.0841 0.5504 -0.8307
vn 0.0807 0.4315 -0.8985
vn 0.1355 0.2200 -0.9661
vn 0.2239 0.4060 -0.8860
vn 0.2082 0.5350 -0.8188
vn 0.1424 0.4321 -0.8905
vn 0.1782 0.2207 -0.9589
vn 0.2504 0.4447 -0.8600
vn 0.3059 0.5572 -0.7720
vn 0.2417 0.4750 -0.8462
vn 0.1807 0.2921 -0.9392
vn 0.4202 0.4932 -0.7617
vn 0.4619 0.5798 -0.6711
vn 0.4616 0.5145 -0.7226
vn 0.4236 0.3421 -0.8388
vn 0.6293 0.5051 -0.5907
vn 0.6187 0.5843 -0.5251
vn 0.6685 0.5076 -0.5436
vn 0.6965 0.3415 -0.6311
vn 0.7974 0.4802 -0.3655
vn 0.7470 0.5673 -0.3466
vn 0.8124 0.4766 -0.3360
vn 0.8744 0.2984 -0.3827
vn 0.8833 0.4434 -0.1521
vn 0.8222 0.5381 -0.1854
vn 0.8837 0.4380 -0.1650
vn 0.9563 0.2477 -0.1554
vn 0.9148 0.4038 0.0136
vn 0.8576 0.5123 -0.0464
vn 0.9156 0.4000 -0.0406
vn 0.9819 0.1892 0.0128
vn 0.9209 0.3692 0.1250
vn 0.8632 0.5005 0.0668
vn 0.9242 0.3816 0.0174
vn 0.9830 0.1608 0.0887
vn 0.9047 0.3458 0.2491
vn 0.8397 0.5023 0.2066
vn 0.9167 0.3743 0.1398
vn 0.9746 0.1152 0.1918
vn 0.8450 0.3187 0.4295
vn 0.7792 0.5013 0.3762
vn 0.8712 0.3587 0.3351
vn 0.9254 0.0366 0.3771
vn 0.7411 0.2921 0.6045
vn 0.6886 0.4953 0.5297
vn 0.8008 0.3591 0.4794
vn 0.8529 0.0082 0.5221
vn 0.6374 0.3017 0.7090
vn 0.5847 0.5011 0.6379
vn 0.7105 0.3787 0.5931
vn 0.7785 0.0206 0.6273
vn 0.4879 0.3201 0.8120
vn 0.4467 0.5113 0.7342
vn 0.5736 0.3946 0.7178
vn 0.6404 0.0153 0.7679
vn 0.2786 0.3164 0.9068
vn 0.2799 0.5120 0.8121
vn 0.3914 0.3832 0.8366
vn 0.4034 -0.0488 0.9137
vn 0.0595 0.2854 0.9566
vn 0.0985 0.4974 0.8619
vn 0.1853 0.3453 0.9200
vn 0.1381 -0.1158 0.9836
vn -0.1269 0.2552 0.9585
vn -0.0644 0.4798 0.8750
vn 0.0231 0.3111 0.9501
vn -0.0489 -0.1656 0.9850
vn -0.2505 0.2539 0.9342
vn -0.2036 0.4799 0.8534
vn -0.1213 0.2986 0.9466
vn -0.1656 -0.1822 0.9692
vn -0.4087 0.2752 0.8702
vn -0.3729 0.4889 0.7886
vn -0.3435 0.3046 0.8884
vn -0.3526 -0.1786 0.9186
vn -0.6058 0.3054 0.7346
vn -0.5332 0.4960 0.6854
vn -0.5687 0.2863 0.7711
vn -0.6272 -0.1739 0.7592
vn -0.7668 0.3139 0.5599
vn -0.6718 0.4998 0.5467
vn -0.7306 0.2797 0.6229
vn -0.7978 -0.1656 0.5797
vn -0.8596 0.3321 0.3883
vn -0.7650 0.5081 0.3958
vn -0.8209 0.2955 0.4887
vn -0.8789 -0.1419 0.4555
vn -0.9010 0.3730 0.2215
vn -0.8147 0.5244 0.2476
vn -0.8787 0.3349 0.3402
vn -0.9505 -0.0858 0.2987
vn -0.9120 0.4088 0.0331
vn -0.8377 0.5394 0.0860
vn -0.9153 0.3735 0.1510
vn -0.9980 -0.0156 0.0617
vn -0.8927 0.4206 -0.1619
vn -0.8335 0.5460 -0.0844
vn -0.9160 0.4002 -0.0271
vn -0.9884 0.0275 -0.1496
vn -0.8604 0.4163 -0.2940
vn -0.8104 0.5491 -0.2042
vn -0.9024 0.4104 -0.1316
vn -0.9591 0.0297 -0.2815
vn -0.8242 0.3899 -0.4107
vn -0.7630 0.5598 -0.3234
vn -0.8756 0.4088 -0.2573
vn -0.9107 0.0139 -0.4129
vn -0.7412 0.3842 -0.5504
vn -0.6645 0.5686 -0.4848
vn -0.7928 0.4278 -0.4341
vn -0.8721 0.0138 -0.4892
vn -0.6277 0.4115 -0.6608
vn -0.5588 0.5759 -0.5967
vn -0.7060 0.4690 -0.5307
vn -0.8199 0.0855 -0.5661
vn -0.5406 0.4608 -0.7039
vn -0.4516 0.5937 -0.6660
vn -0.5898 0.5080 -0.6277
vn -0.7296 0.1717 -0.6620
vn 0.0461 0.8859 -0.4617
vn -0.0455 0.8874 -0.4588
vn -0.1354 0.8882 -0.4391
vn -0.2195 0.8882 -0.4038
vn -0.2939 0.8879 -0.3539
vn -0.3575 0.8879 -0.2897
vn -0.4086 0.8873 -0.2141
vn -0.4436 0.8865 -0.1319
vn -0.4613 0.8861 -0.0446
vn -0.4616 0.8859 0.0457
vn -0.4447 0.8855 0.1346
vn -0.4106 0.8853 0.2185
vn -0.3597 0.8852 0.2951
vn -0.2943 0.8849 0.3610
vn -0.2177 0.8845 0.4126
vn -0.1340 0.8841 0.4477
vn -0.0468 0.8842 0.4648
vn 0.0433 0.8850 0.4635
vn 0.1346 0.8857 0.4443
vn 0.2216 0.8855 0.4084
vn 0.2993 0.8849 0.3568
vn 0.3643 0.8844 0.2919
vn 0.4144 0.8840 0.2163
vn 0.4486 0.8837 0.1334
vn 0.4658 0.8837 0.0460
vn 0.4651 0.8842 -0.0437
vn 0.4461 0.8851 -0.1325
vn 0.4092 0.8862 -0.2172
vn 0.3565 0.8866 -0.2948
vn 0.2907 0.8860 -0.3612
vn 0.2152 0.8851 -0.4127
vn 0.1336 0.8847 -0.4467
vn -0.3812 0.4912 -0.7832
vn -0.2940 0.6032 -0.7414
vn -0.3955 0.5244 -0.7540
vn -0.5392 0.2395 -0.8074
vn -0.1336 0.4785 -0.8679
vn -0.1037 0.5878 -0.8023
vn -0.1461 0.4921 -0.8582
vn -0.1914 0.2624 -0.9458
vn -0.0283 -0.9561 -0.2916
vn 0.0308 -0.9477 -0.3176
vn 0.0857 -0.9460 -0.3125
vn 0.1712 -0.9467 -0.2729
vn 0.2497 -0.9476 -0.1991
vn 0.2921 -0.9501 -0.1091
vn 0.2985 -0.9535 -0.0409
vn 0.2883 -0.9573 -0.0231
vn 0.2814 -0.9587 -0.0419
vn 0.2585 -0.9654 -0.0336
vn 0.1927 -0.9807 0.0339
vn 0.1251 -0.9873 0.0977
vn 0.0966 -0.9880 0.1207
vn 0.0860 -0.9883 0.1260
vn 0.0596 -0.9894 0.1325
vn 0.0186 -0.9902 0.1385
vn -0.0137 -0.9901 0.1399
vn -0.0256 -0.9899 0.1393
vn -0.0395 -0.9903 0.1329
vn -0.0744 -0.9912 0.1093
vn -0.1089 -0.9912 0.0757
vn -0.1294 -0.9906 0.0436
vn -0.1443 -0.9895 0.0032
vn -0.1598 -0.9859 -0.0502
vn -0.1703 -0.9806 -0.0974
vn -0.1746 -0.9765 -0.1262
vn -0.1764 -0.9772 -0.1178
vn -0.1828 -0.9797 -0.0827
vn -0.1914 -0.9795 -0.0627
vn -0.1929 -0.9788 -0.0689
vn -0.1715 -0.9795 -0.1061
vn -0.1102 -0.9770 -0.1825
vn 0.0980 -0.0000 -0.9952
vn 0.2903 -0.0000 -0.9569
vn 0.4714 -0.0000 -0.8819
vn 0.6344 -0.0000 -0.7730
vn 0.7730 -0.0000 -0.6344
vn 0.8819 -0.0000 -0.4714
vn 0.9569 -0.0000 -0.2903
vn 0.9952 -0.0000 -0.0980
vn 0.9952 -0.0000 0.0980
vn 0.9569 -0.0000 0.2903
vn 0.8819 -0.0000 0.4714
vn 0.7730 -0.0000 0.6344
vn 0.6344 -0.0000 0.7730
vn 0.4714 -0.0000 0.8819
vn 0.2903 -0.0000 0.9569
vn 0.0980 -0.0000 0.9952
vn -0.0980 -0.0000 0.9952
vn -0.2903 -0.0000 0.9569
vn -0.4714 -0.0000 0.8819
vn -0.6344 -0.0000 0.7730
vn -0.7730 -0.0000 0.6344
vn -0.8819 -0.0000 0.4714
vn -0.9569 -0.0000 0.2903
vn -0.9952 -0.0000 0.0980
vn -0.9952 -0.0000 -0.0980
vn -0.9569 -0.0000 -0.2903
vn -0.8819 -0.0000 -0.4714
vn -0.7730 -0.0000 -0.6344
vn -0.6344 -0.0000 -0.7730
vn -0.4714 -0.0000 -0.8819
vn -0.2903 -0.0000 -0.9569
vn -0.0980 -0.0000 -0.9952
vn -0.0000 -1.0000 -0.0000
vn -0.6977 0.7058 0.1229
vn -0.5802 0.8081 0.1014
vn -0.6977 0.7058 -0.1229
vn -0.5802 0.8081 -0.1014
vn -0.6669 0.6136 0.4228
vn -0.5968 0.7079 0.3778
vn -0.5052 0.8022 0.3182
vn -0.3879 0.8903 0.2387
vn -0.4202 0.9042 0.0760
vn -0.4202 0.9042 -0.0760
vn -0.3879 0.8903 -0.2387
vn -0.5052 0.8022 -0.3182
vn -0.5968 0.7079 -0.3778
vn -0.6668 0.6138 -0.4227
vn -0.7811 0.6090 -0.1381
vn -0.7811 0.6089 0.1381
vn -0.1229 0.7058 -0.6977
vn -0.1014 0.8081 -0.5802
vn 0.1229 0.7058 -0.6977
vn 0.1014 0.8081 -0.5802
vn -0.4227 0.6138 -0.6668
vn -0.3778 0.7079 -0.5968
vn -0.3182 0.8022 -0.5052
vn -0.2387 0.8903 -0.3879
vn -0.0760 0.9042 -0.4202
vn 0.0760 0.9042 -0.4202
vn 0.2387 0.8903 -0.3879
vn 0.3182 0.8022 -0.5052
vn 0.3778 0.7079 -0.5968
vn 0.4227 0.6137 -0.6668
vn 0.1381 0.6089 -0.7812
vn -0.1381 0.6089 -0.7811
vn 0.6952 0.7081 -0.1236
vn 0.5802 0.8081 -0.1014
vn 0.7081 0.6948 0.1258
vn 0.5802 0.8081 0.1014
vn 0.6668 0.6138 -0.4227
vn 0.5968 0.7079 -0.3778
vn 0.5052 0.8022 -0.3182
vn 0.3879 0.8903 -0.2387
vn 0.4202 0.9042 -0.0760
vn 0.4202 0.9042 0.0760
vn 0.3879 0.8903 0.2387
vn 0.5052 0.8022 0.3182
vn 0.6074 0.6970 0.3811
vn 0.8414 0.3521 0.4099
vn 0.6906 0.5819 0.4295
vn 0.7717 0.6146 -0.1637
vn 0.1241 0.6784 0.7242
vn 0.1014 0.8081 0.5802
vn -0.1241 0.6784 0.7242
vn -0.1014 0.8081 0.5802
vn 0.4028 0.6247 0.6690
vn 0.3740 0.7114 0.5949
vn 0.3182 0.8022 0.5052
vn 0.2387 0.8903 0.3879
vn 0.0760 0.9042 0.4202
vn -0.0760 0.9042 0.4202
vn -0.2387 0.8903 0.3879
vn -0.3182 0.8022 0.5052
vn -0.3765 0.7090 0.5963
vn -0.4403 0.6193 0.6501
vn -0.0557 0.9960 0.0701
vn 0.3172 0.2783 0.9066
vn -0.0436 -0.9968 -0.0673
vn 0.0438 -0.9968 -0.0675
vn -0.0455 -0.9986 0.0256
vn 0.0456 -0.9986 0.0257
vn -0.1315 -0.9788 -0.1571
vn -0.0402 -0.9848 -0.1691
vn 0.0417 -0.9846 -0.1696
vn 0.1328 -0.9784 -0.1583
vn 0.1479 -0.9869 -0.0647
vn 0.1532 -0.9879 0.0260
vn 0.1468 -0.9800 0.1341
vn 0.0464 -0.9881 0.1464
vn -0.0453 -0.9882 0.1460
vn -0.1459 -0.9803 0.1330
vn -0.1531 -0.9879 0.0257
vn -0.1480 -0.9869 -0.0639
vn 0.0753 0.9943 -0.0753
vn -0.0753 0.9943 -0.0753
vn 0.0753 0.9943 0.0753
vn -0.0753 0.9943 0.0753
vn 0.2100 0.9549 -0.2100
vn 0.0677 0.9689 -0.2379
vn -0.0677 0.9689 -0.2379
vn -0.2100 0.9549 -0.2100
vn -0.2379 0.9689 -0.0677
vn -0.2379 0.9689 0.0677
vn -0.2100 0.9549 0.2100
vn -0.0677 0.9689 0.2379
vn 0.0677 0.9689 0.2379
vn 0.2100 0.9549 0.2100
vn 0.2379 0.9689 0.0677
vn 0.2379 0.9689 -0.0677
vn 0.1603 0.4544 0.8762
vn 0.1474 0.5548 0.8188
vn -0.1515 0.4833 0.8622
vn -0.1364 0.5596 0.8175
vn 0.5031 -0.2611 0.8238
vn 0.4725 0.4345 0.7667
vn 0.4324 0.5715 0.6974
vn 0.4291 0.5850 0.6883
vn 0.1451 0.5644 0.8126
vn -0.1377 0.5691 0.8106
vn -0.4232 0.5945 0.6837
vn -0.4247 0.5821 0.6934
vn -0.4564 0.4831 0.7472
vn -0.5031 0.2548 0.8258
vn -0.2050 0.2373 0.9496
vn 0.8132 0.2789 0.5109
vn 0.8294 0.5412 -0.1385
vn 0.7473 0.6522 -0.1273
vn 0.8386 0.5154 0.1762
vn 0.7613 0.6303 0.1517
vn 0.8097 0.2381 -0.5364
vn 0.7034 0.5396 -0.4627
vn 0.6326 0.6550 -0.4132
vn 0.6251 0.6674 -0.4046
vn 0.7376 0.6632 -0.1272
vn 0.7503 0.6452 0.1440
vn 0.6569 0.6182 0.4316
vn 0.6649 0.6014 0.4430
vn 0.7344 0.4581 0.5009
vn 0.3619 0.7127 0.6009
vn 0.9471 0.2703 0.1732
vn 0.9528 0.2577 -0.1605
vn -0.1348 0.5047 -0.8527
vn -0.1247 0.6238 -0.7716
vn 0.1501 0.5000 -0.8529
vn 0.1362 0.6191 -0.7734
vn -0.4979 0.2214 -0.8385
vn -0.4354 0.5280 -0.7292
vn -0.3944 0.6465 -0.6530
vn -0.3925 0.6604 -0.6401
vn -0.1263 0.6387 -0.7590
vn 0.1343 0.6343 -0.7614
vn 0.3994 0.6512 -0.6453
vn 0.4026 0.6367 -0.6576
vn 0.4441 0.5180 -0.7311
vn 0.5055 0.2159 -0.8353
vn 0.1699 0.2038 -0.9642
vn -0.1512 0.2063 -0.9667
vn -0.8309 0.5312 0.1657
vn -0.7575 0.6358 0.1483
vn -0.8277 0.5436 -0.1391
vn -0.7464 0.6535 -0.1259
vn -0.7990 0.2712 0.5367
vn -0.7139 0.5118 0.4779
vn -0.6587 0.6129 0.4365
vn -0.6542 0.6238 0.4276
vn -0.7500 0.6459 0.1425
vn -0.7370 0.6641 -0.1259
vn -0.6216 0.6733 -0.4004
vn -0.6293 0.6613 -0.4083
vn -0.7013 0.5461 -0.4581
vn -0.8109 0.2419 -0.5329
vn -0.9522 0.2585 -0.1626
vn -0.9444 0.2699 0.1877
vn -0.5423 -0.8354 0.0894
vn -0.7979 -0.5850 0.1456
vn -0.5193 -0.8480 -0.1060
vn -0.7684 -0.6237 -0.1435
vn -0.3128 -0.9314 0.1862
vn -0.4967 -0.8080 0.3169
vn -0.7019 -0.5415 0.4628
vn -0.8244 -0.1296 0.5510
vn -0.9677 -0.1690 0.1870
vn -0.9613 -0.2170 -0.1697
vn -0.8060 -0.2561 -0.5337
vn -0.6318 -0.6490 -0.4239
vn -0.4371 -0.8479 -0.2999
vn -0.2795 -0.9398 -0.1965
vn -0.3044 -0.9496 -0.0742
vn -0.3164 -0.9476 0.0444
vn -0.0796 -0.8542 -0.5138
vn -0.1171 -0.6493 -0.7515
vn 0.0883 -0.8532 -0.5141
vn 0.1311 -0.6464 -0.7517
vn -0.1669 -0.9381 -0.3034
vn -0.2653 -0.8493 -0.4565
vn -0.3836 -0.6543 -0.6517
vn -0.4905 -0.2700 -0.8286
vn -0.1486 -0.2666 -0.9523
vn 0.1671 -0.2643 -0.9499
vn 0.4982 -0.2649 -0.8256
vn 0.3915 -0.6478 -0.6536
vn 0.2708 -0.8458 -0.4597
vn 0.1688 -0.9372 -0.3052
vn 0.0547 -0.9472 -0.3161
vn -0.0505 -0.9477 -0.3153
vn 0.5195 -0.8476 -0.1077
vn 0.7689 -0.6226 -0.1456
vn 0.5425 -0.8351 0.0909
vn 0.8017 -0.5787 0.1496
vn 0.2826 -0.9386 -0.1978
vn 0.4390 -0.8457 -0.3034
vn 0.6333 -0.6445 -0.4284
vn 0.8046 -0.2528 -0.5373
vn 0.9620 -0.2143 -0.1693
vn 0.9694 -0.1485 0.1956
vn 0.8237 -0.0955 0.5589
vn 0.7063 -0.5301 0.4692
vn 0.4982 -0.8056 0.3206
vn 0.3139 -0.9306 0.1883
vn 0.3166 -0.9475 0.0450
vn 0.3047 -0.9495 -0.0752
vn 0.1077 -0.7857 0.6091
vn 0.1522 -0.4939 0.8561
vn -0.0991 -0.7876 0.6082
vn -0.1382 -0.4973 0.8565
vn 0.2001 -0.9249 0.3233
vn 0.3258 -0.7831 0.5297
vn 0.4522 -0.4997 0.7388
vn 0.5190 -0.0920 0.8498
vn 0.1763 -0.1428 0.9739
vn -0.1693 -0.1479 0.9744
vn -0.5147 -0.1138 0.8498
vn -0.4448 -0.5078 0.7377
vn -0.3204 -0.7872 0.5269
vn -0.1971 -0.9263 0.3212
vn -0.0605 -0.9379 0.3415
vn 0.0652 -0.9371 0.3428
vn 0.1465 0.5217 0.8404
vn -0.4061 0.3766 0.8327
vn -0.1443 0.5242 0.8393
vn -0.0247 -0.2691 0.9628
vn 0.4491 0.5355 0.7152
vn 0.4685 0.4716 0.7471
vn 0.4604 0.4571 0.7610
vn 0.4368 0.5306 0.7264
vn 0.0558 0.9960 0.0697
vn -0.2946 0.5834 0.7569
vn -0.4816 0.5299 0.6980
vn -0.5001 0.4699 0.7274
vn -0.4667 0.4842 0.7401
vn -0.4451 0.5435 0.7117
vn -0.1454 0.5215 0.8408
vn 0.1498 0.5176 0.8424
vn 0.8402 0.5217 -0.1481
vn 0.8555 0.4834 -0.1855
vn 0.8223 0.5487 0.1509
vn 0.8484 0.5081 0.1483
vn 0.6686 0.6074 -0.4290
vn 0.7150 0.5300 -0.4559
vn 0.7328 0.4965 -0.4654
vn 0.7152 0.5318 -0.4536
vn 0.8296 0.5280 -0.1817
vn 0.8047 0.5664 0.1778
vn 0.8344 0.5240 0.1707
vn 0.7129 0.4874 0.5042
vn 0.7145 0.5326 0.4537
vn 0.6935 0.5636 0.4488
vn 0.7966 0.5862 0.1478
vn 0.7864 0.6023 -0.1370
vn -0.1477 0.5105 -0.8471
vn -0.1518 0.4847 -0.8614
vn 0.1500 0.5078 -0.8483
vn 0.1525 0.4836 -0.8619
vn -0.4221 0.6014 -0.6783
vn -0.4528 0.5259 -0.7200
vn -0.4646 0.4946 -0.7345
vn -0.4535 0.5313 -0.7155
vn -0.1482 0.5248 -0.8382
vn 0.1484 0.5246 -0.8383
vn 0.4537 0.5308 -0.7158
vn 0.4655 0.4922 -0.7356
vn 0.4553 0.5204 -0.7224
vn 0.4269 0.5933 -0.6825
vn 0.1420 0.5775 -0.8039
vn -0.1372 0.5814 -0.8020
vn -0.8442 0.5140 0.1523
vn -0.8603 0.4863 0.1531
vn -0.8381 0.5253 -0.1469
vn -0.8578 0.4913 -0.1513
vn -0.6914 0.5683 0.4461
vn -0.7280 0.5035 0.4654
vn -0.7379 0.4848 0.4696
vn -0.7164 0.5292 0.4546
vn -0.8379 0.5252 0.1485
vn -0.8373 0.5263 -0.1481
vn -0.7150 0.5321 -0.4535
vn -0.7321 0.4981 -0.4647
vn -0.7136 0.5336 -0.4539
vn -0.6661 0.6126 -0.4255
vn -0.7859 0.6032 -0.1363
vn -0.7964 0.5867 0.1469
vn 0.5010 0.2728 0.8213
vn 0.2472 0.2565 0.9344
vn 0.7360 0.2898 0.6118
vn 0.2045 0.6437 0.7374
vn 0.5620 0.6721 0.4821
vn 0.2572 -0.1824 0.9490
vn 0.7546 -0.1662 0.6348
vn 0.1435 0.2384 0.9605
vn 0.7470 0.5545 0.3669
vn 0.8053 0.5516 0.2173
vn 0.8200 0.5293 0.2178
vn 0.8218 0.5258 0.2194
vn 0.7612 0.5277 0.3770
vn 0.7597 0.5284 0.3789
vn 0.9051 0.3460 0.2470
vn 0.5983 0.7822 0.1739
vn 0.7106 0.5308 0.4618
vn 0.5704 0.7755 0.2708
vn -0.1066 0.5874 0.8023
vn -0.0620 0.2523 0.9657
vn 0.1071 0.5883 0.8015
vn -0.1050 0.4216 0.9007
vn 0.0523 0.4921 0.8690
vn 0.0620 0.2523 0.9657
vn 0.0247 -0.2691 0.9628
vn 0.4064 0.3769 0.8323
vn -0.3171 0.2783 0.9066
vn 0.2954 0.5848 0.7555
vn -0.0925 0.6011 0.7938
vn 0.0925 0.6010 0.7938
vn 0.1017 0.4549 0.8847
vn -0.1012 0.4557 0.8844
vn 0.0992 0.5214 0.8475
vn -0.0991 0.5216 0.8474
vn -0.0521 0.4916 0.8692
vn 0.1050 0.4216 0.9007
vn -0.0379 0.7860 0.6171
vn 0.0384 0.7856 0.6175
vn 0.1617 0.2697 -0.9493
vn 0.1246 0.5213 -0.8442
vn 0.0416 0.5362 -0.8431
vn 0.0444 0.2462 -0.9682
vn 0.2406 0.2553 -0.9365
vn 0.2735 0.4991 -0.8222
vn 0.1418 0.5246 -0.8395
vn 0.0598 0.2547 -0.9652
vn 0.2278 0.2994 -0.9265
vn 0.3456 0.5251 -0.7777
vn 0.2701 0.5475 -0.7921
vn 0.1392 0.3410 -0.9297
vn 0.4377 0.3514 -0.8276
vn 0.4841 0.5540 -0.6773
vn 0.4503 0.5688 -0.6883
vn 0.4211 0.3981 -0.8150
vn 0.7049 0.3550 -0.6141
vn 0.6371 0.5634 -0.5261
vn 0.6200 0.5683 -0.5410
vn 0.6805 0.3929 -0.6185
vn 0.8862 0.3076 -0.3466
vn 0.7701 0.5472 -0.3279
vn 0.7502 0.5456 -0.3735
vn 0.8463 0.3571 -0.3954
vn 0.9622 0.2571 -0.0901
vn 0.8459 0.5156 -0.1367
vn 0.8257 0.5136 -0.2331
vn 0.9298 0.3114 -0.1961
vn 0.9727 0.2007 0.1164
vn 0.8738 0.4856 0.0243
vn 0.8662 0.4863 -0.1152
vn 0.9639 0.2598 -0.0580
vn 0.9566 0.1772 0.2313
vn 0.8703 0.4670 0.1564
vn 0.8789 0.4767 -0.0190
vn 0.9725 0.2307 -0.0319
vn 0.9247 0.1129 0.3635
vn 0.8365 0.4628 0.2935
vn 0.8665 0.4825 0.1283
vn 0.9768 0.2086 0.0488
vn 0.8369 0.0005 0.5474
vn 0.7633 0.4574 0.4562
vn 0.8169 0.4840 0.3138
vn 0.9549 0.1666 0.2458
vn 0.7179 -0.0579 0.6937
vn 0.6523 0.4465 0.6125
vn 0.7399 0.4818 0.4695
vn 0.9117 0.1631 0.3771
vn 0.6184 -0.0607 0.7835
vn 0.5412 0.4536 0.7081
vn 0.6387 0.4892 0.5939
vn 0.8545 0.1903 0.4834
vn 0.4584 -0.0597 0.8867
vn 0.3975 0.4673 0.7897
vn 0.5037 0.4979 0.7060
vn 0.7492 0.2030 0.6305
vn 0.2000 -0.0911 0.9756
vn 0.2154 0.4691 0.8565
vn 0.3476 0.4959 0.7958
vn 0.5652 0.1587 0.8095
vn -0.0329 -0.1023 0.9942
vn 0.0184 0.4523 0.8917
vn 0.1754 0.4794 0.8599
vn 0.3289 0.0670 0.9420
vn -0.2128 -0.1308 0.9683
vn -0.1608 0.4319 0.8875
vn 0.0260 0.4625 0.8862
vn 0.1349 -0.0117 0.9908
vn -0.3277 -0.1279 0.9361
vn -0.2929 0.4337 0.8521
vn -0.1250 0.4610 0.8786
vn -0.0032 -0.0552 0.9985
vn -0.4688 -0.1006 0.8776
vn -0.4393 0.4507 0.7771
vn -0.3163 0.4666 0.8260
vn -0.2561 -0.0748 0.9637
vn -0.7047 -0.0728 0.7058
vn -0.5877 0.4657 0.6617
vn -0.4936 0.4670 0.7337
vn -0.5470 -0.0953 0.8317
vn -0.8728 -0.0407 0.4864
vn -0.7175 0.4750 0.5095
vn -0.6447 0.4647 0.6070
vn -0.7185 -0.1107 0.6867
vn -0.9498 0.0025 0.3127
vn -0.8031 0.4870 0.3434
vn -0.7465 0.4696 0.4714
vn -0.7961 -0.0975 0.5972
vn -0.9902 0.0807 0.1144
vn -0.8431 0.5044 0.1865
vn -0.8097 0.4875 0.3268
vn -0.8738 -0.0492 0.4839
vn -0.9779 0.1514 -0.1442
vn -0.8547 0.5184 0.0255
vn -0.8475 0.5078 0.1546
vn -0.9527 0.0153 0.3037
vn -0.9213 0.1703 -0.3496
vn -0.8390 0.5226 -0.1516
vn -0.8549 0.5186 -0.0152
vn -0.9914 0.0632 0.1150
vn -0.8603 0.1596 -0.4842
vn -0.8048 0.5204 -0.2854
vn -0.8399 0.5270 -0.1296
vn -0.9967 0.0762 -0.0261
vn -0.7836 0.1301 -0.6075
vn -0.7534 0.5266 -0.3938
vn -0.7972 0.5420 -0.2659
vn -0.9854 0.0712 -0.1545
vn -0.7498 0.0907 -0.6554
vn -0.6511 0.5339 -0.5394
vn -0.7046 0.5532 -0.4444
vn -0.9530 0.1055 -0.2839
vn -0.6857 0.1369 -0.7149
vn -0.5266 0.5389 -0.6575
vn -0.6120 0.5659 -0.5525
vn -0.9036 0.1845 -0.3865
vn -0.6059 0.2202 -0.7645
vn -0.4285 0.5600 -0.7090
vn -0.4944 0.5862 -0.6418
vn -0.8071 0.2575 -0.5313
vn 0.1402 0.8102 -0.5692
vn 0.0300 0.8146 -0.5793
vn -0.0902 0.8189 -0.5668
vn -0.2089 0.8207 -0.5318
vn -0.3125 0.8201 -0.4793
vn -0.3995 0.8196 -0.4107
vn -0.4781 0.8187 -0.3180
vn -0.5365 0.8157 -0.2163
vn -0.5708 0.8134 -0.1117
vn -0.5827 0.8127 0.0040
vn -0.5714 0.8115 0.1223
vn -0.5384 0.8105 0.2306
vn -0.4851 0.8104 0.3286
vn -0.4126 0.8099 0.4168
vn -0.3258 0.8086 0.4900
vn -0.2280 0.8067 0.5453
vn -0.1239 0.8053 0.5798
vn -0.0148 0.8062 0.5914
vn 0.1041 0.8083 0.5795
vn 0.2210 0.8089 0.5448
vn 0.3258 0.8077 0.4914
vn 0.4144 0.8060 0.4227
vn 0.4880 0.8052 0.3369
vn 0.5470 0.8046 0.2312
vn 0.5831 0.8037 0.1186
vn 0.5939 0.8045 0.0073
vn 0.5807 0.8077 -0.1022
vn 0.5447 0.8121 -0.2093
vn 0.4860 0.8156 -0.3140
vn 0.4088 0.8158 -0.4090
vn 0.3215 0.8129 -0.4856
vn 0.2298 0.8097 -0.5399
vn -0.4287 0.2834 -0.8578
vn -0.2773 0.5733 -0.7710
vn -0.3254 0.5946 -0.7352
vn -0.6042 0.3109 -0.7337
vn -0.1220 0.3012 -0.9457
vn -0.0731 0.5576 -0.8269
vn -0.1385 0.5767 -0.8051
vn -0.2488 0.3095 -0.9178
vn -0.0661 -0.8742 -0.4810
vn 0.0264 -0.8311 -0.5556
vn 0.0964 -0.8263 -0.5549
vn 0.1810 -0.8260 -0.5339
vn 0.3339 -0.8287 -0.4492
vn 0.4548 -0.8369 -0.3046
vn 0.5100 -0.8464 -0.1534
vn 0.5144 -0.8564 -0.0458
vn 0.5028 -0.8644 -0.0037
vn 0.4970 -0.8677 -0.0058
vn 0.4682 -0.8833 0.0237
vn 0.3803 -0.9170 0.1199
vn 0.3154 -0.9313 0.1824
vn 0.2829 -0.9353 0.2125
vn 0.2349 -0.9423 0.2385
vn 0.1488 -0.9538 0.2611
vn 0.0498 -0.9619 0.2689
vn -0.0164 -0.9641 0.2650
vn -0.0467 -0.9650 0.2582
vn -0.1103 -0.9682 0.2247
vn -0.1908 -0.9681 0.1623
vn -0.2409 -0.9652 0.1021
vn -0.2760 -0.9607 0.0305
vn -0.3052 -0.9501 -0.0643
vn -0.3141 -0.9413 -0.1239
vn -0.3154 -0.9352 -0.1612
vn -0.3152 -0.9313 -0.1825
vn -0.3197 -0.9367 -0.1427
vn -0.3273 -0.9353 -0.1347
vn -0.3290 -0.9313 -0.1562
vn -0.3058 -0.9264 -0.2196
vn -0.2237 -0.9145 -0.3370
vt 0.027872 0.851707
vt 0.026528 0.876870
vt 0.026526 0.851769
vt 0.027872 0.901902
vt 0.027878 0.876823
vt 0.025180 0.902026
vt 0.025201 0.876946
vt 0.025180 0.851831
vt 0.023914 0.877058
vt 0.023909 0.851957
vt 0.022637 0.902278
vt 0.022672 0.877196
vt 0.022637 0.852082
vt 0.021498 0.877368
vt 0.021490 0.852267
vt 0.020342 0.902647
vt 0.020389 0.877564
vt 0.020342 0.852452
vt 0.019367 0.877788
vt 0.019362 0.852689
vt 0.018382 0.903121
vt 0.018382 0.878023
vt 0.018382 0.852925
vt 0.238604 0.831151
vt 0.237473 0.856260
vt 0.237477 0.830981
vt 0.238604 0.881707
vt 0.238604 0.856429
vt 0.236350 0.881367
vt 0.236313 0.856104
vt 0.236350 0.830812
vt 0.235086 0.855974
vt 0.235092 0.830693
vt 0.233835 0.881130
vt 0.233812 0.855868
vt 0.233835 0.830575
vt 0.232493 0.855793
vt 0.232496 0.830512
vt 0.231157 0.881005
vt 0.231149 0.855744
vt 0.231157 0.830450
vt 0.229788 0.855727
vt 0.229788 0.830446
vt 0.228419 0.880997
vt 0.228426 0.855735
vt 0.228419 0.830441
vt 0.227076 0.855776
vt 0.227073 0.830496
vt 0.225726 0.881105
vt 0.225747 0.855843
vt 0.225726 0.830550
vt 0.224460 0.855941
vt 0.224454 0.830660
vt 0.223182 0.881326
vt 0.223216 0.856063
vt 0.223182 0.830771
vt 0.222041 0.856214
vt 0.222033 0.830934
vt 0.220884 0.881652
vt 0.220930 0.856387
vt 0.220884 0.831096
vt 0.219907 0.856584
vt 0.219902 0.831305
vt 0.218921 0.882069
vt 0.218921 0.856791
vt 0.218921 0.831513
vt 0.616352 0.195104
vt 0.615234 0.220577
vt 0.615237 0.194982
vt 0.616352 0.246292
vt 0.616352 0.220698
vt 0.614123 0.246047
vt 0.614086 0.220463
vt 0.614123 0.194859
vt 0.612869 0.220368
vt 0.612875 0.194772
vt 0.611627 0.245873
vt 0.611603 0.220290
vt 0.611627 0.194685
vt 0.610289 0.220234
vt 0.610293 0.194638
vt 0.608959 0.245778
vt 0.608949 0.220196
vt 0.608959 0.194590
vt 0.607590 0.220180
vt 0.607590 0.194584
vt 0.606222 0.245765
vt 0.606227 0.220183
vt 0.606222 0.194577
vt 0.604874 0.220208
vt 0.604871 0.194612
vt 0.603521 0.245835
vt 0.603541 0.220252
vt 0.603521 0.194647
vt 0.602246 0.220318
vt 0.602241 0.194722
vt 0.600960 0.245984
vt 0.600993 0.220401
vt 0.600960 0.194796
vt 0.599807 0.220504
vt 0.599799 0.194908
vt 0.598638 0.246208
vt 0.598683 0.220623
vt 0.598638 0.195020
vt 0.597645 0.220760
vt 0.597640 0.195165
vt 0.596643 0.246497
vt 0.596643 0.220903
vt 0.596643 0.195309
vt 0.729301 0.195596
vt 0.728297 0.220690
vt 0.728301 0.195394
vt 0.729301 0.246185
vt 0.729301 0.220890
vt 0.727301 0.245782
vt 0.727256 0.220500
vt 0.727301 0.195192
vt 0.726131 0.220334
vt 0.726138 0.195037
vt 0.724975 0.245470
vt 0.724943 0.220190
vt 0.724975 0.194881
vt 0.723689 0.220075
vt 0.723694 0.194777
vt 0.722412 0.245263
vt 0.722393 0.219984
vt 0.722412 0.194673
vt 0.721059 0.219923
vt 0.721061 0.194625
vt 0.719710 0.245167
vt 0.719706 0.219888
vt 0.719710 0.194577
vt 0.718343 0.219885
vt 0.718342 0.194587
vt 0.716974 0.245187
vt 0.716983 0.219908
vt 0.716974 0.194597
vt 0.715644 0.219962
vt 0.715641 0.194664
vt 0.714307 0.245321
vt 0.714331 0.220041
vt 0.714307 0.194731
vt 0.713067 0.220151
vt 0.713061 0.194853
vt 0.711814 0.245565
vt 0.711851 0.220284
vt 0.711814 0.194975
vt 0.710705 0.220443
vt 0.710701 0.195147
vt 0.709589 0.245909
vt 0.709589 0.220614
vt 0.709589 0.195319
vt 0.038063 0.852506
vt 0.036930 0.877414
vt 0.036934 0.852314
vt 0.038063 0.902701
vt 0.038063 0.877604
vt 0.035805 0.902318
vt 0.035769 0.877236
vt 0.035805 0.852122
vt 0.034541 0.877090
vt 0.034547 0.851989
vt 0.033288 0.902051
vt 0.033266 0.876971
vt 0.033288 0.851855
vt 0.296330 0.932646
vt 0.297120 0.935254
vt 0.296597 0.933989
vt 0.296063 0.929935
vt 0.296063 0.931304
vt 0.296331 0.927223
vt 0.296063 0.929935
vt 0.296064 0.928566
vt 0.297121 0.924615
vt 0.296598 0.925880
vt 0.298405 0.922212
vt 0.297121 0.924615
vt 0.297645 0.923350
vt 0.300132 0.920105
vt 0.298405 0.922212
vt 0.299165 0.921073
vt 0.302237 0.918377
vt 0.300132 0.920105
vt 0.301099 0.919137
vt 0.304638 0.917092
vt 0.302237 0.918377
vt 0.303374 0.917616
vt 0.307243 0.916301
vt 0.304638 0.917092
vt 0.305902 0.916568
vt 0.309953 0.916034
vt 0.308585 0.916034
vt 0.312662 0.916301
vt 0.311320 0.916034
vt 0.315267 0.917092
vt 0.314003 0.916568
vt 0.317668 0.918377
vt 0.316530 0.917616
vt 0.319772 0.920105
vt 0.318805 0.919137
vt 0.321499 0.922212
vt 0.320739 0.921073
vt 0.322782 0.924615
vt 0.321499 0.922212
vt 0.322258 0.923350
vt 0.323572 0.927223
vt 0.322782 0.924615
vt 0.323305 0.925880
vt 0.323838 0.929935
vt 0.323838 0.928566
vt 0.323571 0.932646
vt 0.323838 0.931304
vt 0.322780 0.935254
vt 0.323304 0.933989
vt 0.321497 0.937657
vt 0.322257 0.936519
vt 0.319769 0.939764
vt 0.321497 0.937657
vt 0.320737 0.938796
vt 0.317665 0.941492
vt 0.318802 0.940732
vt 0.315264 0.942777
vt 0.316527 0.942253
vt 0.312658 0.943568
vt 0.315264 0.942777
vt 0.314000 0.943301
vt 0.309949 0.943835
vt 0.311317 0.943835
vt 0.307240 0.943568
vt 0.308581 0.943835
vt 0.304635 0.942777
vt 0.305898 0.943301
vt 0.302234 0.941492
vt 0.303371 0.942253
vt 0.300130 0.939764
vt 0.302234 0.941492
vt 0.301097 0.940732
vt 0.298403 0.937657
vt 0.299163 0.938796
vt 0.297643 0.936519
vt 0.031946 0.876886
vt 0.031949 0.851785
vt 0.030610 0.901910
vt 0.030601 0.876831
vt 0.030610 0.851715
vt 0.029241 0.876812
vt 0.029241 0.851711
vt 0.798014 0.910968
vt 0.798281 0.908256
vt 0.798281 0.909626
vt 0.797224 0.913576
vt 0.797747 0.912311
vt 0.795940 0.915979
vt 0.796700 0.914841
vt 0.794213 0.918086
vt 0.795940 0.915979
vt 0.795180 0.917118
vt 0.792108 0.919814
vt 0.793246 0.919054
vt 0.789707 0.921099
vt 0.792108 0.919814
vt 0.790971 0.920575
vt 0.787102 0.921890
vt 0.788443 0.921623
vt 0.784392 0.922157
vt 0.785760 0.922157
vt 0.781683 0.921890
vt 0.783024 0.922157
vt 0.779078 0.921099
vt 0.780341 0.921623
vt 0.776677 0.919814
vt 0.777814 0.920575
vt 0.774572 0.918086
vt 0.775539 0.919054
vt 0.772845 0.915979
vt 0.773605 0.917118
vt 0.771562 0.913576
vt 0.772085 0.914841
vt 0.770771 0.910968
vt 0.771038 0.912311
vt 0.770505 0.908256
vt 0.770505 0.909626
vt 0.770772 0.905545
vt 0.770505 0.906887
vt 0.771562 0.902937
vt 0.771038 0.904202
vt 0.772845 0.900534
vt 0.772085 0.901672
vt 0.774573 0.898427
vt 0.773606 0.899395
vt 0.776677 0.896698
vt 0.775540 0.897459
vt 0.779078 0.895414
vt 0.776677 0.896698
vt 0.777815 0.895938
vt 0.781684 0.894623
vt 0.780342 0.894890
vt 0.784393 0.894356
vt 0.783026 0.894356
vt 0.787103 0.894623
vt 0.784393 0.894356
vt 0.785761 0.894356
vt 0.789708 0.895414
vt 0.788444 0.894890
vt 0.792109 0.896698
vt 0.790972 0.895938
vt 0.794214 0.898427
vt 0.793247 0.897459
vt 0.795941 0.900534
vt 0.795181 0.899395
vt 0.797224 0.902937
vt 0.796701 0.901672
vt 0.798014 0.905545
vt 0.797748 0.904202
vt 0.798281 0.906887
vt 0.555432 0.390282
vt 0.547456 0.403106
vt 0.548338 0.387945
vt 0.562176 0.391959
vt 0.554655 0.404453
vt 0.561747 0.405775
vt 0.554386 0.419396
vt 0.547165 0.419139
vt 0.604820 0.072647
vt 0.596740 0.085261
vt 0.596643 0.071099
vt 0.611731 0.073579
vt 0.603961 0.085098
vt 0.611148 0.084796
vt 0.605072 0.097785
vt 0.596837 0.099422
vt 0.554655 0.434507
vt 0.547456 0.435343
vt 0.561747 0.433696
vt 0.562176 0.447801
vt 0.555432 0.449145
vt 0.548338 0.451019
vt 0.608282 0.110116
vt 0.601497 0.112804
vt 0.615087 0.107600
vt 0.619402 0.117996
vt 0.613270 0.121573
vt 0.606157 0.126185
vt 0.544527 0.357039
vt 0.535514 0.368168
vt 0.537429 0.353266
vt 0.551624 0.360812
vt 0.542659 0.370986
vt 0.549780 0.374087
vt 0.541118 0.385722
vt 0.533888 0.383720
vt 0.558352 0.365314
vt 0.565081 0.369816
vt 0.556755 0.377459
vt 0.563628 0.380887
vt 0.613524 0.050653
vt 0.601637 0.058549
vt 0.606631 0.046000
vt 0.618843 0.054212
vt 0.608064 0.061047
vt 0.614206 0.063239
vt 0.623695 0.057482
vt 0.627398 0.059998
vt 0.620304 0.064991
vt 0.626339 0.073880
vt 0.618802 0.074092
vt 0.618802 0.074092
vt 0.611148 0.084796
vt 0.611731 0.073579
vt 0.626794 0.083333
vt 0.618708 0.084250
vt 0.628086 0.093285
vt 0.619908 0.094843
vt 0.612306 0.096333
vt 0.622333 0.105240
vt 0.615087 0.107600
vt 0.630210 0.103114
vt 0.625835 0.114815
vt 0.619402 0.117996
vt 0.630311 0.122932
vt 0.625207 0.126934
vt 0.632962 0.112225
vt 0.638643 0.125101
vt 0.636030 0.128897
vt 0.632606 0.133899
vt 0.620221 0.131430
vt 0.615073 0.136343
vt 0.628851 0.139406
vt 0.623989 0.146501
vt 0.556755 0.462749
vt 0.549780 0.465705
vt 0.563628 0.459748
vt 0.565081 0.471695
vt 0.558352 0.475824
vt 0.551624 0.479953
vt 0.533888 0.454471
vt 0.542659 0.468443
vt 0.535514 0.470955
vt 0.541118 0.452822
vt 0.544527 0.483452
vt 0.537429 0.486951
vt 0.532539 0.418709
vt 0.540164 0.436143
vt 0.532876 0.436884
vt 0.539846 0.418906
vt 0.547456 0.435343
vt 0.548339 0.451019
vt 0.541118 0.452822
vt 0.533888 0.454471
vt 0.541118 0.385723
vt 0.532876 0.400727
vt 0.533888 0.383720
vt 0.540163 0.401852
vt 0.547457 0.403107
vt 0.777603 0.391709
vt 0.769968 0.405956
vt 0.770322 0.390195
vt 0.784480 0.392730
vt 0.777323 0.406422
vt 0.784571 0.406867
vt 0.777646 0.421535
vt 0.770313 0.422162
vt 0.650880 0.148088
vt 0.663297 0.156372
vt 0.649118 0.156473
vt 0.652010 0.140984
vt 0.663350 0.148939
vt 0.663249 0.141554
vt 0.676052 0.147825
vt 0.677475 0.156272
vt 0.778546 0.436518
vt 0.771286 0.438242
vt 0.785744 0.434722
vt 0.786825 0.448441
vt 0.779731 0.451402
vt 0.772636 0.454362
vt 0.688392 0.144622
vt 0.690867 0.151619
vt 0.686075 0.137618
vt 0.696470 0.133319
vt 0.699851 0.139642
vt 0.704258 0.146967
vt 0.765544 0.357733
vt 0.756716 0.370784
vt 0.758239 0.354567
vt 0.772849 0.360900
vt 0.764037 0.372957
vt 0.771357 0.375349
vt 0.762927 0.388750
vt 0.755546 0.387449
vt 0.779837 0.364693
vt 0.786825 0.368486
vt 0.778553 0.377955
vt 0.785653 0.380608
vt 0.636554 0.151487
vt 0.639262 0.144854
vt 0.641647 0.138524
vt 0.643559 0.132272
vt 0.652615 0.126081
vt 0.652692 0.133749
vt 0.652692 0.133749
vt 0.663249 0.141554
vt 0.662104 0.125599
vt 0.662878 0.133824
vt 0.672076 0.124298
vt 0.673489 0.132617
vt 0.674802 0.140392
vt 0.683888 0.130202
vt 0.681905 0.122185
vt 0.693454 0.126721
vt 0.696470 0.133319
vt 0.701556 0.122273
vt 0.705404 0.127533
vt 0.690998 0.119464
vt 0.693454 0.126721
vt 0.703809 0.113867
vt 0.707513 0.116573
vt 0.712369 0.120148
vt 0.709704 0.132694
vt 0.714275 0.137873
vt 0.717691 0.124086
vt 0.724587 0.129158
vt 0.710788 0.157813
vt 0.718545 0.142651
vt 0.722686 0.147268
vt 0.707523 0.152390
vt 0.729585 0.132940
vt 0.734584 0.136722
vt 0.758519 0.458041
vt 0.768133 0.470230
vt 0.761034 0.473337
vt 0.765720 0.455802
vt 0.775245 0.467062
vt 0.777854 0.479762
vt 0.770854 0.483851
vt 0.763855 0.487939
vt 0.755504 0.423313
vt 0.763968 0.439757
vt 0.756645 0.441209
vt 0.762895 0.422760
vt 0.762927 0.388750
vt 0.755126 0.405134
vt 0.755546 0.387449
vt 0.770322 0.390195
vt 0.762534 0.405520
vt 0.769968 0.405956
vt 0.762895 0.422760
vt 0.755504 0.423313
vt 0.028086 0.536367
vt 0.036124 0.522424
vt 0.035192 0.538173
vt 0.021334 0.535071
vt 0.028882 0.521676
vt 0.021769 0.520944
vt 0.029175 0.506549
vt 0.036719 0.506056
vt 0.726395 0.102070
vt 0.734478 0.089878
vt 0.734575 0.104046
vt 0.719480 0.100742
vt 0.727253 0.089605
vt 0.720062 0.089502
vt 0.726142 0.076913
vt 0.734381 0.075710
vt 0.036117 0.490008
vt 0.022205 0.506816
vt 0.028883 0.491630
vt 0.021334 0.479305
vt 0.028109 0.477476
vt 0.035515 0.473960
vt 0.722932 0.064588
vt 0.729721 0.062335
vt 0.716124 0.066698
vt 0.711809 0.056325
vt 0.717945 0.053144
vt 0.725061 0.048960
vt 0.038963 0.570787
vt 0.048013 0.558106
vt 0.046067 0.574243
vt 0.031858 0.567330
vt 0.040858 0.555643
vt 0.033728 0.552960
vt 0.042424 0.539913
vt 0.049663 0.541509
vt 0.025120 0.563260
vt 0.018382 0.559189
vt 0.026743 0.550067
vt 0.019858 0.547130
vt 0.729581 0.116602
vt 0.723150 0.113685
vt 0.717005 0.111108
vt 0.710905 0.109038
vt 0.704867 0.099829
vt 0.712406 0.099890
vt 0.712406 0.099890
vt 0.720062 0.089502
vt 0.719480 0.100742
vt 0.704412 0.090322
vt 0.712500 0.089695
vt 0.703119 0.080349
vt 0.711300 0.079087
vt 0.718905 0.077955
vt 0.708875 0.068705
vt 0.700995 0.070540
vt 0.705373 0.059167
vt 0.711809 0.056325
vt 0.700898 0.051096
vt 0.706004 0.047413
vt 0.698244 0.061483
vt 0.705373 0.059167
vt 0.692565 0.048763
vt 0.695179 0.045158
vt 0.698606 0.040461
vt 0.710994 0.043301
vt 0.716145 0.038808
vt 0.702364 0.035332
vt 0.707229 0.028657
vt 0.026741 0.464850
vt 0.033686 0.461155
vt 0.019858 0.468376
vt 0.018382 0.457448
vt 0.025120 0.452899
vt 0.031858 0.448351
vt 0.939607 0.476152
vt 0.934931 0.491752
vt 0.936486 0.475997
vt 0.936498 0.491741
vt 0.931995 0.507360
vt 0.930601 0.507390
vt 0.933710 0.491800
vt 0.936819 0.476210
vt 0.064915 0.939885
vt 0.063863 0.946447
vt 0.063312 0.940236
vt 0.066055 0.952314
vt 0.065485 0.946100
vt 0.062849 0.953016
vt 0.062279 0.946801
vt 0.061710 0.940587
vt 0.050754 0.523837
vt 0.043446 0.523155
vt 0.044147 0.505770
vt 0.051574 0.505484
vt 0.551763 0.105622
vt 0.544697 0.119630
vt 0.544675 0.103152
vt 0.558377 0.106829
vt 0.551628 0.120339
vt 0.558472 0.120942
vt 0.551836 0.135483
vt 0.544718 0.136108
vt 0.680334 0.026629
vt 0.667921 0.018766
vt 0.682099 0.018672
vt 0.679201 0.033337
vt 0.667864 0.025765
vt 0.667962 0.032744
vt 0.655162 0.026872
vt 0.653742 0.018860
vt 0.552417 0.150512
vt 0.545573 0.152197
vt 0.559223 0.148847
vt 0.559879 0.162639
vt 0.553153 0.165462
vt 0.546427 0.168285
vt 0.642822 0.030082
vt 0.640351 0.023519
vt 0.645136 0.036679
vt 0.634742 0.041002
vt 0.631363 0.035076
vt 0.626960 0.028178
vt 0.539452 0.071737
vt 0.531428 0.084401
vt 0.532413 0.068463
vt 0.545490 0.089226
vt 0.538477 0.086696
vt 0.537513 0.101601
vt 0.530351 0.100050
vt 0.553130 0.078926
vt 0.546491 0.075012
vt 0.559769 0.082840
vt 0.552342 0.092034
vt 0.559073 0.094835
vt 0.694664 0.023665
vt 0.691953 0.029878
vt 0.689564 0.035823
vt 0.687650 0.041757
vt 0.678591 0.047628
vt 0.678517 0.040234
vt 0.678516 0.040234
vt 0.667962 0.032744
vt 0.679201 0.033337
vt 0.669101 0.048055
vt 0.668330 0.040121
vt 0.659129 0.049337
vt 0.657719 0.041313
vt 0.656409 0.033896
vt 0.647319 0.043744
vt 0.649301 0.051469
vt 0.637754 0.047261
vt 0.634742 0.041002
vt 0.629653 0.051756
vt 0.625807 0.046814
vt 0.640208 0.054245
vt 0.637754 0.047261
vt 0.621511 0.042040
vt 0.616943 0.037305
vt 0.620439 0.018382
vt 0.612678 0.033025
vt 0.608541 0.028928
vt 0.623699 0.023280
vt 0.601637 0.042737
vt 0.596643 0.039475
vt 0.532316 0.173117
vt 0.541115 0.184372
vt 0.534199 0.187415
vt 0.539372 0.170701
vt 0.548061 0.181185
vt 0.549694 0.194085
vt 0.542850 0.198079
vt 0.536007 0.202072
vt 0.450005 0.864225
vt 0.456066 0.842928
vt 0.454244 0.864232
vt 0.453648 0.842920
vt 0.459506 0.821623
vt 0.461722 0.821632
vt 0.458079 0.842937
vt 0.454436 0.864241
vt 0.023485 0.939885
vt 0.021640 0.947194
vt 0.020933 0.939904
vt 0.024945 0.954489
vt 0.024215 0.947187
vt 0.022153 0.954386
vt 0.019112 0.947225
vt 0.018382 0.939923
vt 0.196590 0.132128
vt 0.177800 0.158841
vt 0.173705 0.134963
vt 0.201174 0.155290
vt 0.182056 0.183523
vt 0.158025 0.187631
vt 0.153903 0.162704
vt 0.150166 0.138497
vt 0.209324 0.203815
vt 0.205574 0.179499
vt 0.212556 0.227199
vt 0.186162 0.208227
vt 0.190152 0.232112
vt 0.162402 0.212512
vt 0.127009 0.142879
vt 0.130323 0.166922
vt 0.134249 0.191692
vt 0.107838 0.171176
vt 0.105150 0.147629
vt 0.138823 0.216349
vt 0.143729 0.240109
vt 0.121651 0.242856
vt 0.116260 0.219781
vt 0.111494 0.195575
vt 0.223055 0.095619
vt 0.212629 0.109814
vt 0.209750 0.093207
vt 0.229284 0.107705
vt 0.217819 0.129551
vt 0.196590 0.132128
vt 0.192542 0.110821
vt 0.190166 0.091766
vt 0.236652 0.126259
vt 0.223206 0.151881
vt 0.217819 0.129551
vt 0.243240 0.148291
vt 0.227843 0.175684
vt 0.251195 0.196430
vt 0.248266 0.172182
vt 0.252061 0.219433
vt 0.231173 0.199708
vt 0.233320 0.222584
vt 0.251092 0.239404
vt 0.233320 0.222584
vt 0.252061 0.219433
vt 0.249131 0.252880
vt 0.234818 0.242940
vt 0.237470 0.259567
vt 0.215685 0.248647
vt 0.212556 0.227199
vt 0.215685 0.248647
vt 0.219642 0.267409
vt 0.194182 0.254363
vt 0.198555 0.274327
vt 0.171396 0.259095
vt 0.166902 0.236577
vt 0.148542 0.262255
vt 0.152751 0.282272
vt 0.130995 0.282781
vt 0.126931 0.263991
vt 0.121651 0.242857
vt 0.107889 0.264878
vt 0.101654 0.245261
vt 0.126931 0.263991
vt 0.112186 0.281277
vt 0.099558 0.278777
vt 0.092651 0.266780
vt 0.084508 0.248288
vt 0.095526 0.222980
vt 0.090492 0.199155
vt 0.101654 0.245261
vt 0.077270 0.226268
vt 0.071823 0.202332
vt 0.085378 0.152004
vt 0.087155 0.175037
vt 0.068780 0.177983
vt 0.068090 0.154838
vt 0.103013 0.125941
vt 0.083098 0.114545
vt 0.100508 0.106862
vt 0.105150 0.147629
vt 0.084611 0.131440
vt 0.085378 0.152004
vt 0.069476 0.134709
vt 0.071929 0.121104
vt 0.146939 0.115744
vt 0.121420 0.100085
vt 0.144315 0.095040
vt 0.124145 0.120382
vt 0.103013 0.125941
vt 0.100508 0.106862
vt 0.170190 0.112607
vt 0.167759 0.092286
vt 0.192542 0.110821
vt 0.687957 0.102438
vt 0.677066 0.094668
vt 0.686614 0.092976
vt 0.678625 0.104286
vt 0.667297 0.096390
vt 0.665600 0.086552
vt 0.675431 0.084874
vt 0.685072 0.083262
vt 0.659252 0.107626
vt 0.668961 0.106071
vt 0.649825 0.109012
vt 0.657510 0.098039
vt 0.647931 0.099645
vt 0.655770 0.088263
vt 0.683271 0.073622
vt 0.673691 0.075131
vt 0.663904 0.076747
vt 0.671950 0.065641
vt 0.681378 0.064343
vt 0.654136 0.078502
vt 0.644588 0.080291
vt 0.643246 0.070917
vt 0.652577 0.068981
vt 0.662241 0.067166
vt 0.697442 0.109255
vt 0.704554 0.108160
vt 0.698713 0.116429
vt 0.689280 0.111336
vt 0.687957 0.102438
vt 0.696723 0.100798
vt 0.680189 0.113512
vt 0.689280 0.111336
vt 0.670561 0.115418
vt 0.662104 0.125599
vt 0.672076 0.124298
vt 0.652615 0.126081
vt 0.660847 0.116847
vt 0.651540 0.117842
vt 0.644316 0.125807
vt 0.643134 0.118618
vt 0.636039 0.119972
vt 0.640993 0.110406
vt 0.649825 0.109012
vt 0.632962 0.112225
vt 0.638778 0.101288
vt 0.630210 0.103114
vt 0.636858 0.091657
vt 0.646130 0.089975
vt 0.635440 0.081965
vt 0.626794 0.083333
vt 0.626339 0.073880
vt 0.634481 0.072703
vt 0.633763 0.064362
vt 0.641924 0.062165
vt 0.634481 0.072703
vt 0.626653 0.065627
vt 0.632493 0.057358
vt 0.640208 0.054245
vt 0.651014 0.059916
vt 0.660642 0.057985
vt 0.641924 0.062165
vt 0.659129 0.049337
vt 0.679664 0.055659
vt 0.670357 0.056582
vt 0.669101 0.048055
vt 0.690211 0.063095
vt 0.695168 0.053815
vt 0.681378 0.064343
vt 0.688071 0.055000
vt 0.679664 0.055659
vt 0.686891 0.047980
vt 0.694346 0.081746
vt 0.692426 0.072140
vt 0.690211 0.063095
vt 0.698244 0.061483
vt 0.695763 0.091464
vt 0.417879 0.079114
vt 0.427590 0.111995
vt 0.417872 0.112237
vt 0.428005 0.081325
vt 0.437100 0.111995
vt 0.437488 0.142220
vt 0.427973 0.143413
vt 0.417866 0.145361
vt 0.446775 0.084438
vt 0.437100 0.111995
vt 0.437521 0.082628
vt 0.455763 0.086603
vt 0.446374 0.112505
vt 0.455382 0.113322
vt 0.446745 0.141432
vt 0.429235 0.174107
vt 0.419643 0.175994
vt 0.438657 0.172020
vt 0.440577 0.200209
vt 0.431254 0.203175
vt 0.421787 0.205692
vt 0.447862 0.170010
vt 0.438657 0.172020
vt 0.456806 0.168089
vt 0.458557 0.193833
vt 0.449695 0.197043
vt 0.804078 0.075491
vt 0.799456 0.107529
vt 0.796933 0.076470
vt 0.803049 0.139354
vt 0.803564 0.107423
vt 0.796332 0.139107
vt 0.796760 0.107505
vt 0.797275 0.075573
vt 0.421486 0.022184
vt 0.429277 0.052665
vt 0.419682 0.050649
vt 0.440455 0.027834
vt 0.430971 0.025009
vt 0.437521 0.082628
vt 0.449481 0.032662
vt 0.438716 0.054969
vt 0.458507 0.037490
vt 0.447913 0.058057
vt 0.456859 0.061516
vt 0.466921 0.042059
vt 0.475335 0.046628
vt 0.465479 0.064916
vt 0.473774 0.068079
vt 0.464441 0.088758
vt 0.455763 0.086603
vt 0.464441 0.088758
vt 0.472770 0.090747
vt 0.464079 0.114161
vt 0.472425 0.114931
vt 0.464422 0.140355
vt 0.455738 0.140868
vt 0.465443 0.166239
vt 0.473732 0.164517
vt 0.475331 0.187811
vt 0.467115 0.190711
vt 0.469373 0.213053
vt 0.460931 0.217350
vt 0.467115 0.190711
vt 0.477500 0.209043
vt 0.480159 0.228723
vt 0.471979 0.234095
vt 0.463799 0.239467
vt 0.452171 0.221768
vt 0.443169 0.226073
vt 0.455019 0.245142
vt 0.446239 0.250818
vt 0.433947 0.229980
vt 0.424575 0.233303
vt 0.437026 0.255525
vt 0.427812 0.260232
vt 0.402699 0.208450
vt 0.415092 0.235679
vt 0.405589 0.237026
vt 0.412240 0.207508
vt 0.418331 0.262698
vt 0.408850 0.265164
vt 0.408183 0.145689
vt 0.400462 0.177719
vt 0.398501 0.146017
vt 0.410024 0.177216
vt 0.102819 0.956929
vt 0.105741 0.949552
vt 0.105741 0.958074
vt 0.102819 0.939885
vt 0.102819 0.948407
vt 0.105741 0.941030
vt 0.108664 0.950698
vt 0.108664 0.959220
vt 0.156283 0.565228
vt 0.167811 0.536575
vt 0.165989 0.566815
vt 0.146531 0.563179
vt 0.158029 0.535815
vt 0.148202 0.534781
vt 0.158526 0.505513
vt 0.168324 0.505383
vt 0.136852 0.560835
vt 0.127363 0.558359
vt 0.138447 0.533566
vt 0.128883 0.532265
vt 0.138923 0.505521
vt 0.148692 0.505562
vt 0.158526 0.505513
vt 0.167596 0.474209
vt 0.148692 0.505562
vt 0.157788 0.475496
vt 0.148008 0.476734
vt 0.155886 0.447062
vt 0.166219 0.442679
vt 0.148008 0.476734
vt 0.129343 0.505423
vt 0.138292 0.477877
vt 0.128752 0.478967
vt 0.136566 0.451817
vt 0.146177 0.449555
vt 0.178044 0.626442
vt 0.172450 0.596830
vt 0.181639 0.597322
vt 0.168746 0.624944
vt 0.163003 0.595356
vt 0.165989 0.566815
vt 0.175533 0.567781
vt 0.184783 0.567993
vt 0.159448 0.623447
vt 0.153403 0.592952
vt 0.149909 0.619725
vt 0.143770 0.589953
vt 0.146531 0.563179
vt 0.156283 0.565228
vt 0.140369 0.616003
vt 0.134219 0.586517
vt 0.131001 0.611247
vt 0.124847 0.582916
vt 0.136852 0.560835
vt 0.121633 0.606490
vt 0.115785 0.579369
vt 0.112851 0.601890
vt 0.107082 0.576039
vt 0.118173 0.555912
vt 0.127363 0.558359
vt 0.118173 0.555912
vt 0.109372 0.553626
vt 0.119624 0.530972
vt 0.110760 0.529765
vt 0.120070 0.505311
vt 0.111195 0.505207
vt 0.119519 0.480014
vt 0.110682 0.480996
vt 0.117979 0.456168
vt 0.127120 0.454026
vt 0.117979 0.456168
vt 0.124522 0.431330
vt 0.109228 0.458173
vt 0.115526 0.434473
vt 0.106890 0.437429
vt 0.112541 0.414075
vt 0.121233 0.410009
vt 0.143319 0.424833
vt 0.146177 0.449555
vt 0.133842 0.428097
vt 0.130559 0.405761
vt 0.139884 0.401513
vt 0.162449 0.418050
vt 0.152850 0.421533
vt 0.149281 0.397467
vt 0.158679 0.393422
vt 0.289773 0.453904
vt 0.286096 0.486839
vt 0.282872 0.454161
vt 0.290306 0.486925
vt 0.283493 0.518926
vt 0.283344 0.486900
vt 0.282811 0.453879
vt 0.187372 0.504932
vt 0.177278 0.473371
vt 0.186731 0.472932
vt 0.177982 0.505190
vt 0.175893 0.441566
vt 0.185568 0.440453
vt 0.177428 0.536976
vt 0.186749 0.536948
vt 0.175533 0.567781
vt 0.177982 0.505190
vt 0.647664 0.367189
vt 0.637450 0.398203
vt 0.638009 0.365712
vt 0.657438 0.369064
vt 0.647106 0.398667
vt 0.656882 0.399283
vt 0.647898 0.431102
vt 0.638277 0.431685
vt 0.667192 0.371187
vt 0.676792 0.373406
vt 0.666642 0.399995
vt 0.676249 0.400744
vt 0.667343 0.429667
vt 0.657631 0.430416
vt 0.649970 0.463060
vt 0.640417 0.464675
vt 0.659618 0.461088
vt 0.662775 0.489925
vt 0.653251 0.493106
vt 0.643796 0.495695
vt 0.669234 0.458897
vt 0.678691 0.456623
vt 0.681561 0.482693
vt 0.672251 0.486379
vt 0.633094 0.303578
vt 0.621476 0.333047
vt 0.623823 0.301928
vt 0.642366 0.305229
vt 0.630499 0.333627
vt 0.639881 0.335174
vt 0.628607 0.364779
vt 0.619603 0.364510
vt 0.652059 0.309196
vt 0.661753 0.313164
vt 0.649511 0.337641
vt 0.659241 0.340686
vt 0.647664 0.367189
vt 0.638009 0.365712
vt 0.671366 0.318170
vt 0.680979 0.323176
vt 0.668941 0.344147
vt 0.678491 0.347746
vt 0.667192 0.371187
vt 0.657438 0.369064
vt 0.690010 0.327942
vt 0.699040 0.332708
vt 0.687739 0.351258
vt 0.696624 0.354522
vt 0.686108 0.375577
vt 0.676792 0.373406
vt 0.686108 0.375577
vt 0.695037 0.377577
vt 0.685573 0.401476
vt 0.694511 0.402145
vt 0.686178 0.428137
vt 0.676901 0.428895
vt 0.687869 0.454395
vt 0.696673 0.452322
vt 0.699262 0.475733
vt 0.690594 0.479084
vt 0.681561 0.482693
vt 0.694234 0.501451
vt 0.685392 0.506310
vt 0.690594 0.479084
vt 0.702743 0.496918
vt 0.706917 0.516409
vt 0.698402 0.522404
vt 0.689887 0.528398
vt 0.662775 0.489925
vt 0.676259 0.511284
vt 0.666961 0.516083
vt 0.672251 0.486379
vt 0.680819 0.534688
vt 0.671752 0.540978
vt 0.643796 0.495695
vt 0.657588 0.520351
vt 0.648250 0.523873
vt 0.653251 0.493106
vt 0.662495 0.546034
vt 0.653238 0.551091
vt 0.625575 0.498259
vt 0.639057 0.526217
vt 0.630114 0.527305
vt 0.634528 0.497474
vt 0.644155 0.553388
vt 0.635073 0.555684
vt 0.619917 0.432391
vt 0.631088 0.465804
vt 0.622116 0.466335
vt 0.628904 0.432126
vt 0.634528 0.497474
vt 0.625575 0.498259
vt 0.628607 0.364779
vt 0.619054 0.397944
vt 0.619603 0.364510
vt 0.628052 0.397948
vt 0.417887 0.358705
vt 0.425824 0.389192
vt 0.416009 0.388311
vt 0.427664 0.360420
vt 0.435654 0.390171
vt 0.435006 0.419537
vt 0.425159 0.419648
vt 0.415345 0.419652
vt 0.437430 0.362425
vt 0.445388 0.391204
vt 0.447085 0.364606
vt 0.454916 0.392249
vt 0.454333 0.419128
vt 0.444769 0.419352
vt 0.425683 0.450441
vt 0.415908 0.451341
vt 0.435499 0.449227
vt 0.437147 0.477945
vt 0.427409 0.480224
vt 0.417711 0.481989
vt 0.445240 0.447810
vt 0.454787 0.446302
vt 0.456284 0.472589
vt 0.446811 0.475338
vt 0.414833 0.303832
vt 0.401736 0.328830
vt 0.405219 0.301928
vt 0.420868 0.331683
vt 0.411219 0.329879
vt 0.417887 0.358706
vt 0.408207 0.357399
vt 0.398748 0.356610
vt 0.424447 0.305736
vt 0.430573 0.334183
vt 0.434072 0.309392
vt 0.440241 0.337115
vt 0.437430 0.362425
vt 0.427664 0.360420
vt 0.443696 0.313048
vt 0.449768 0.340353
vt 0.453011 0.317479
vt 0.459082 0.343685
vt 0.456523 0.366845
vt 0.447085 0.364606
vt 0.462325 0.321909
vt 0.468066 0.346938
vt 0.471007 0.326139
vt 0.476690 0.349991
vt 0.474387 0.371074
vt 0.465649 0.369031
vt 0.464132 0.393262
vt 0.465650 0.369031
vt 0.472954 0.394210
vt 0.472449 0.418683
vt 0.463589 0.418895
vt 0.464029 0.444809
vt 0.472878 0.443422
vt 0.474245 0.467358
vt 0.465458 0.469879
vt 0.456284 0.472589
vt 0.467810 0.493324
vt 0.458763 0.497174
vt 0.476501 0.489721
vt 0.470701 0.515748
vt 0.461931 0.520673
vt 0.437147 0.477945
vt 0.449405 0.501090
vt 0.439868 0.504831
vt 0.446811 0.475338
vt 0.452576 0.525783
vt 0.443221 0.530892
vt 0.417711 0.481989
vt 0.430246 0.508097
vt 0.420654 0.510711
vt 0.427409 0.480224
vt 0.433690 0.534890
vt 0.424158 0.538887
vt 0.408172 0.483060
vt 0.402019 0.512826
vt 0.398919 0.483289
vt 0.411210 0.512307
vt 0.414860 0.540477
vt 0.405562 0.542067
vt 0.405682 0.419519
vt 0.396973 0.451795
vt 0.396300 0.419232
vt 0.406295 0.451820
vt 0.408172 0.483061
vt 0.398919 0.483289
vt 0.408207 0.357399
vt 0.396895 0.387027
vt 0.406323 0.387573
vt 0.088368 0.066047
vt 0.115831 0.067534
vt 0.092703 0.077571
vt 0.082202 0.052921
vt 0.113287 0.054784
vt 0.110675 0.042740
vt 0.140198 0.047722
vt 0.141033 0.061234
vt 0.373249 0.358103
vt 0.364216 0.387377
vt 0.365112 0.357967
vt 0.381135 0.356997
vt 0.371594 0.387030
vt 0.379309 0.386720
vt 0.370468 0.417410
vt 0.363319 0.416787
vt 0.166990 0.058916
vt 0.139149 0.032558
vt 0.167970 0.045749
vt 0.169322 0.034684
vt 0.195227 0.048397
vt 0.192331 0.060777
vt 0.139503 0.025470
vt 0.139857 0.018382
vt 0.170890 0.026121
vt 0.172592 0.018403
vt 0.201423 0.029435
vt 0.198369 0.038085
vt 0.065257 0.115439
vt 0.083098 0.114545
vt 0.057413 0.108527
vt 0.078688 0.101672
vt 0.072893 0.091176
vt 0.096904 0.090865
vt 0.100508 0.106862
vt 0.049690 0.101527
vt 0.039211 0.092427
vt 0.066983 0.081855
vt 0.060706 0.072674
vt 0.379263 0.307169
vt 0.368354 0.334468
vt 0.371595 0.310970
vt 0.386931 0.303368
vt 0.375990 0.331954
vt 0.383928 0.329823
vt 0.396075 0.302648
vt 0.392578 0.328826
vt 0.389654 0.356446
vt 0.387839 0.386723
vt 0.396895 0.387027
vt 0.387217 0.418778
vt 0.377616 0.418032
vt 0.379065 0.450587
vt 0.396300 0.419232
vt 0.387982 0.451278
vt 0.396973 0.451795
vt 0.389958 0.482776
vt 0.380513 0.483142
vt 0.384448 0.510760
vt 0.393175 0.512040
vt 0.396973 0.540222
vt 0.388383 0.538377
vt 0.225631 0.046555
vt 0.205327 0.018424
vt 0.230051 0.038604
vt 0.234445 0.030935
vt 0.255936 0.053378
vt 0.250060 0.060671
vt 0.195227 0.048397
vt 0.215741 0.067070
vt 0.192331 0.060777
vt 0.198369 0.038085
vt 0.220736 0.056050
vt 0.225631 0.046555
vt 0.243447 0.069003
vt 0.236197 0.078309
vt 0.190166 0.091766
vt 0.211457 0.079321
vt 0.209750 0.093207
vt 0.190320 0.075155
vt 0.215741 0.067070
vt 0.228896 0.087846
vt 0.142357 0.076845
vt 0.167759 0.092286
vt 0.144315 0.095040
vt 0.141033 0.061234
vt 0.166779 0.074378
vt 0.166990 0.058916
vt 0.190320 0.075155
vt 0.190166 0.091766
vt 0.096904 0.090865
vt 0.121420 0.100085
vt 0.092703 0.077571
vt 0.118590 0.082477
vt 0.115831 0.067534
vt 0.266105 0.115749
vt 0.288594 0.135948
vt 0.275860 0.140049
vt 0.277576 0.109906
vt 0.299075 0.132260
vt 0.306381 0.162171
vt 0.295403 0.164071
vt 0.282082 0.166369
vt 0.287123 0.104529
vt 0.307690 0.129092
vt 0.299075 0.132260
vt 0.295175 0.099758
vt 0.315791 0.126004
vt 0.326555 0.158670
vt 0.315546 0.160578
vt 0.306381 0.162171
vt 0.297846 0.192939
vt 0.284552 0.193329
vt 0.308878 0.192903
vt 0.295691 0.221231
vt 0.283072 0.219546
vt 0.317976 0.192992
vt 0.326555 0.193174
vt 0.315374 0.224908
vt 0.306341 0.223109
vt 0.242189 0.102169
vt 0.229284 0.107705
vt 0.236197 0.078309
vt 0.252954 0.094798
vt 0.252624 0.121475
vt 0.236652 0.126259
vt 0.252954 0.094798
vt 0.270698 0.080292
vt 0.262485 0.087231
vt 0.287123 0.104529
vt 0.277636 0.074296
vt 0.263563 0.043446
vt 0.305027 0.093339
vt 0.615521 0.303591
vt 0.604533 0.334686
vt 0.607220 0.305253
vt 0.612922 0.333651
vt 0.610991 0.364800
vt 0.601845 0.364119
vt 0.610492 0.398177
vt 0.602049 0.398447
vt 0.611317 0.432498
vt 0.602253 0.432775
vt 0.605074 0.466111
vt 0.622116 0.466335
vt 0.613540 0.466290
vt 0.616944 0.498190
vt 0.607896 0.499448
vt 0.613021 0.525903
vt 0.621509 0.526878
vt 0.626610 0.554021
vt 0.618146 0.552358
vt 0.298567 0.251479
vt 0.326555 0.227679
vt 0.306918 0.254811
vt 0.314953 0.258149
vt 0.293234 0.281773
vt 0.285482 0.276861
vt 0.277380 0.243714
vt 0.306341 0.223109
vt 0.288699 0.247677
vt 0.298567 0.251479
vt 0.276679 0.271211
vt 0.266949 0.264848
vt 0.252061 0.219433
vt 0.264949 0.240341
vt 0.251092 0.239404
vt 0.268589 0.218635
vt 0.277380 0.243714
vt 0.257081 0.258277
vt 0.248266 0.172182
vt 0.269007 0.194375
vt 0.266375 0.169072
vt 0.268589 0.218635
vt 0.252624 0.121475
vt 0.243240 0.148291
vt 0.236652 0.126259
vt 0.260786 0.144272
vt 0.231688 0.295903
vt 0.213923 0.318087
vt 0.208726 0.306020
vt 0.238375 0.306603
vt 0.218774 0.328042
vt 0.191526 0.339982
vt 0.187517 0.325372
vt 0.183849 0.312389
vt 0.244609 0.315263
vt 0.222998 0.335560
vt 0.250203 0.322382
vt 0.227061 0.342236
vt 0.196838 0.353013
vt 0.194182 0.346497
vt 0.160238 0.327567
vt 0.158364 0.314748
vt 0.161820 0.339740
vt 0.132115 0.339497
vt 0.133389 0.325148
vt 0.133546 0.312901
vt 0.220353 0.503070
vt 0.212082 0.473862
vt 0.219439 0.474336
vt 0.213233 0.503506
vt 0.204356 0.473376
vt 0.202473 0.444360
vt 0.210396 0.445642
vt 0.218525 0.445601
vt 0.243529 0.272100
vt 0.251460 0.282229
vt 0.225165 0.283020
vt 0.219642 0.267409
vt 0.259642 0.290956
vt 0.251460 0.282229
vt 0.267220 0.298272
vt 0.238375 0.306603
vt 0.231688 0.295903
vt 0.273840 0.304284
vt 0.267220 0.298272
vt 0.280318 0.310039
vt 0.257284 0.331459
vt 0.195199 0.623076
vt 0.190474 0.596621
vt 0.199190 0.595464
vt 0.186622 0.624759
vt 0.193738 0.567539
vt 0.203181 0.567851
vt 0.195735 0.536499
vt 0.204648 0.535896
vt 0.186749 0.536948
vt 0.196476 0.504588
vt 0.206114 0.503941
vt 0.195782 0.473076
vt 0.193920 0.443218
vt 0.190864 0.416384
vt 0.199630 0.417882
vt 0.181737 0.415115
vt 0.187276 0.391025
vt 0.196645 0.392273
vt 0.207610 0.420153
vt 0.215232 0.422682
vt 0.204291 0.396019
vt 0.211938 0.399764
vt 0.108238 0.317289
vt 0.110574 0.306603
vt 0.105534 0.327957
vt 0.078954 0.316418
vt 0.085513 0.304454
vt 0.090305 0.295359
vt 0.130995 0.282781
vt 0.112423 0.294837
vt 0.132999 0.299020
vt 0.095262 0.286293
vt 0.175774 0.279474
vt 0.155967 0.299782
vt 0.179943 0.297258
vt 0.158364 0.314748
vt 0.133546 0.312901
vt 0.132999 0.299020
vt 0.225165 0.283020
vt 0.208726 0.306020
vt 0.203487 0.291528
vt 0.183849 0.312389
vt 0.059772 0.257928
vt 0.039325 0.237243
vt 0.049495 0.233615
vt 0.050744 0.263417
vt 0.029935 0.240994
vt 0.019511 0.211184
vt 0.031859 0.209100
vt 0.042800 0.207254
vt 0.363597 0.080688
vt 0.371818 0.111333
vt 0.363458 0.112117
vt 0.372342 0.080063
vt 0.380366 0.110876
vt 0.372158 0.143557
vt 0.363319 0.143546
vt 0.040005 0.180225
vt 0.029133 0.180146
vt 0.018947 0.179690
vt 0.030847 0.151727
vt 0.041319 0.153928
vt 0.365053 0.174271
vt 0.380763 0.143923
vt 0.373458 0.175386
vt 0.382056 0.176522
vt 0.375563 0.205559
vt 0.366786 0.204997
vt 0.081691 0.271989
vt 0.092651 0.266780
vt 0.073361 0.278876
vt 0.070696 0.252701
vt 0.084508 0.248288
vt 0.066379 0.286024
vt 0.059656 0.293611
vt 0.040358 0.270804
vt 0.367444 0.027227
vt 0.373758 0.050929
vt 0.365521 0.053957
vt 0.375574 0.022804
vt 0.382226 0.048601
vt 0.380887 0.078807
vt 0.393009 0.018382
vt 0.383704 0.018382
vt 0.402314 0.018382
vt 0.391210 0.047881
vt 0.400423 0.047856
vt 0.389822 0.078408
vt 0.398532 0.077330
vt 0.389347 0.111098
vt 0.398516 0.111673
vt 0.389744 0.144616
vt 0.391104 0.177380
vt 0.393281 0.208392
vt 0.384200 0.207337
vt 0.387059 0.235636
vt 0.396175 0.236978
vt 0.399436 0.264293
vt 0.390021 0.263423
vt 0.370058 0.229612
vt 0.378447 0.232878
vt 0.381675 0.258825
vt 0.373329 0.254227
vt 0.046974 0.129690
vt 0.018382 0.148195
vt 0.037848 0.125250
vt 0.028796 0.120311
vt 0.068090 0.154838
vt 0.057269 0.133430
vt 0.069476 0.134709
vt 0.053480 0.155250
vt 0.071823 0.202332
vt 0.053070 0.179630
vt 0.068780 0.177983
vt 0.042800 0.207254
vt 0.055925 0.205031
vt 0.040005 0.180225
vt 0.070696 0.252701
vt 0.077270 0.226268
vt 0.084508 0.248288
vt 0.059772 0.257928
vt 0.061960 0.229888
vt 0.049495 0.233615
vt 0.495668 0.095212
vt 0.488033 0.116159
vt 0.488349 0.093990
vt 0.502527 0.116968
vt 0.495383 0.116622
vt 0.495665 0.138671
vt 0.488339 0.139028
vt 0.964395 0.922863
vt 0.966847 0.915950
vt 0.967075 0.922815
vt 0.964260 0.915962
vt 0.966918 0.908941
vt 0.969224 0.909072
vt 0.969359 0.915974
vt 0.969494 0.922875
vt 0.496555 0.160442
vt 0.489244 0.161624
vt 0.503667 0.159465
vt 0.497965 0.181076
vt 0.490720 0.182973
vt 0.930543 0.334578
vt 0.935583 0.318258
vt 0.934190 0.334583
vt 0.933329 0.318253
vt 0.938214 0.301933
vt 0.940313 0.301937
vt 0.937527 0.318262
vt 0.934742 0.334587
vt 0.483001 0.050073
vt 0.490667 0.053519
vt 0.481678 0.070818
vt 0.489270 0.073218
vt 0.480727 0.092487
vt 0.472770 0.090747
vt 0.497788 0.056114
vt 0.504908 0.058710
vt 0.496566 0.075263
vt 0.503647 0.077049
vt 0.511770 0.061014
vt 0.518632 0.063319
vt 0.510605 0.078780
vt 0.516393 0.097627
vt 0.509453 0.096546
vt 0.502514 0.095465
vt 0.525522 0.065891
vt 0.517522 0.080528
vt 0.524453 0.082385
vt 0.523372 0.098839
vt 0.453648 0.885524
vt 0.459506 0.906831
vt 0.457290 0.906823
vt 0.456066 0.885532
vt 0.458079 0.885540
vt 0.461722 0.906840
vt 0.965604 0.936276
vt 0.967562 0.929570
vt 0.968154 0.936282
vt 0.965000 0.929569
vt 0.970099 0.929582
vt 0.970703 0.936288
vt 0.525421 0.175052
vt 0.520536 0.192640
vt 0.518526 0.176987
vt 0.527350 0.190129
vt 0.529271 0.205255
vt 0.522534 0.208438
vt 0.511660 0.178723
vt 0.506873 0.197345
vt 0.504793 0.180459
vt 0.513727 0.195010
vt 0.515807 0.211298
vt 0.509080 0.214158
vt 0.499896 0.199728
vt 0.492717 0.202421
vt 0.502104 0.217328
vt 0.495128 0.220497
vt 0.475331 0.187811
vt 0.485256 0.205531
vt 0.483188 0.185237
vt 0.487643 0.224610
vt 0.472755 0.139872
vt 0.481654 0.162981
vt 0.480715 0.139430
vt 0.489244 0.161624
vt 0.490720 0.182973
vt 0.480727 0.092487
vt 0.488349 0.093990
vt 0.480397 0.115595
vt 0.488033 0.116159
vt 0.085481 0.548285
vt 0.094358 0.527786
vt 0.093074 0.549833
vt 0.078150 0.546892
vt 0.086729 0.526995
vt 0.079395 0.526289
vt 0.087159 0.505063
vt 0.094773 0.505087
vt 0.072212 0.525663
vt 0.063907 0.544296
vt 0.070990 0.545586
vt 0.065909 0.505101
vt 0.073037 0.504997
vt 0.080165 0.504894
vt 0.094323 0.482703
vt 0.079359 0.484001
vt 0.086708 0.483432
vt 0.085472 0.462976
vt 0.093009 0.461603
vt 0.251376 0.964977
vt 0.252396 0.957591
vt 0.252894 0.964959
vt 0.250869 0.957614
vt 0.251971 0.950184
vt 0.253398 0.950215
vt 0.253905 0.957578
vt 0.254412 0.964940
vt 0.104069 0.597289
vt 0.098839 0.573118
vt 0.096162 0.593745
vt 0.090975 0.570534
vt 0.101017 0.551602
vt 0.109372 0.553626
vt 0.088255 0.590200
vt 0.083469 0.568279
vt 0.081011 0.587460
vt 0.076205 0.566222
vt 0.066848 0.582240
vt 0.073767 0.584719
vt 0.059929 0.579761
vt 0.069117 0.564281
vt 0.062103 0.562346
vt 0.052998 0.577002
vt 0.055085 0.560308
vt 0.056817 0.542956
vt 0.065089 0.525067
vt 0.057955 0.524469
vt 0.058742 0.505292
vt 0.250690 0.927021
vt 0.251762 0.934984
vt 0.250003 0.935172
vt 0.251376 0.918870
vt 0.252232 0.926986
vt 0.252894 0.918851
vt 0.253725 0.926984
vt 0.253039 0.935135
vt 0.250362 0.950251
vt 0.251734 0.942671
vt 0.250183 0.942712
vt 0.253219 0.942675
vt 0.065350 0.970575
vt 0.064099 0.964832
vt 0.065785 0.964476
vt 0.064915 0.976674
vt 0.063739 0.970927
vt 0.063312 0.977025
vt 0.062145 0.971277
vt 0.062580 0.965178
vt 0.090889 0.442424
vt 0.078553 0.463108
vt 0.083417 0.444534
vt 0.076146 0.446426
vt 0.080951 0.427140
vt 0.088162 0.424536
vt 0.100917 0.459978
vt 0.098705 0.440054
vt 0.096005 0.421339
vt 0.103848 0.418142
vt 0.102774 0.505130
vt 0.102295 0.481888
vt 0.094323 0.482703
vt 0.100917 0.459978
vt 0.109228 0.458173
vt 0.101017 0.551601
vt 0.093074 0.549833
vt 0.102349 0.528702
vt 0.094358 0.527786
vt 0.719237 0.382076
vt 0.711044 0.403189
vt 0.711552 0.380805
vt 0.726654 0.383193
vt 0.718740 0.403580
vt 0.726168 0.403912
vt 0.719208 0.425693
vt 0.711538 0.426211
vt 0.733901 0.384223
vt 0.741076 0.385234
vt 0.733429 0.404209
vt 0.740619 0.404496
vt 0.733857 0.424755
vt 0.726615 0.425214
vt 0.720601 0.447462
vt 0.712990 0.448877
vt 0.727956 0.446184
vt 0.730150 0.465909
vt 0.722877 0.467937
vt 0.715356 0.470194
vt 0.735149 0.444981
vt 0.742275 0.443789
vt 0.744317 0.462123
vt 0.737267 0.464005
vt 0.707133 0.336266
vt 0.715226 0.339824
vt 0.705025 0.357333
vt 0.713029 0.359776
vt 0.703507 0.379317
vt 0.695037 0.377577
vt 0.722608 0.342444
vt 0.729990 0.345064
vt 0.720656 0.361852
vt 0.728032 0.363704
vt 0.719237 0.382076
vt 0.711552 0.380805
vt 0.737035 0.347328
vt 0.744079 0.349591
vt 0.735229 0.365413
vt 0.742356 0.367097
vt 0.733901 0.384223
vt 0.726654 0.383193
vt 0.751159 0.352079
vt 0.749501 0.368865
vt 0.748271 0.386291
vt 0.741076 0.385234
vt 0.748271 0.386291
vt 0.747830 0.404798
vt 0.748225 0.423822
vt 0.741030 0.424297
vt 0.749420 0.442548
vt 0.756645 0.441209
vt 0.758519 0.458041
vt 0.751382 0.460163
vt 0.744317 0.462123
vt 0.754020 0.476154
vt 0.747062 0.478767
vt 0.751382 0.460163
vt 0.757018 0.491212
vt 0.750182 0.494484
vt 0.730150 0.465909
vt 0.740116 0.481266
vt 0.733107 0.483793
vt 0.737267 0.464005
vt 0.743367 0.497481
vt 0.736552 0.500478
vt 0.715357 0.470194
vt 0.725938 0.486501
vt 0.718546 0.489499
vt 0.722877 0.467937
vt 0.729445 0.503899
vt 0.722338 0.507320
vt 0.710821 0.492968
vt 0.707505 0.472773
vt 0.714628 0.511864
vt 0.695072 0.427426
vt 0.705035 0.450485
vt 0.703515 0.426785
vt 0.707505 0.472773
vt 0.703507 0.379317
vt 0.702990 0.402715
vt 0.490584 0.374553
vt 0.496904 0.396602
vt 0.489290 0.395862
vt 0.498143 0.376053
vt 0.504259 0.397325
vt 0.503857 0.418317
vt 0.496484 0.418331
vt 0.488846 0.418397
vt 0.512593 0.378879
vt 0.505450 0.377471
vt 0.519663 0.380347
vt 0.511446 0.398065
vt 0.518189 0.418429
vt 0.511061 0.418350
vt 0.496883 0.440295
vt 0.489255 0.441175
vt 0.504247 0.439535
vt 0.505428 0.460068
vt 0.498105 0.461549
vt 0.490520 0.463215
vt 0.511440 0.438854
vt 0.518556 0.438210
vt 0.519659 0.457353
vt 0.512582 0.458696
vt 0.479689 0.330368
vt 0.484864 0.352693
vt 0.487525 0.333671
vt 0.492673 0.355122
vt 0.490584 0.374553
vt 0.482686 0.372909
vt 0.495361 0.336973
vt 0.500138 0.357299
vt 0.502568 0.339629
vt 0.507373 0.359349
vt 0.505450 0.377471
vt 0.498143 0.376053
vt 0.509774 0.342284
vt 0.514441 0.361360
vt 0.516678 0.344822
vt 0.521441 0.363434
vt 0.512593 0.378879
vt 0.530505 0.350314
vt 0.523581 0.347361
vt 0.528450 0.365686
vt 0.526743 0.381942
vt 0.519663 0.380347
vt 0.526743 0.381942
vt 0.518558 0.398858
vt 0.525683 0.399736
vt 0.525329 0.418549
vt 0.525682 0.437564
vt 0.526742 0.455966
vt 0.519659 0.457353
vt 0.528448 0.473199
vt 0.521435 0.475280
vt 0.526742 0.455966
vt 0.530503 0.489743
vt 0.523577 0.492535
vt 0.505428 0.460068
vt 0.514427 0.477269
vt 0.507345 0.479279
vt 0.512582 0.458696
vt 0.516662 0.495069
vt 0.509747 0.497602
vt 0.490520 0.463215
vt 0.500087 0.481434
vt 0.492588 0.483818
vt 0.498105 0.461549
vt 0.502508 0.500457
vt 0.495269 0.503311
vt 0.474245 0.467358
vt 0.484733 0.486579
vt 0.482587 0.465138
vt 0.487370 0.507068
vt 0.479471 0.510824
vt 0.481275 0.442210
vt 0.480856 0.418515
vt 0.482588 0.465138
vt 0.481328 0.395073
vt 0.482686 0.372909
vt 0.315813 0.664825
vt 0.305151 0.692723
vt 0.306175 0.663206
vt 0.325451 0.666443
vt 0.314872 0.693967
vt 0.324484 0.694949
vt 0.314371 0.724155
vt 0.304126 0.722240
vt 0.305120 0.756569
vt 0.324484 0.756564
vt 0.314857 0.756697
vt 0.325451 0.789673
vt 0.315782 0.790285
vt 0.306113 0.790898
vt 0.701236 0.925511
vt 0.691481 0.899895
vt 0.701236 0.899885
vt 0.681772 0.924820
vt 0.691504 0.925166
vt 0.681726 0.899905
vt 0.691458 0.874624
vt 0.701236 0.874259
vt 0.276927 0.421853
vt 0.260599 0.389790
vt 0.264080 0.389802
vt 0.273103 0.421867
vt 0.269964 0.421828
vt 0.257117 0.389777
vt 0.290839 0.519947
vt 0.273592 0.549224
vt 0.277460 0.549338
vt 0.260599 0.578716
vt 0.257117 0.578703
vt 0.270497 0.549312
vt 0.283877 0.519921
vt 0.790601 0.170246
vt 0.774750 0.201178
vt 0.786867 0.170258
vt 0.771348 0.201219
vt 0.783797 0.170328
vt 0.796246 0.139437
vt 0.791115 0.046937
vt 0.774750 0.018423
vt 0.778152 0.018382
vt 0.787339 0.047072
vt 0.784312 0.047019
vt 0.771348 0.018465
vt 0.777594 0.238317
vt 0.774471 0.247625
vt 0.774471 0.238150
vt 0.777594 0.257267
vt 0.777594 0.247792
vt 0.774471 0.257100
vt 0.771348 0.247459
vt 0.771348 0.237984
vt 0.697532 0.801015
vt 0.689813 0.787741
vt 0.697179 0.785537
vt 0.690179 0.802344
vt 0.682426 0.790009
vt 0.681679 0.777096
vt 0.689078 0.773900
vt 0.696477 0.770703
vt 0.689105 0.835344
vt 0.697203 0.817923
vt 0.696530 0.835683
vt 0.681679 0.835006
vt 0.689826 0.818453
vt 0.682426 0.818964
vt 0.725069 0.837495
vt 0.718814 0.816929
vt 0.726020 0.816608
vt 0.717958 0.837000
vt 0.711649 0.817181
vt 0.712010 0.798783
vt 0.719227 0.797782
vt 0.726970 0.795720
vt 0.703688 0.836094
vt 0.710847 0.836504
vt 0.704464 0.817496
vt 0.704812 0.799806
vt 0.704436 0.783627
vt 0.711617 0.781952
vt 0.703631 0.768326
vt 0.710785 0.765949
vt 0.725972 0.778895
vt 0.718775 0.780438
vt 0.717880 0.764009
vt 0.724975 0.762070
vt 0.936498 0.459898
vt 0.931995 0.443674
vt 0.933389 0.443644
vt 0.934931 0.459909
vt 0.933710 0.459957
vt 0.930601 0.443703
vt 0.509459 0.862307
vt 0.503747 0.883537
vt 0.505775 0.862573
vt 0.505402 0.883478
vt 0.499916 0.904685
vt 0.498486 0.904722
vt 0.502542 0.883551
vt 0.506598 0.862380
vt 0.065920 0.958395
vt 0.064256 0.952628
vt 0.064289 0.958743
vt 0.062715 0.959097
vt 0.505402 0.841961
vt 0.499916 0.821652
vt 0.501346 0.821615
vt 0.503747 0.842021
vt 0.502542 0.842034
vt 0.498486 0.821688
vt 0.976372 0.489918
vt 0.977518 0.482563
vt 0.976943 0.489902
vt 0.976959 0.482586
vt 0.977991 0.475166
vt 0.978102 0.482554
vt 0.977515 0.489887
vt 0.942418 0.190000
vt 0.944863 0.206322
vt 0.943470 0.189997
vt 0.945204 0.206324
vt 0.947494 0.222646
vt 0.946998 0.222644
vt 0.944212 0.206320
vt 0.941425 0.189995
vt 0.979058 0.340884
vt 0.978035 0.333455
vt 0.978483 0.333539
vt 0.979632 0.348228
vt 0.978499 0.340861
vt 0.979061 0.348212
vt 0.977916 0.340852
vt 0.977341 0.333508
vt 0.977088 0.451876
vt 0.978141 0.459891
vt 0.977805 0.460076
vt 0.976372 0.443676
vt 0.977636 0.451843
vt 0.976943 0.443660
vt 0.978231 0.451845
vt 0.978948 0.460045
vt 0.978219 0.318356
vt 0.977816 0.325909
vt 0.977881 0.318172
vt 0.978351 0.325948
vt 0.977209 0.325917
vt 0.977077 0.318325
vt 0.945204 0.173674
vt 0.947494 0.157346
vt 0.947990 0.157348
vt 0.944863 0.173672
vt 0.944212 0.173670
vt 0.946998 0.157344
vt 0.933329 0.350904
vt 0.938214 0.367234
vt 0.936114 0.367230
vt 0.935583 0.350909
vt 0.937527 0.350913
vt 0.940313 0.367239
vt 0.024807 0.961352
vt 0.024670 0.968216
vt 0.022219 0.961354
vt 0.021992 0.968184
vt 0.019705 0.961390
vt 0.019842 0.954527
vt 0.964125 0.909060
vt 0.967438 0.901702
vt 0.965604 0.894356
vt 0.964865 0.901708
vt 0.968154 0.894362
vt 0.969964 0.901720
vt 0.024077 0.974898
vt 0.023485 0.981580
vt 0.021513 0.974912
vt 0.020933 0.981599
vt 0.018974 0.974936
vt 0.019567 0.968254
vt 0.616665 0.804964
vt 0.609378 0.788002
vt 0.616470 0.786831
vt 0.609583 0.805190
vt 0.602267 0.789225
vt 0.601845 0.773119
vt 0.608963 0.770894
vt 0.616081 0.768669
vt 0.608963 0.840020
vt 0.616470 0.823264
vt 0.616081 0.841763
vt 0.601845 0.838277
vt 0.609378 0.822554
vt 0.602267 0.821804
vt 0.643785 0.847094
vt 0.637384 0.825058
vt 0.644350 0.825599
vt 0.629969 0.844559
vt 0.636877 0.845827
vt 0.630441 0.824495
vt 0.637635 0.804403
vt 0.644915 0.804103
vt 0.644353 0.783087
vt 0.630441 0.784846
vt 0.637386 0.783960
vt 0.629970 0.765171
vt 0.636881 0.763621
vt 0.643791 0.762070
vt 0.623025 0.843161
vt 0.623481 0.823899
vt 0.623691 0.804758
vt 0.630659 0.804578
vt 0.623482 0.785794
vt 0.623026 0.766920
vt 0.977676 0.467665
vt 0.977547 0.475253
vt 0.978211 0.467625
vt 0.978819 0.467633
vt 0.978690 0.475222
vt 0.979632 0.301959
vt 0.978378 0.310125
vt 0.979061 0.301944
vt 0.978926 0.310158
vt 0.977784 0.310127
vt 0.978490 0.301928
vt 0.550807 0.842918
vt 0.553979 0.821616
vt 0.554450 0.821618
vt 0.547163 0.864218
vt 0.550539 0.842917
vt 0.548717 0.864218
vt 0.549866 0.842915
vt 0.553509 0.821615
vt 0.550539 0.885521
vt 0.550807 0.885523
vt 0.553979 0.906826
vt 0.553509 0.906825
vt 0.549866 0.885520
vt 0.546223 0.864215
vt 0.084317 0.851707
vt 0.082974 0.876870
vt 0.082971 0.851769
vt 0.084317 0.901902
vt 0.084323 0.876823
vt 0.081625 0.902026
vt 0.081646 0.876946
vt 0.081625 0.851831
vt 0.080359 0.877058
vt 0.080354 0.851957
vt 0.079082 0.902278
vt 0.079117 0.877196
vt 0.079082 0.852082
vt 0.077943 0.877368
vt 0.077935 0.852267
vt 0.076787 0.902647
vt 0.076834 0.877564
vt 0.076787 0.852452
vt 0.075812 0.877788
vt 0.075807 0.852689
vt 0.074827 0.903121
vt 0.074827 0.878023
vt 0.074827 0.852925
vt 0.182156 0.831151
vt 0.181025 0.856260
vt 0.181029 0.830981
vt 0.182156 0.881707
vt 0.182156 0.856429
vt 0.179901 0.881367
vt 0.179865 0.856104
vt 0.179901 0.830812
vt 0.178638 0.855974
vt 0.178644 0.830693
vt 0.177387 0.881130
vt 0.177364 0.855868
vt 0.177387 0.830575
vt 0.176045 0.855793
vt 0.176048 0.830512
vt 0.174709 0.881005
vt 0.174701 0.855744
vt 0.174709 0.830450
vt 0.173340 0.855727
vt 0.173340 0.830446
vt 0.171971 0.880997
vt 0.171977 0.855735
vt 0.171971 0.830441
vt 0.170627 0.855776
vt 0.170625 0.830496
vt 0.169278 0.881105
vt 0.169299 0.855843
vt 0.169278 0.830550
vt 0.168011 0.855941
vt 0.168006 0.830660
vt 0.166734 0.881326
vt 0.166768 0.856063
vt 0.166734 0.830771
vt 0.165593 0.856214
vt 0.165585 0.830934
vt 0.164436 0.881652
vt 0.164482 0.856387
vt 0.164436 0.831096
vt 0.163459 0.856584
vt 0.163454 0.831305
vt 0.162472 0.882069
vt 0.162472 0.856791
vt 0.162472 0.831513
vt 0.672825 0.195104
vt 0.671707 0.220577
vt 0.671710 0.194982
vt 0.672825 0.246292
vt 0.672825 0.220698
vt 0.670596 0.246047
vt 0.670559 0.220463
vt 0.670596 0.194859
vt 0.669342 0.220368
vt 0.669348 0.194772
vt 0.668100 0.245873
vt 0.668076 0.220290
vt 0.668100 0.194685
vt 0.666762 0.220234
vt 0.666766 0.194638
vt 0.665432 0.245778
vt 0.665422 0.220196
vt 0.665432 0.194590
vt 0.664063 0.220180
vt 0.664063 0.194584
vt 0.662695 0.245765
vt 0.662700 0.220183
vt 0.662695 0.194577
vt 0.661347 0.220208
vt 0.661344 0.194612
vt 0.659994 0.245835
vt 0.660013 0.220252
vt 0.659994 0.194647
vt 0.658719 0.220318
vt 0.658714 0.194722
vt 0.657433 0.245984
vt 0.657466 0.220401
vt 0.657433 0.194796
vt 0.656280 0.220504
vt 0.656272 0.194908
vt 0.655111 0.246208
vt 0.655156 0.220623
vt 0.655111 0.195020
vt 0.654118 0.220760
vt 0.654113 0.195165
vt 0.653116 0.246497
vt 0.653116 0.220903
vt 0.653116 0.195309
vt 0.323838 0.828680
vt 0.322834 0.853775
vt 0.322839 0.828479
vt 0.323838 0.879270
vt 0.323838 0.853975
vt 0.321839 0.878866
vt 0.321793 0.853584
vt 0.321839 0.828277
vt 0.320668 0.853419
vt 0.320676 0.828121
vt 0.319513 0.878555
vt 0.319480 0.853275
vt 0.319513 0.827965
vt 0.318226 0.853159
vt 0.318231 0.827862
vt 0.316950 0.878347
vt 0.316930 0.853068
vt 0.316950 0.827758
vt 0.315596 0.853008
vt 0.315599 0.827710
vt 0.314248 0.878251
vt 0.314243 0.852973
vt 0.314248 0.827662
vt 0.312880 0.852970
vt 0.312879 0.827672
vt 0.311511 0.878271
vt 0.311521 0.852992
vt 0.311511 0.827682
vt 0.310181 0.853047
vt 0.310178 0.827749
vt 0.308845 0.878405
vt 0.308869 0.853126
vt 0.308845 0.827816
vt 0.307604 0.853235
vt 0.307598 0.827938
vt 0.306351 0.878649
vt 0.306389 0.853368
vt 0.306351 0.828060
vt 0.305243 0.853528
vt 0.305239 0.828232
vt 0.304126 0.878993
vt 0.304126 0.853699
vt 0.304126 0.828404
vt 0.094508 0.852506
vt 0.093376 0.877414
vt 0.093379 0.852314
vt 0.094508 0.902701
vt 0.094508 0.877604
vt 0.092250 0.902318
vt 0.092214 0.877236
vt 0.092250 0.852122
vt 0.090986 0.877090
vt 0.090992 0.851989
vt 0.089734 0.902051
vt 0.089711 0.876971
vt 0.089734 0.851855
vt 0.899853 0.910970
vt 0.900644 0.913578
vt 0.900120 0.912313
vt 0.899586 0.908258
vt 0.899586 0.909627
vt 0.899853 0.905547
vt 0.899586 0.908258
vt 0.899586 0.906889
vt 0.900644 0.902939
vt 0.900120 0.904204
vt 0.901927 0.900535
vt 0.901167 0.901674
vt 0.903654 0.898429
vt 0.902687 0.899397
vt 0.905758 0.896700
vt 0.904621 0.897461
vt 0.908159 0.895415
vt 0.906896 0.895939
vt 0.910764 0.894624
vt 0.909423 0.894891
vt 0.913474 0.894356
vt 0.912106 0.894356
vt 0.916183 0.894623
vt 0.914842 0.894356
vt 0.918788 0.895414
vt 0.917525 0.894890
vt 0.921189 0.896698
vt 0.920052 0.895937
vt 0.923294 0.898426
vt 0.922326 0.897458
vt 0.925021 0.900532
vt 0.923294 0.898426
vt 0.924261 0.899394
vt 0.926304 0.902936
vt 0.925781 0.901671
vt 0.927094 0.905543
vt 0.926304 0.902936
vt 0.926827 0.904200
vt 0.927361 0.908255
vt 0.927361 0.906886
vt 0.927094 0.910967
vt 0.927361 0.909624
vt 0.926304 0.913575
vt 0.926827 0.912310
vt 0.925021 0.915978
vt 0.925781 0.914840
vt 0.923294 0.918085
vt 0.924261 0.917116
vt 0.921189 0.919814
vt 0.922327 0.919053
vt 0.918788 0.921098
vt 0.920052 0.920574
vt 0.916183 0.921890
vt 0.918788 0.921098
vt 0.917525 0.921623
vt 0.913474 0.922157
vt 0.914842 0.922157
vt 0.910765 0.921890
vt 0.912106 0.922157
vt 0.908159 0.921100
vt 0.909423 0.921624
vt 0.905758 0.919816
vt 0.906896 0.920576
vt 0.903654 0.918087
vt 0.904621 0.919055
vt 0.901927 0.915981
vt 0.902687 0.917119
vt 0.901167 0.914843
vt 0.088391 0.876886
vt 0.088394 0.851785
vt 0.087055 0.901910
vt 0.087047 0.876831
vt 0.087055 0.851715
vt 0.085686 0.876812
vt 0.085686 0.851711
vt 0.862555 0.910968
vt 0.862822 0.908256
vt 0.862822 0.909625
vt 0.861765 0.913576
vt 0.862555 0.910968
vt 0.862288 0.912311
vt 0.860481 0.915979
vt 0.861241 0.914841
vt 0.858754 0.918086
vt 0.860481 0.915979
vt 0.859721 0.917118
vt 0.856649 0.919814
vt 0.857787 0.919054
vt 0.854248 0.921099
vt 0.855512 0.920575
vt 0.851643 0.921890
vt 0.852984 0.921623
vt 0.848933 0.922157
vt 0.850301 0.922157
vt 0.846224 0.921890
vt 0.847566 0.922157
vt 0.843619 0.921099
vt 0.844882 0.921623
vt 0.841218 0.919814
vt 0.842355 0.920575
vt 0.839113 0.918086
vt 0.841217 0.919814
vt 0.840080 0.919054
vt 0.837386 0.915979
vt 0.838146 0.917118
vt 0.836103 0.913576
vt 0.836626 0.914841
vt 0.835312 0.910968
vt 0.835579 0.912311
vt 0.835045 0.908256
vt 0.835046 0.909626
vt 0.835312 0.905545
vt 0.835045 0.908257
vt 0.835046 0.906887
vt 0.836103 0.902937
vt 0.835579 0.904202
vt 0.837386 0.900534
vt 0.836103 0.902937
vt 0.836626 0.901672
vt 0.839114 0.898427
vt 0.837386 0.900534
vt 0.838146 0.899395
vt 0.841218 0.896699
vt 0.840081 0.897459
vt 0.843619 0.895414
vt 0.841218 0.896699
vt 0.842356 0.895938
vt 0.846225 0.894623
vt 0.844883 0.894890
vt 0.848934 0.894356
vt 0.847566 0.894356
vt 0.851644 0.894623
vt 0.850302 0.894356
vt 0.854249 0.895414
vt 0.852985 0.894890
vt 0.856650 0.896698
vt 0.855513 0.895938
vt 0.858755 0.898427
vt 0.857787 0.897459
vt 0.860482 0.900534
vt 0.859722 0.899395
vt 0.861765 0.902937
vt 0.860482 0.900534
vt 0.861242 0.901672
vt 0.862555 0.905545
vt 0.862288 0.904202
vt 0.862822 0.906887
vt 0.122419 0.765565
vt 0.100374 0.751659
vt 0.124063 0.757205
vt 0.076184 0.750436
vt 0.099797 0.757519
vt 0.076242 0.745785
vt 0.100926 0.745463
vt 0.125708 0.748844
vt 0.052387 0.743003
vt 0.031275 0.735237
vt 0.051380 0.739295
vt 0.026083 0.732442
vt 0.050324 0.735388
vt 0.076251 0.740865
vt 0.076678 0.735829
vt 0.026083 0.726003
vt 0.051621 0.731168
vt 0.031275 0.722358
vt 0.052864 0.726983
vt 0.077011 0.730729
vt 0.100935 0.739685
vt 0.124735 0.743063
vt 0.100793 0.733829
vt 0.123762 0.737282
vt 0.100878 0.727355
vt 0.124401 0.728776
vt 0.076753 0.725582
vt 0.100970 0.720763
vt 0.125040 0.720270
vt 0.051640 0.723183
vt 0.025940 0.720418
vt 0.050364 0.719320
vt 0.076455 0.720373
vt 0.051445 0.714964
vt 0.076656 0.715148
vt 0.025619 0.714321
vt 0.030633 0.710164
vt 0.052490 0.710817
vt 0.076806 0.710220
vt 0.100843 0.714579
vt 0.124423 0.713485
vt 0.100647 0.708863
vt 0.123807 0.706701
vt 0.100528 0.703733
vt 0.124047 0.701455
vt 0.076355 0.705810
vt 0.100377 0.698707
vt 0.124288 0.696209
vt 0.051098 0.707570
vt 0.025195 0.709147
vt 0.049649 0.704353
vt 0.075849 0.701501
vt 0.050673 0.700247
vt 0.075909 0.696894
vt 0.024566 0.703627
vt 0.029373 0.699125
vt 0.052880 0.695732
vt 0.076386 0.692340
vt 0.123708 0.689740
vt 0.100092 0.693387
vt 0.099752 0.688317
vt 0.123129 0.683272
vt 0.099343 0.684097
vt 0.122937 0.679749
vt 0.075781 0.688435
vt 0.098768 0.679932
vt 0.122745 0.676226
vt 0.944990 0.790595
vt 0.947954 0.814394
vt 0.944990 0.815084
vt 0.944990 0.766105
vt 0.947593 0.787177
vt 0.947231 0.759961
vt 0.950195 0.783760
vt 0.950917 0.813703
vt 0.075176 0.684530
vt 0.048614 0.687372
vt 0.073777 0.680781
vt 0.046779 0.691764
vt 0.022963 0.694331
vt 0.027545 0.689664
vt 0.050569 0.682886
vt 0.073594 0.676108
vt 0.121461 0.669716
vt 0.097845 0.675019
vt 0.096885 0.669657
vt 0.120176 0.663206
vt 0.165811 0.663206
vt 0.187904 0.676254
vt 0.165102 0.665843
vt 0.210879 0.682470
vt 0.188345 0.672838
vt 0.211203 0.686310
vt 0.187501 0.680235
vt 0.164392 0.668480
vt 0.233286 0.691693
vt 0.255694 0.700916
vt 0.235416 0.695963
vt 0.260423 0.705501
vt 0.236388 0.699838
vt 0.211182 0.690316
vt 0.234929 0.702844
vt 0.210603 0.694421
vt 0.259804 0.710915
vt 0.254457 0.711744
vt 0.233531 0.705852
vt 0.210083 0.698574
vt 0.164357 0.676001
vt 0.187201 0.685395
vt 0.186922 0.690615
vt 0.164322 0.683522
vt 0.186594 0.694871
vt 0.163459 0.686373
vt 0.210173 0.702757
vt 0.186436 0.699356
vt 0.162596 0.689223
vt 0.234536 0.709680
vt 0.259373 0.716010
vt 0.235590 0.713652
vt 0.210363 0.707087
vt 0.234342 0.717100
vt 0.210125 0.711642
vt 0.259021 0.722036
vt 0.253755 0.723795
vt 0.233131 0.720508
vt 0.209910 0.716188
vt 0.163732 0.698430
vt 0.186690 0.705298
vt 0.186927 0.711213
vt 0.164869 0.707636
vt 0.186737 0.715634
vt 0.163671 0.710111
vt 0.210188 0.720528
vt 0.186650 0.720091
vt 0.162472 0.712585
vt 0.234309 0.724374
vt 0.258834 0.727573
vt 0.235517 0.728351
vt 0.210520 0.724924
vt 0.234401 0.732088
vt 0.210454 0.729598
vt 0.258763 0.733979
vt 0.253614 0.736606
vt 0.233301 0.735698
vt 0.210378 0.734144
vt 0.164390 0.721990
vt 0.187206 0.726091
vt 0.187712 0.731951
vt 0.166307 0.731395
vt 0.187476 0.735959
vt 0.164646 0.733090
vt 0.210696 0.738196
vt 0.187255 0.739775
vt 0.162985 0.734786
vt 0.234567 0.739317
vt 0.258827 0.739745
vt 0.235847 0.742987
vt 0.211020 0.742175
vt 0.234798 0.746745
vt 0.210958 0.746481
vt 0.259040 0.746284
vt 0.254040 0.749684
vt 0.233751 0.750358
vt 0.210873 0.750643
vt 0.165044 0.742763
vt 0.187793 0.744983
vt 0.188281 0.750030
vt 0.167103 0.750741
vt 0.187897 0.753303
vt 0.165066 0.751521
vt 0.211135 0.754210
vt 0.187481 0.756364
vt 0.163028 0.752302
vt 0.235045 0.753599
vt 0.259352 0.752057
vt 0.236350 0.756859
vt 0.211384 0.757672
vt 0.235345 0.760519
vt 0.211261 0.761507
vt 0.259841 0.758479
vt 0.255018 0.762527
vt 0.234355 0.764015
vt 0.211150 0.765186
vt 0.164892 0.758861
vt 0.187868 0.760712
vt 0.188254 0.764905
vt 0.166756 0.765421
vt 0.187835 0.767465
vt 0.164632 0.765424
vt 0.211439 0.768212
vt 0.187458 0.769960
vt 0.162508 0.765428
vt 0.235717 0.766782
vt 0.260393 0.764034
vt 0.237133 0.769590
vt 0.211786 0.771218
vt 0.236308 0.773223
vt 0.211830 0.774999
vt 0.261152 0.770072
vt 0.256535 0.774604
vt 0.235505 0.776856
vt 0.211603 0.780467
vt 0.164467 0.771530
vt 0.188019 0.774059
vt 0.189015 0.779050
vt 0.166426 0.777632
vt 0.208551 0.963626
vt 0.211150 0.942098
vt 0.210895 0.965183
vt 0.209573 0.919195
vt 0.209062 0.941410
vt 0.211406 0.919014
vt 0.213239 0.942786
vt 0.213239 0.966739
vt 0.212101 0.783493
vt 0.237033 0.779329
vt 0.261948 0.775158
vt 0.238644 0.781728
vt 0.212598 0.786519
vt 0.237995 0.785156
vt 0.213445 0.787959
vt 0.262996 0.780512
vt 0.258630 0.785312
vt 0.236225 0.789495
vt 0.213821 0.793677
vt 0.187535 0.781737
vt 0.165360 0.784164
vt 0.162472 0.776954
vt 0.189311 0.786915
vt 0.191034 0.792525
vt 0.168247 0.791373
vt 0.408490 0.925232
vt 0.410431 0.902938
vt 0.410865 0.926556
vt 0.407309 0.880272
vt 0.407900 0.902752
vt 0.410164 0.878798
vt 0.412920 0.903255
vt 0.413240 0.927880
vt 0.407591 0.856971
vt 0.407872 0.833671
vt 0.410276 0.853482
vt 0.410556 0.827643
vt 0.412920 0.850123
vt 0.412599 0.878630
vt 0.829588 0.470958
vt 0.836693 0.497289
vt 0.835586 0.498272
vt 0.828271 0.447986
vt 0.833447 0.472725
vt 0.832952 0.452328
vt 0.837789 0.474535
vt 0.842626 0.496743
vt 0.829588 0.523587
vt 0.832564 0.545459
vt 0.823590 0.548902
vt 0.835594 0.521461
vt 0.842082 0.519379
vt 0.841538 0.542016
vt 0.363319 0.925287
vt 0.366338 0.902630
vt 0.365504 0.926794
vt 0.363970 0.879710
vt 0.363645 0.902499
vt 0.366826 0.878173
vt 0.369117 0.902834
vt 0.367689 0.928300
vt 0.363645 0.856700
vt 0.363319 0.833690
vt 0.366536 0.853059
vt 0.365901 0.827652
vt 0.369514 0.849491
vt 0.370545 0.877367
vt 0.830127 0.329107
vt 0.837333 0.355397
vt 0.836664 0.356287
vt 0.827951 0.306383
vt 0.833647 0.330957
vt 0.832312 0.310839
vt 0.837668 0.332840
vt 0.843025 0.354841
vt 0.830127 0.381583
vt 0.833658 0.403545
vt 0.823590 0.406880
vt 0.836500 0.379538
vt 0.843376 0.377525
vt 0.843726 0.400210
vt 0.863780 0.717052
vt 0.844213 0.704361
vt 0.866262 0.716088
vt 0.822089 0.696250
vt 0.842934 0.706651
vt 0.821845 0.693571
vt 0.845579 0.701839
vt 0.868745 0.715125
vt 0.800870 0.688886
vt 0.779651 0.681521
vt 0.798755 0.684887
vt 0.775078 0.677057
vt 0.797793 0.681016
vt 0.822413 0.688554
vt 0.822652 0.684709
vt 0.775542 0.671101
vt 0.799095 0.677912
vt 0.780579 0.669607
vt 0.800361 0.674938
vt 0.822892 0.680864
vt 0.601845 0.912346
vt 0.610184 0.933314
vt 0.601845 0.938560
vt 0.601845 0.886131
vt 0.607089 0.909154
vt 0.603993 0.884995
vt 0.612332 0.905963
vt 0.618523 0.928067
vt 0.864970 0.702456
vt 0.845270 0.689579
vt 0.867772 0.701850
vt 0.843931 0.691660
vt 0.822616 0.679074
vt 0.846060 0.686544
vt 0.870574 0.701243
vt 0.799412 0.671557
vt 0.775912 0.665633
vt 0.798483 0.667962
vt 0.822647 0.675648
vt 0.822956 0.671745
vt 0.776291 0.659321
vt 0.799768 0.664662
vt 0.781336 0.656983
vt 0.801040 0.661448
vt 0.823272 0.667862
vt 0.868058 0.693557
vt 0.845657 0.681761
vt 0.845283 0.676908
vt 0.865542 0.685870
vt 0.846094 0.673486
vt 0.868604 0.684488
vt 0.823318 0.664282
vt 0.846835 0.669951
vt 0.871665 0.683105
vt 0.800076 0.658056
vt 0.776553 0.653630
vt 0.799098 0.654542
vt 0.823331 0.660601
vt 0.823555 0.656432
vt 0.776774 0.647172
vt 0.800326 0.650970
vt 0.781778 0.644068
vt 0.801519 0.647441
vt 0.823748 0.652161
vt 0.868594 0.674736
vt 0.846239 0.664712
vt 0.845626 0.659195
vt 0.865523 0.666367
vt 0.846304 0.654760
vt 0.868594 0.662818
vt 0.823665 0.648175
vt 0.846921 0.650306
vt 0.871665 0.659269
vt 0.800429 0.644055
vt 0.776837 0.641432
vt 0.799303 0.640553
vt 0.823532 0.644113
vt 0.823585 0.639617
vt 0.776774 0.635012
vt 0.800381 0.636685
vt 0.781652 0.631228
vt 0.801430 0.632908
vt 0.823607 0.635098
vt 0.868235 0.651088
vt 0.846112 0.644691
vt 0.845282 0.638914
vt 0.864804 0.642907
vt 0.845822 0.633932
vt 0.867829 0.637910
vt 0.823379 0.630958
vt 0.846332 0.628976
vt 0.870854 0.632914
vt 0.800206 0.629676
vt 0.776599 0.629423
vt 0.798951 0.626365
vt 0.823118 0.626785
vt 0.799897 0.622366
vt 0.823042 0.622177
vt 0.776289 0.623305
vt 0.781033 0.618994
vt 0.800814 0.618458
vt 0.822941 0.617587
vt 0.867310 0.625139
vt 0.845412 0.623272
vt 0.844501 0.617569
vt 0.863767 0.617365
vt 0.845039 0.612625
vt 0.867075 0.612478
vt 0.822599 0.613455
vt 0.845510 0.607706
vt 0.870383 0.607592
vt 0.799469 0.615431
vt 0.775927 0.618106
vt 0.798080 0.612367
vt 0.822198 0.609319
vt 0.799011 0.608272
vt 0.821979 0.604643
vt 0.775429 0.612552
vt 0.780036 0.607887
vt 0.801063 0.603651
vt 0.822089 0.599414
vt 0.866484 0.600020
vt 0.844304 0.602021
vt 0.842337 0.595931
vt 0.862585 0.592449
vt 0.879971 0.538617
vt 0.884824 0.519855
vt 0.886904 0.542142
vt 0.879681 0.518085
vt 0.884104 0.497086
vt 0.885419 0.497825
vt 0.889628 0.521746
vt 0.893836 0.545666
vt 0.882919 0.475846
vt 0.879390 0.497553
vt 0.886448 0.454140
vt 0.886443 0.473230
vt 0.890142 0.448892
vt 0.889628 0.470735
vt 0.844612 0.210902
vt 0.846430 0.187027
vt 0.847879 0.210850
vt 0.842727 0.184123
vt 0.844510 0.162808
vt 0.848178 0.168273
vt 0.850251 0.190031
vt 0.852323 0.211789
vt 0.842727 0.235032
vt 0.848184 0.256316
vt 0.840842 0.259162
vt 0.848267 0.233781
vt 0.853924 0.232629
vt 0.855525 0.253469
vt 0.843906 0.113246
vt 0.848146 0.094213
vt 0.851198 0.116913
vt 0.842374 0.092282
vt 0.846882 0.071187
vt 0.848452 0.071872
vt 0.853471 0.096226
vt 0.858490 0.120579
vt 0.845361 0.049805
vt 0.840842 0.071318
vt 0.849880 0.028293
vt 0.849639 0.047425
vt 0.854185 0.023338
vt 0.853471 0.045127
vt 0.896793 0.212028
vt 0.897537 0.187649
vt 0.898980 0.211774
vt 0.894541 0.184686
vt 0.895479 0.162974
vt 0.898668 0.168605
vt 0.900688 0.190749
vt 0.902707 0.212893
vt 0.894541 0.235925
vt 0.898475 0.257000
vt 0.892289 0.259822
vt 0.899036 0.234662
vt 0.903684 0.233536
vt 0.904661 0.254178
vt 0.776030 0.848348
vt 0.779014 0.829202
vt 0.782739 0.852349
vt 0.773267 0.827060
vt 0.777456 0.806031
vt 0.781948 0.806447
vt 0.784078 0.830604
vt 0.789448 0.856349
vt 0.775155 0.784409
vt 0.770504 0.805771
vt 0.779806 0.763047
vt 0.779884 0.782477
vt 0.784492 0.758432
vt 0.783875 0.781675
vt 0.786740 0.783249
vt 0.785610 0.807055
vt 0.790051 0.759170
vt 0.790924 0.764523
vt 0.789521 0.784771
vt 0.789141 0.807595
vt 0.792837 0.853487
vt 0.788114 0.830403
vt 0.791926 0.830114
vt 0.796226 0.850625
vt 0.796158 0.831147
vt 0.801307 0.854108
vt 0.793009 0.807843
vt 0.796863 0.808044
vt 0.800291 0.832128
vt 0.806387 0.857591
vt 0.793156 0.783955
vt 0.795256 0.759717
vt 0.796881 0.783107
vt 0.799936 0.784527
vt 0.800319 0.808436
vt 0.801382 0.760207
vt 0.803175 0.765503
vt 0.802909 0.785895
vt 0.803681 0.808762
vt 0.809010 0.854477
vt 0.803740 0.831658
vt 0.807029 0.831108
vt 0.811632 0.851362
vt 0.810643 0.831833
vt 0.815491 0.854410
vt 0.807288 0.808770
vt 0.810930 0.808730
vt 0.814243 0.832514
vt 0.819350 0.857457
vt 0.806406 0.784891
vt 0.806986 0.760524
vt 0.810007 0.783848
vt 0.813289 0.785096
vt 0.814359 0.808907
vt 0.813443 0.760746
vt 0.816088 0.765947
vt 0.816467 0.786296
vt 0.817706 0.809025
vt 0.821750 0.854189
vt 0.817445 0.831816
vt 0.820567 0.831058
vt 0.824149 0.850920
vt 0.823926 0.831552
vt 0.827547 0.853708
vt 0.821147 0.808814
vt 0.824631 0.808563
vt 0.827322 0.832017
vt 0.830943 0.856496
vt 0.819775 0.785107
vt 0.819232 0.760821
vt 0.823173 0.783880
vt 0.826611 0.784958
vt 0.828072 0.808557
vt 0.825772 0.760767
vt 0.829167 0.765839
vt 0.829948 0.786005
vt 0.831451 0.808514
vt 0.833628 0.853185
vt 0.830543 0.831166
vt 0.833698 0.830275
vt 0.836312 0.849874
vt 0.836906 0.830615
vt 0.839231 0.852467
vt 0.834793 0.808154
vt 0.838229 0.807780
vt 0.840213 0.830947
vt 0.842149 0.855059
vt 0.833052 0.784678
vt 0.831523 0.760597
vt 0.836262 0.783328
vt 0.839902 0.784311
vt 0.841873 0.807735
vt 0.837894 0.760269
vt 0.841910 0.765184
vt 0.843457 0.785330
vt 0.845810 0.808438
vt 0.845397 0.851729
vt 0.843675 0.829964
vt 0.847228 0.828418
vt 0.848645 0.848398
vt 0.162472 0.959041
vt 0.168485 0.940272
vt 0.167130 0.961498
vt 0.167893 0.918833
vt 0.165182 0.938937
vt 0.169840 0.919047
vt 0.171787 0.941607
vt 0.171787 0.963954
vt 0.849325 0.808043
vt 0.846363 0.783948
vt 0.843386 0.759861
vt 0.849305 0.782500
vt 0.852840 0.807648
vt 0.853018 0.783434
vt 0.855774 0.806711
vt 0.849344 0.759272
vt 0.853826 0.764006
vt 0.857297 0.785650
vt 0.860767 0.807294
vt 0.852803 0.830464
vt 0.856767 0.849941
vt 0.852766 0.853281
vt 0.856681 0.828626
vt 0.860767 0.826947
vt 0.860767 0.846601
vt 0.898457 0.850432
vt 0.901884 0.831615
vt 0.903341 0.852561
vt 0.897532 0.811369
vt 0.897994 0.830900
vt 0.901349 0.809599
vt 0.905544 0.832598
vt 0.908226 0.854689
vt 0.900007 0.788451
vt 0.902482 0.765533
vt 0.902891 0.785172
vt 0.905354 0.759675
vt 0.905544 0.782161
vt 0.902861 0.810506
vt 0.901472 0.072318
vt 0.902171 0.047790
vt 0.903745 0.071455
vt 0.898364 0.045350
vt 0.899499 0.023420
vt 0.903743 0.028458
vt 0.906254 0.050406
vt 0.908764 0.072353
vt 0.898364 0.094936
vt 0.900851 0.114911
vt 0.895255 0.117554
vt 0.902847 0.093535
vt 0.907606 0.092311
vt 0.906447 0.112268
vt 0.908430 0.690975
vt 0.912626 0.671439
vt 0.913235 0.693294
vt 0.908641 0.650579
vt 0.908535 0.670777
vt 0.912556 0.648713
vt 0.916583 0.672318
vt 0.918041 0.695612
vt 0.910681 0.627541
vt 0.912722 0.604502
vt 0.913699 0.624030
vt 0.915381 0.598476
vt 0.916583 0.620736
vt 0.915124 0.649023
vt 0.886668 0.356438
vt 0.887233 0.331787
vt 0.888912 0.355886
vt 0.883579 0.329183
vt 0.884505 0.307079
vt 0.888519 0.312230
vt 0.891149 0.334543
vt 0.893779 0.356855
vt 0.883579 0.379634
vt 0.886501 0.400736
vt 0.880491 0.402830
vt 0.888231 0.378615
vt 0.893145 0.377748
vt 0.892511 0.398641
vt 0.106734 0.814942
vt 0.090124 0.800954
vt 0.111107 0.810707
vt 0.068544 0.794704
vt 0.087639 0.804823
vt 0.068682 0.790822
vt 0.092734 0.797183
vt 0.115479 0.806472
vt 0.048044 0.783863
vt 0.027545 0.773022
vt 0.046196 0.779835
vt 0.022963 0.768371
vt 0.045603 0.776290
vt 0.069988 0.787893
vt 0.047411 0.773570
vt 0.070954 0.784737
vt 0.023878 0.762393
vt 0.029373 0.761065
vt 0.049154 0.770871
vt 0.071920 0.781580
vt 0.945529 0.042640
vt 0.950671 0.064785
vt 0.945529 0.066898
vt 0.945529 0.018382
vt 0.949687 0.041640
vt 0.948702 0.018494
vt 0.953845 0.040639
vt 0.955814 0.062673
vt 0.618068 0.696427
vt 0.621747 0.700911
vt 0.616692 0.701223
vt 0.619443 0.691631
vt 0.631736 0.689111
vt 0.636469 0.680356
vt 0.641332 0.686281
vt 0.626802 0.700599
vt 0.611697 0.685871
vt 0.614432 0.690987
vt 0.609422 0.690343
vt 0.613972 0.681400
vt 0.626515 0.681297
vt 0.632855 0.673595
vt 0.607506 0.674276
vt 0.609192 0.679827
vt 0.604411 0.678254
vt 0.610600 0.670298
vt 0.622916 0.672615
vt 0.630627 0.666260
vt 0.605655 0.662086
vt 0.606227 0.667859
vt 0.601853 0.665420
vt 0.609457 0.658752
vt 0.621078 0.663397
vt 0.629871 0.658631
vt 0.606216 0.649771
vt 0.605651 0.655543
vt 0.601845 0.652335
vt 0.610587 0.647207
vt 0.621073 0.653999
vt 0.630618 0.651002
vt 0.629871 0.658631
vt 0.609167 0.637803
vt 0.607488 0.643354
vt 0.604388 0.639501
vt 0.613946 0.636105
vt 0.622900 0.644782
vt 0.632837 0.643667
vt 0.614395 0.626642
vt 0.611665 0.631758
vt 0.609385 0.627411
vt 0.619404 0.625873
vt 0.626488 0.636100
vt 0.636444 0.636906
vt 0.621698 0.616718
vt 0.618024 0.621202
vt 0.616643 0.616531
vt 0.626753 0.616905
vt 0.631701 0.628285
vt 0.641300 0.630981
vt 0.636444 0.636906
vt 0.630797 0.608412
vt 0.626318 0.612092
vt 0.625883 0.607279
vt 0.635710 0.609545
vt 0.638337 0.621640
vt 0.647218 0.626118
vt 0.641300 0.630981
vt 0.641341 0.602043
vt 0.636231 0.604777
vt 0.636751 0.600009
vt 0.645931 0.604076
vt 0.646142 0.616419
vt 0.653971 0.622504
vt 0.652925 0.597855
vt 0.647379 0.599539
vt 0.648828 0.595001
vt 0.657022 0.600708
vt 0.654816 0.612822
vt 0.661300 0.620279
vt 0.653971 0.622504
vt 0.665105 0.596010
vt 0.659336 0.596579
vt 0.661650 0.592449
vt 0.668559 0.599571
vt 0.664025 0.610989
vt 0.668922 0.619528
vt 0.661300 0.620279
vt 0.677411 0.596579
vt 0.671642 0.596010
vt 0.674726 0.592449
vt 0.680096 0.600708
vt 0.673416 0.610989
vt 0.676546 0.620279
vt 0.668922 0.619528
vt 0.689372 0.599539
vt 0.683824 0.597855
vt 0.687551 0.595001
vt 0.691192 0.604076
vt 0.682628 0.612822
vt 0.683877 0.622504
vt 0.676546 0.620279
vt 0.700527 0.604777
vt 0.695413 0.602043
vt 0.699634 0.600009
vt 0.701419 0.609545
vt 0.691306 0.616419
vt 0.690634 0.626118
vt 0.683877 0.622504
vt 0.710446 0.612092
vt 0.705965 0.608412
vt 0.710510 0.607279
vt 0.710381 0.616905
vt 0.699116 0.621640
vt 0.696551 0.630980
vt 0.690634 0.626118
vt 0.718713 0.621201
vt 0.715061 0.616718
vt 0.719741 0.616531
vt 0.717685 0.625871
vt 0.705738 0.628285
vt 0.701365 0.636905
vt 0.724892 0.631754
vt 0.722269 0.626639
vt 0.726853 0.627407
vt 0.722931 0.636100
vt 0.710845 0.636097
vt 0.704835 0.643664
vt 0.701364 0.636905
vt 0.728744 0.643347
vt 0.727204 0.637797
vt 0.731477 0.639493
vt 0.726012 0.647201
vt 0.714212 0.644778
vt 0.706884 0.650999
vt 0.704835 0.643664
vt 0.730382 0.655538
vt 0.729876 0.649765
vt 0.733740 0.652328
vt 0.727023 0.658748
vt 0.715865 0.653995
vt 0.707555 0.658628
vt 0.706884 0.650999
vt 0.729851 0.667853
vt 0.730372 0.662081
vt 0.733720 0.665414
vt 0.725983 0.670292
vt 0.715852 0.663393
vt 0.706866 0.666256
vt 0.727156 0.679820
vt 0.728703 0.674269
vt 0.731423 0.678246
vt 0.722890 0.681394
vt 0.714180 0.672610
vt 0.704811 0.673592
vt 0.706866 0.666256
vt 0.722245 0.690983
vt 0.724849 0.685866
vt 0.726808 0.690337
vt 0.717682 0.691629
vt 0.710822 0.681294
vt 0.701363 0.680354
vt 0.704811 0.673592
vt 0.715098 0.700910
vt 0.718726 0.696425
vt 0.719771 0.701222
vt 0.710425 0.700599
vt 0.705756 0.689110
vt 0.696577 0.686281
vt 0.701363 0.680354
vt 0.706023 0.709217
vt 0.710498 0.705537
vt 0.710570 0.710476
vt 0.701476 0.707959
vt 0.699158 0.695757
vt 0.690672 0.691144
vt 0.696577 0.686281
vt 0.695480 0.715587
vt 0.700590 0.712852
vt 0.699703 0.717745
vt 0.691256 0.713428
vt 0.691355 0.700978
vt 0.683919 0.694758
vt 0.690672 0.691144
vt 0.683895 0.719774
vt 0.689441 0.718091
vt 0.687626 0.722753
vt 0.680164 0.716796
vt 0.682682 0.704574
vt 0.676591 0.696983
vt 0.671716 0.721619
vt 0.677484 0.721051
vt 0.674804 0.725306
vt 0.668628 0.717933
vt 0.673472 0.706408
vt 0.668968 0.697734
vt 0.676591 0.696983
vt 0.659409 0.721051
vt 0.665178 0.721619
vt 0.661728 0.725306
vt 0.657090 0.716796
vt 0.664081 0.706408
vt 0.661345 0.696983
vt 0.668968 0.697734
vt 0.647449 0.718091
vt 0.652997 0.719774
vt 0.648903 0.722753
vt 0.645995 0.713428
vt 0.654870 0.704575
vt 0.654014 0.694758
vt 0.661345 0.696983
vt 0.636294 0.712852
vt 0.641407 0.715587
vt 0.636820 0.717745
vt 0.635768 0.707959
vt 0.646192 0.700978
vt 0.647256 0.691144
vt 0.654014 0.694758
vt 0.626373 0.705537
vt 0.630856 0.709217
vt 0.625944 0.710476
vt 0.638381 0.695757
vt 0.641332 0.686281
vt 0.647256 0.691144
vt 0.112469 0.802610
vt 0.094516 0.787692
vt 0.116604 0.797372
vt 0.092195 0.792095
vt 0.071994 0.777800
vt 0.096946 0.783341
vt 0.120738 0.792135
vt 0.048494 0.767431
vt 0.024566 0.756888
vt 0.047890 0.763876
vt 0.073153 0.774547
vt 0.049568 0.760698
vt 0.073953 0.770878
vt 0.025195 0.750509
vt 0.030633 0.748307
vt 0.051170 0.757539
vt 0.074753 0.767209
vt 0.954805 0.617667
vt 0.959005 0.641413
vt 0.954805 0.642885
vt 0.954805 0.592449
vt 0.958088 0.617004
vt 0.957171 0.592595
vt 0.961370 0.616341
vt 0.963204 0.639941
vt 0.118230 0.787076
vt 0.098137 0.771776
vt 0.121381 0.780207
vt 0.096492 0.777143
vt 0.074601 0.763056
vt 0.099378 0.766695
vt 0.124533 0.773337
vt 0.050307 0.753996
vt 0.025619 0.744757
vt 0.049436 0.750294
vt 0.074902 0.758854
vt 0.050934 0.746649
vt 0.075590 0.754719
vt 0.025940 0.738222
vt 0.123476 0.769451
vt 0.099684 0.762233
vt 0.562324 0.648399
vt 0.560783 0.636177
vt 0.563193 0.639561
vt 0.561455 0.657238
vt 0.548447 0.657750
vt 0.541196 0.675210
vt 0.538782 0.659579
vt 0.558372 0.632793
vt 0.561665 0.677688
vt 0.562028 0.662985
vt 0.562600 0.668732
vt 0.560730 0.686644
vt 0.549008 0.679182
vt 0.541218 0.693595
vt 0.562371 0.705499
vt 0.561529 0.693384
vt 0.562327 0.700124
vt 0.562414 0.710874
vt 0.549186 0.701183
vt 0.541743 0.709820
vt 0.562346 0.727688
vt 0.562804 0.717385
vt 0.563193 0.723896
vt 0.561498 0.731481
vt 0.549484 0.719065
vt 0.540431 0.723643
vt 0.541743 0.709820
vt 0.554348 0.748447
vt 0.558974 0.738663
vt 0.556450 0.745845
vt 0.552245 0.751049
vt 0.545015 0.735200
vt 0.534123 0.736246
vt 0.537391 0.766071
vt 0.546115 0.757833
vt 0.539984 0.764618
vt 0.534798 0.767524
vt 0.533826 0.749370
vt 0.522915 0.746560
vt 0.534123 0.736246
vt 0.515722 0.777608
vt 0.526485 0.772352
vt 0.518172 0.777179
vt 0.513271 0.778038
vt 0.518108 0.759583
vt 0.509182 0.753160
vt 0.522915 0.746560
vt 0.493346 0.782809
vt 0.504227 0.780596
vt 0.495182 0.783155
vt 0.491510 0.782462
vt 0.500987 0.765004
vt 0.495499 0.756058
vt 0.474610 0.783633
vt 0.483557 0.783423
vt 0.475605 0.784385
vt 0.473615 0.782881
vt 0.485674 0.766620
vt 0.484063 0.756616
vt 0.460321 0.783620
vt 0.467123 0.783866
vt 0.460631 0.784851
vt 0.460012 0.782388
vt 0.473608 0.766752
vt 0.475034 0.756381
vt 0.447929 0.782775
vt 0.453999 0.783410
vt 0.447986 0.784433
vt 0.447872 0.781118
vt 0.463586 0.766168
vt 0.466721 0.755332
vt 0.475034 0.756381
vt 0.433558 0.779091
vt 0.440458 0.780991
vt 0.433045 0.780864
vt 0.434070 0.777317
vt 0.452921 0.763906
vt 0.457399 0.752767
vt 0.466721 0.755332
vt 0.416683 0.773180
vt 0.424774 0.776093
vt 0.415477 0.774869
vt 0.417889 0.771491
vt 0.440563 0.759837
vt 0.446797 0.748794
vt 0.457399 0.752767
vt 0.398906 0.765001
vt 0.407456 0.768942
vt 0.397023 0.766393
vt 0.400790 0.763610
vt 0.427174 0.754042
vt 0.435998 0.743300
vt 0.446797 0.748794
vt 0.383654 0.753619
vt 0.391043 0.759178
vt 0.381296 0.754746
vt 0.386013 0.752492
vt 0.414894 0.746034
vt 0.426889 0.735661
vt 0.373486 0.737994
vt 0.378664 0.746184
vt 0.371316 0.739877
vt 0.375657 0.736112
vt 0.405844 0.735001
vt 0.420574 0.724916
vt 0.426889 0.735661
vt 0.367725 0.717060
vt 0.370572 0.728640
vt 0.365488 0.721168
vt 0.369962 0.712951
vt 0.400208 0.719925
vt 0.417114 0.710494
vt 0.420574 0.724916
vt 0.365940 0.691996
vt 0.366641 0.705307
vt 0.363319 0.697663
vt 0.368560 0.686329
vt 0.397812 0.701015
vt 0.416198 0.693847
vt 0.417114 0.710495
vt 0.366872 0.665832
vt 0.366264 0.678888
vt 0.363968 0.671447
vt 0.369775 0.660217
vt 0.397991 0.680591
vt 0.417696 0.676949
vt 0.416198 0.693847
vt 0.374652 0.639637
vt 0.369548 0.652555
vt 0.369321 0.644893
vt 0.379983 0.634380
vt 0.402418 0.660272
vt 0.424347 0.660611
vt 0.417696 0.676949
vt 0.392183 0.616711
vt 0.382878 0.627189
vt 0.385774 0.619997
vt 0.398592 0.613424
vt 0.414094 0.641726
vt 0.435854 0.647014
vt 0.424347 0.660611
vt 0.412631 0.599634
vt 0.402409 0.607595
vt 0.406226 0.601766
vt 0.419036 0.597501
vt 0.429415 0.627434
vt 0.448528 0.636778
vt 0.435854 0.647014
vt 0.430384 0.587732
vt 0.422252 0.592758
vt 0.425469 0.588015
vt 0.435300 0.587449
vt 0.443878 0.617142
vt 0.459188 0.630232
vt 0.444212 0.582105
vt 0.437851 0.584142
vt 0.440402 0.580834
vt 0.448023 0.583377
vt 0.455306 0.611588
vt 0.467722 0.627331
vt 0.459188 0.630232
vt 0.456223 0.580719
vt 0.450424 0.581104
vt 0.452824 0.578831
vt 0.459622 0.582606
vt 0.464877 0.609778
vt 0.475392 0.626765
vt 0.467722 0.627331
vt 0.468042 0.581791
vt 0.462347 0.580933
vt 0.465073 0.579259
vt 0.471012 0.584322
vt 0.474035 0.610127
vt 0.482891 0.627847
vt 0.479821 0.585256
vt 0.474328 0.583051
vt 0.477644 0.581779
vt 0.481998 0.588733
vt 0.483137 0.612344
vt 0.490421 0.630411
vt 0.482891 0.627847
vt 0.492827 0.589974
vt 0.486087 0.587752
vt 0.490176 0.586770
vt 0.495478 0.593178
vt 0.492783 0.615907
vt 0.499285 0.633344
vt 0.490422 0.630411
vt 0.509087 0.594604
vt 0.500845 0.592390
vt 0.506211 0.591602
vt 0.511963 0.597606
vt 0.504709 0.619493
vt 0.509871 0.636523
vt 0.526945 0.601022
vt 0.517625 0.597457
vt 0.523287 0.597309
vt 0.530602 0.604734
vt 0.518192 0.624012
vt 0.521380 0.641266
vt 0.509871 0.636523
vt 0.543812 0.611108
vt 0.535484 0.605533
vt 0.540366 0.606332
vt 0.547258 0.615884
vt 0.531689 0.631113
vt 0.531744 0.648571
vt 0.556638 0.626003
vt 0.551081 0.617548
vt 0.554903 0.619212
vt 0.542601 0.641755
vt 0.538782 0.659579
vt 0.026526 0.901964
vt 0.023909 0.902152
vt 0.021490 0.902462
vt 0.019362 0.902884
vt 0.237477 0.881537
vt 0.235092 0.881249
vt 0.232496 0.881068
vt 0.229788 0.881001
vt 0.227073 0.881051
vt 0.224454 0.881216
vt 0.222033 0.881489
vt 0.219902 0.881860
vt 0.615237 0.246170
vt 0.612875 0.245960
vt 0.610293 0.245826
vt 0.607590 0.245772
vt 0.604871 0.245800
vt 0.602241 0.245910
vt 0.599799 0.246096
vt 0.597640 0.246353
vt 0.728301 0.245984
vt 0.726138 0.245626
vt 0.723694 0.245367
vt 0.721061 0.245215
vt 0.718342 0.245177
vt 0.715641 0.245254
vt 0.713061 0.245443
vt 0.710701 0.245737
vt 0.036934 0.902510
vt 0.034547 0.902184
vt 0.309951 0.929935
vt 0.031949 0.901981
vt 0.029241 0.901906
vt 0.784393 0.908257
vt 0.561319 0.419591
vt 0.612306 0.096333
vt 0.626653 0.065627
vt 0.632962 0.112225
vt 0.636039 0.119972
vt 0.547165 0.419139
vt 0.784662 0.421003
vt 0.674802 0.140392
vt 0.644316 0.125807
vt 0.652615 0.126081
vt 0.690998 0.119464
vt 0.698713 0.116429
vt 0.770313 0.422162
vt 0.718905 0.077955
vt 0.021769 0.493060
vt 0.933389 0.507331
vt 0.558566 0.135055
vt 0.656409 0.033896
vt 0.686891 0.047980
vt 0.678591 0.047628
vt 0.640208 0.054245
vt 0.457290 0.821615
vt 0.068090 0.154838
vt 0.690998 0.119464
vt 0.632962 0.112225
vt 0.628086 0.093285
vt 0.626339 0.073880
vt 0.678591 0.047628
vt 0.108664 0.942176
vt 0.266105 0.115749
vt 0.284295 0.068392
vt 0.619054 0.397945
vt 0.303351 0.288619
vt 0.285482 0.276861
vt 0.283072 0.219546
vt 0.266949 0.264848
vt 0.177907 0.389777
vt 0.041319 0.153929
vt 0.502540 0.138471
vt 0.936114 0.301928
vt 0.254412 0.918833
vt 0.061710 0.977376
vt 0.073739 0.429743
vt 0.093009 0.461603
vt 0.323518 0.723454
vt 0.681679 0.874989
vt 0.264080 0.578728
vt 0.778152 0.201137
vt 0.771348 0.256933
vt 0.683173 0.802922
vt 0.501346 0.904648
vt 0.947990 0.222648
vt 0.978490 0.348197
vt 0.977515 0.443644
vt 0.970703 0.894368
vt 0.018382 0.981618
vt 0.602688 0.805331
vt 0.554450 0.906827
vt 0.082971 0.901964
vt 0.080354 0.902152
vt 0.077935 0.902462
vt 0.075807 0.902884
vt 0.181029 0.881537
vt 0.178644 0.881249
vt 0.176048 0.881068
vt 0.173340 0.881001
vt 0.170625 0.881051
vt 0.168006 0.881216
vt 0.165585 0.881489
vt 0.163454 0.881860
vt 0.671710 0.246170
vt 0.669348 0.245960
vt 0.666766 0.245826
vt 0.664063 0.245772
vt 0.661344 0.245800
vt 0.658714 0.245910
vt 0.656272 0.246096
vt 0.654113 0.246353
vt 0.322839 0.879068
vt 0.320676 0.878711
vt 0.318231 0.878451
vt 0.315599 0.878299
vt 0.312879 0.878261
vt 0.310178 0.878338
vt 0.307598 0.878527
vt 0.305239 0.878821
vt 0.093379 0.902510
vt 0.090992 0.902184
vt 0.913474 0.908257
vt 0.088394 0.901981
vt 0.085686 0.901906
vt 0.848934 0.908257
vt 0.020891 0.729647
vt 0.020605 0.718478
vt 0.019758 0.708129
vt 0.949472 0.753816
vt 0.018382 0.698997
vt 0.265152 0.710085
vt 0.264288 0.720277
vt 0.263912 0.731351
vt 0.264039 0.742884
vt 0.264665 0.754430
vt 0.265769 0.765540
vt 0.213239 0.918833
vt 0.267362 0.775713
vt 0.413240 0.821615
vt 0.823590 0.443644
vt 0.368482 0.821615
vt 0.823590 0.301928
vt 0.770504 0.672594
vt 0.606142 0.883859
vt 0.771246 0.661658
vt 0.771770 0.650276
vt 0.771896 0.638796
vt 0.771546 0.627617
vt 0.770822 0.617217
vt 0.893836 0.443644
vt 0.840842 0.157344
vt 0.858490 0.018382
vt 0.892289 0.157344
vt 0.789178 0.753816
vt 0.799588 0.754910
vt 0.810798 0.755544
vt 0.822376 0.755694
vt 0.833878 0.755354
vt 0.171787 0.919260
vt 0.844863 0.754538
vt 0.908226 0.753817
vt 0.895255 0.018382
vt 0.918041 0.592449
vt 0.880491 0.301928
vt 0.018382 0.763720
vt 0.951876 0.018605
vt 0.669581 0.658408
vt 0.019758 0.752711
vt 0.959537 0.592742
vt 0.020605 0.741206
vt 0.500028 0.705274
s 1
f 1/1/1 1879/2/1729 651/3/595
f 2/4/2 1879/2/1729 653/5/597
f 1879/2/1729 4/6/4 654/7/598
f 1879/2/1729 3/8/3 651/3/595
f 3/8/3 1880/9/1730 655/10/599
f 4/6/4 1880/9/1730 654/7/598
f 1880/9/1730 6/11/6 657/12/601
f 1880/9/1730 5/13/5 655/10/599
f 5/13/5 1881/14/1731 658/15/602
f 6/11/6 1881/14/1731 657/12/601
f 1881/14/1731 8/16/8 660/17/604
f 1881/14/1731 7/18/7 658/15/602
f 7/18/7 1882/19/1732 661/20/605
f 8/16/8 1882/19/1732 660/17/604
f 1882/19/1732 10/21/10 663/22/607
f 1882/19/1732 9/23/9 661/20/605
f 9/24/9 1883/25/1733 664/26/608
f 10/27/10 1883/25/1733 663/28/607
f 1883/25/1733 12/29/12 666/30/610
f 1883/25/1733 11/31/11 664/26/608
f 11/31/11 1884/32/1734 667/33/611
f 12/29/12 1884/32/1734 666/30/610
f 1884/32/1734 14/34/14 669/35/613
f 1884/32/1734 13/36/13 667/33/611
f 13/36/13 1885/37/1735 670/38/614
f 14/34/14 1885/37/1735 669/35/613
f 1885/37/1735 16/39/16 672/40/616
f 1885/37/1735 15/41/15 670/38/614
f 15/41/15 1886/42/1736 673/43/617
f 16/39/16 1886/42/1736 672/40/616
f 1886/42/1736 18/44/18 675/45/619
f 1886/42/1736 17/46/17 673/43/617
f 17/46/17 1887/47/1737 676/48/620
f 18/44/18 1887/47/1737 675/45/619
f 1887/47/1737 20/49/20 678/50/622
f 1887/47/1737 19/51/19 676/48/620
f 19/51/19 1888/52/1738 679/53/623
f 20/49/20 1888/52/1738 678/50/622
f 1888/52/1738 22/54/22 681/55/625
f 1888/52/1738 21/56/21 679/53/623
f 21/56/21 1889/57/1739 682/58/626
f 22/54/22 1889/57/1739 681/55/625
f 1889/57/1739 24/59/24 684/60/628
f 1889/57/1739 23/61/23 682/58/626
f 23/61/23 1890/62/1740 685/63/629
f 24/59/24 1890/62/1740 684/60/628
f 1890/62/1740 26/64/26 687/65/631
f 1890/62/1740 25/66/25 685/63/629
f 25/67/25 1891/68/1741 688/69/632
f 26/70/26 1891/68/1741 687/71/631
f 1891/68/1741 28/72/28 690/73/634
f 1891/68/1741 27/74/27 688/69/632
f 27/74/27 1892/75/1742 691/76/635
f 28/72/28 1892/75/1742 690/73/634
f 1892/75/1742 30/77/30 693/78/637
f 1892/75/1742 29/79/29 691/76/635
f 29/79/29 1893/80/1743 694/81/638
f 30/77/30 1893/80/1743 693/78/637
f 1893/80/1743 32/82/32 696/83/640
f 1893/80/1743 31/84/31 694/81/638
f 31/84/31 1894/85/1744 697/86/641
f 32/82/32 1894/85/1744 696/83/640
f 1894/85/1744 34/87/34 699/88/643
f 1894/85/1744 33/89/33 697/86/641
f 33/89/33 1895/90/1745 700/91/644
f 34/87/34 1895/90/1745 699/88/643
f 1895/90/1745 36/92/36 702/93/646
f 1895/90/1745 35/94/35 700/91/644
f 35/94/35 1896/95/1746 703/96/647
f 36/92/36 1896/95/1746 702/93/646
f 1896/95/1746 38/97/38 705/98/649
f 1896/95/1746 37/99/37 703/96/647
f 37/99/37 1897/100/1747 706/101/650
f 38/97/38 1897/100/1747 705/98/649
f 1897/100/1747 40/102/40 708/103/652
f 1897/100/1747 39/104/39 706/101/650
f 39/104/39 1898/105/1748 709/106/653
f 40/102/40 1898/105/1748 708/103/652
f 1898/105/1748 42/107/42 711/108/655
f 1898/105/1748 41/109/41 709/106/653
f 41/110/41 1899/111/1749 712/112/656
f 42/113/42 1899/111/1749 711/114/655
f 1899/111/1749 44/115/44 714/116/658
f 1899/111/1749 43/117/43 712/112/656
f 43/117/43 1900/118/1750 715/119/659
f 44/115/44 1900/118/1750 714/116/658
f 1900/118/1750 46/120/46 717/121/661
f 1900/118/1750 45/122/45 715/119/659
f 45/122/45 1901/123/1751 718/124/662
f 46/120/46 1901/123/1751 717/121/661
f 1901/123/1751 48/125/48 720/126/664
f 1901/123/1751 47/127/47 718/124/662
f 47/127/47 1902/128/1752 721/129/665
f 48/125/48 1902/128/1752 720/126/664
f 1902/128/1752 50/130/50 723/131/667
f 1902/128/1752 49/132/49 721/129/665
f 49/132/49 1903/133/1753 724/134/668
f 50/130/50 1903/133/1753 723/131/667
f 1903/133/1753 52/135/52 726/136/670
f 1903/133/1753 51/137/51 724/134/668
f 51/137/51 1904/138/1754 727/139/671
f 52/135/52 1904/138/1754 726/136/670
f 1904/138/1754 54/140/54 729/141/673
f 1904/138/1754 53/142/53 727/139/671
f 53/142/53 1905/143/1755 730/144/674
f 54/140/54 1905/143/1755 729/141/673
f 1905/143/1755 56/145/56 732/146/676
f 1905/143/1755 55/147/55 730/144/674
f 55/147/55 1906/148/1756 733/149/677
f 56/145/56 1906/148/1756 732/146/676
f 1906/148/1756 58/150/58 735/151/679
f 1906/148/1756 57/152/57 733/149/677
f 57/153/57 1907/154/1757 736/155/680
f 58/156/58 1907/154/1757 735/157/679
f 1907/154/1757 60/158/60 738/159/682
f 1907/154/1757 59/160/59 736/155/680
f 59/160/59 1908/161/1758 739/162/683
f 60/158/60 1908/161/1758 738/159/682
f 1908/161/1758 62/163/62 741/164/685
f 1908/161/1758 61/165/61 739/162/683
f 652/166/596 656/167/600 4/168/4
f 746/169/690 652/166/596 2/170/2
f 743/171/687 746/172/690 64/173/64
f 740/174/684 743/171/687 62/175/62
f 737/176/681 740/177/684 60/178/60
f 734/179/678 737/180/681 58/181/58
f 731/182/675 734/183/678 56/184/56
f 728/185/672 731/186/675 54/187/54
f 725/188/669 728/189/672 52/190/52
f 722/191/666 725/188/669 50/192/50
f 719/193/663 722/191/666 48/194/48
f 716/195/660 719/193/663 46/196/46
f 713/197/657 716/195/660 44/198/44
f 710/199/654 713/197/657 42/200/42
f 707/201/651 710/199/654 40/202/40
f 704/203/648 707/204/651 38/205/38
f 701/206/645 704/207/648 36/208/36
f 698/209/642 701/206/645 34/210/34
f 695/211/639 698/209/642 32/212/32
f 692/213/636 695/211/639 30/214/30
f 689/215/633 692/213/636 28/216/28
f 686/217/630 689/218/633 26/219/26
f 683/220/627 686/217/630 24/221/24
f 680/222/624 683/220/627 22/223/22
f 677/224/621 680/225/624 20/226/20
f 674/227/618 677/224/621 18/228/18
f 671/229/615 674/227/618 16/230/16
f 668/231/612 671/229/615 14/232/14
f 665/233/609 668/231/612 12/234/12
f 662/235/606 665/236/609 10/237/10
f 659/238/603 662/235/606 8/239/8
f 656/167/600 659/238/603 6/240/6
f 61/165/61 1910/241/1759 742/242/686
f 62/163/62 1910/241/1759 741/164/685
f 1910/241/1759 64/243/64 744/244/688
f 1910/241/1759 63/245/63 742/242/686
f 63/245/63 1911/246/1760 745/247/689
f 64/243/64 1911/246/1760 744/244/688
f 1911/246/1760 2/4/2 653/5/597
f 1911/246/1760 1/1/1 745/247/689
f 651/248/595 745/249/689 1/250/1
f 655/251/599 651/248/595 3/252/3
f 658/253/602 655/251/599 5/254/5
f 661/255/605 658/256/602 7/257/7
f 664/258/608 661/255/605 9/259/9
f 667/260/611 664/261/608 11/262/11
f 670/263/614 667/260/611 13/264/13
f 673/265/617 670/263/614 15/266/15
f 676/267/620 673/265/617 17/268/17
f 679/269/623 676/267/620 19/270/19
f 682/271/626 679/269/623 21/272/21
f 685/273/629 682/271/626 23/274/23
f 688/275/632 685/273/629 25/276/25
f 691/277/635 688/275/632 27/278/27
f 694/279/638 691/277/635 29/280/29
f 697/281/641 694/279/638 31/282/31
f 700/283/644 697/281/641 33/284/33
f 703/285/647 700/283/644 35/286/35
f 706/287/650 703/285/647 37/288/37
f 709/289/653 706/287/650 39/290/39
f 712/291/656 709/289/653 41/292/41
f 715/293/659 712/294/656 43/295/43
f 718/296/662 715/293/659 45/297/45
f 721/298/665 718/296/662 47/299/47
f 724/300/668 721/301/665 49/302/49
f 727/303/671 724/300/668 51/304/51
f 730/305/674 727/303/671 53/306/53
f 733/307/677 730/305/674 55/308/55
f 736/309/680 733/307/677 57/310/57
f 739/311/683 736/309/680 59/312/59
f 742/313/686 739/311/683 61/314/61
f 745/249/689 742/313/686 63/315/63
f 891/316/835 893/317/837 191/318/191
f 192/319/192 1913/320/1762 891/316/835
f 894/321/838 896/322/840 1913/320/1762
f 1913/320/1762 194/323/194 893/317/837
f 892/324/836 894/325/838 192/326/192
f 193/327/193 1914/328/1763 892/324/836
f 895/329/839 897/330/841 1914/328/1763
f 1914/328/1763 195/331/195 894/325/838
f 194/323/194 1915/332/1764 898/333/842
f 896/322/840 899/334/843 1915/332/1764
f 1915/332/1764 198/335/198 901/336/845
f 898/333/842 901/336/845 197/337/197
f 195/331/195 1916/338/1765 899/339/843
f 897/330/841 900/340/844 1916/338/1765
f 1916/338/1765 199/341/199 902/342/846
f 899/339/843 902/342/846 198/343/198
f 751/344/695 887/345/831 81/346/81
f 88/347/88 1917/348/1766 751/344/695
f 903/349/847 914/350/858 1917/348/1766
f 1917/348/1766 188/351/188 887/345/831
f 752/352/696 903/349/847 88/347/88
f 89/353/89 1918/354/1767 752/352/696
f 904/355/848 891/316/835 1918/354/1767
f 1918/354/1767 191/318/191 903/349/847
f 753/356/697 904/357/848 89/358/89
f 90/359/90 1919/360/1768 753/356/697
f 905/361/849 892/324/836 1919/360/1768
f 1919/360/1768 192/326/192 904/357/848
f 754/362/698 905/361/849 90/359/90
f 66/363/66 1920/364/1769 754/362/698
f 1920/364/1769 91/365/91 906/366/850
f 1920/364/1769 193/327/193 905/361/849
f 906/367/850 895/368/839 193/369/193
f 906/367/850 756/370/700 1921/371/1770
f 1921/371/1770 92/372/92 907/373/851
f 1921/371/1770 196/374/196 895/368/839
f 196/374/196 1922/375/1771 900/376/844
f 92/372/92 1922/375/1771 907/373/851
f 757/377/701 908/378/852 1922/375/1771
f 900/376/844 908/378/852 199/379/199
f 199/341/199 1923/380/1772 909/381/853
f 93/382/93 1923/380/1772 908/378/852
f 1923/380/1772 68/383/68 863/384/807
f 909/381/853 863/384/807 172/385/172
f 198/343/198 1924/386/1773 910/387/854
f 902/342/846 909/381/853 1924/386/1773
f 1924/386/1773 172/385/172 864/388/808
f 910/387/854 864/388/808 173/389/173
f 197/337/197 1925/390/1774 911/391/855
f 901/336/845 910/392/854 1925/390/1774
f 1925/390/1774 173/393/173 865/394/809
f 911/391/855 865/394/809 174/395/174
f 190/396/190 1926/397/1775 890/398/834
f 912/399/856 911/391/855 1926/397/1775
f 1926/397/1775 174/395/174 866/400/810
f 890/398/834 866/400/810 82/401/82
f 189/402/189 1927/403/1776 889/404/833
f 913/405/857 898/406/842 1927/403/1776
f 1927/403/1776 197/407/197 912/408/856
f 889/404/833 912/408/856 190/409/190
f 914/410/858 888/411/832 188/412/188
f 191/318/191 1928/413/1777 914/410/858
f 893/414/837 913/405/857 1928/413/1777
f 1928/413/1777 189/402/189 888/411/832
f 915/415/859 917/416/861 200/417/200
f 201/418/201 1929/419/1778 915/415/859
f 918/420/862 920/421/864 1929/419/1778
f 1929/419/1778 203/422/203 917/416/861
f 916/423/860 918/424/862 201/425/201
f 202/426/202 1930/427/1779 916/423/860
f 919/428/863 921/429/865 1930/427/1779
f 1930/427/1779 204/430/204 918/424/862
f 203/422/203 1931/431/1780 922/432/866
f 920/421/864 923/433/867 1931/431/1780
f 1931/431/1780 207/434/207 925/435/869
f 922/432/866 925/435/869 206/436/206
f 204/430/204 1932/437/1781 923/438/867
f 921/429/865 924/439/868 1932/437/1781
f 1932/437/1781 208/440/208 926/441/870
f 923/438/867 926/441/870 207/442/207
f 866/443/810 883/444/827 82/445/82
f 174/446/174 1933/447/1782 866/443/810
f 927/448/871 938/449/882 1933/447/1782
f 1933/447/1782 185/450/185 883/444/827
f 865/451/809 927/448/871 174/446/174
f 173/452/173 1934/453/1783 865/451/809
f 928/454/872 915/415/859 1934/453/1783
f 1934/453/1783 200/417/200 927/448/871
f 864/388/808 928/455/872 173/389/173
f 172/385/172 1935/456/1784 864/388/808
f 929/457/873 916/423/860 1935/456/1784
f 1935/456/1784 201/425/201 928/455/872
f 863/384/807 929/457/873 172/385/172
f 68/383/68 1936/458/1785 863/384/807
f 1936/458/1785 100/459/100 930/460/874
f 1936/458/1785 202/426/202 929/457/873
f 930/461/874 919/462/863 202/426/202
f 930/461/874 768/463/712 1937/464/1786
f 1937/464/1786 101/465/101 931/466/875
f 1937/464/1786 205/467/205 919/462/863
f 205/467/205 1938/468/1787 924/439/868
f 101/465/101 1938/468/1787 931/466/875
f 769/469/713 932/470/876 1938/468/1787
f 924/439/868 932/470/876 208/471/208
f 208/440/208 1939/472/1788 933/473/877
f 102/474/102 1939/472/1788 932/475/876
f 1939/472/1788 72/476/72 867/477/811
f 933/473/877 867/477/811 175/478/175
f 207/442/207 1940/479/1789 934/480/878
f 926/441/870 933/473/877 1940/479/1789
f 1940/479/1789 175/478/175 868/481/812
f 934/480/878 868/481/812 176/482/176
f 206/483/206 1941/484/1790 935/485/879
f 925/486/869 934/480/878 1941/484/1790
f 1941/484/1790 176/482/176 869/487/813
f 935/485/879 869/487/813 177/488/177
f 187/489/187 1942/490/1791 886/491/830
f 936/492/880 935/493/879 1942/490/1791
f 1942/490/1791 177/494/177 870/495/814
f 886/491/830 870/495/814 83/496/83
f 186/497/186 1943/498/1792 885/499/829
f 937/500/881 922/432/866 1943/498/1792
f 1943/498/1792 206/436/206 936/492/880
f 885/499/829 936/492/880 187/489/187
f 938/501/882 884/502/828 185/503/185
f 200/504/200 1944/505/1793 938/501/882
f 917/506/861 937/507/881 1944/505/1793
f 1944/505/1793 186/508/186 884/502/828
f 939/509/883 941/510/885 209/511/209
f 210/512/210 1945/513/1794 939/509/883
f 942/514/886 944/515/888 1945/513/1794
f 1945/513/1794 212/516/212 941/510/885
f 940/517/884 942/518/886 210/519/210
f 211/520/211 1946/521/1795 940/517/884
f 943/522/887 945/523/889 1946/521/1795
f 1946/521/1795 213/524/213 942/518/886
f 944/515/888 946/525/890 212/516/212
f 213/526/213 1947/527/1796 944/515/888
f 1947/527/1796 216/528/216 949/529/893
f 946/525/890 949/529/893 215/530/215
f 213/524/213 1948/531/1797 947/532/891
f 945/523/889 948/533/892 1948/531/1797
f 1948/531/1797 217/534/217 950/535/894
f 947/532/891 950/535/894 216/536/216
f 870/537/814 879/538/823 83/539/83
f 177/540/177 1949/541/1798 870/537/814
f 951/542/895 962/543/906 1949/541/1798
f 1949/541/1798 183/544/183 879/538/823
f 869/545/813 951/542/895 177/540/177
f 176/546/176 1950/547/1799 869/545/813
f 952/548/896 939/509/883 1950/547/1799
f 1950/547/1799 209/511/209 951/542/895
f 868/481/812 952/549/896 176/482/176
f 175/478/175 1951/550/1800 868/481/812
f 953/551/897 940/517/884 1951/550/1800
f 1951/550/1800 210/519/210 952/549/896
f 867/477/811 953/551/897 175/478/175
f 72/476/72 1952/552/1801 867/477/811
f 1952/552/1801 109/553/109 954/554/898
f 1952/552/1801 211/520/211 953/551/897
f 954/555/898 943/556/887 211/557/211
f 954/555/898 780/558/724 1953/559/1802
f 1953/559/1802 110/560/110 955/561/899
f 1953/559/1802 214/562/214 943/556/887
f 214/562/214 1954/563/1803 948/533/892
f 110/560/110 1954/563/1803 955/561/899
f 781/564/725 956/565/900 1954/563/1803
f 948/533/892 956/565/900 217/566/217
f 217/534/217 1955/567/1804 957/568/901
f 111/569/111 1955/567/1804 956/570/900
f 1955/567/1804 70/571/70 871/572/815
f 957/568/901 871/572/815 178/573/178
f 216/536/216 1956/574/1805 958/575/902
f 950/535/894 957/568/901 1956/574/1805
f 1956/574/1805 178/573/178 872/576/816
f 958/575/902 872/576/816 179/577/179
f 215/530/215 1957/578/1806 959/579/903
f 949/529/893 958/580/902 1957/578/1806
f 1957/578/1806 179/581/179 873/582/817
f 959/579/903 873/582/817 180/583/180
f 215/584/215 1958/585/1807 1357/586/1301
f 959/587/903 1356/588/1300 1958/585/1807
f 1958/585/1807 362/589/362 1345/590/1289
f 1958/585/1807 366/591/366 1357/586/1301
f 180/592/180 1959/593/1808 1356/594/1300
f 84/595/84 1959/593/1808 874/596/818
f 1959/593/1808 359/597/359 1341/598/1285
f 1356/594/1300 1341/598/1285 362/599/362
f 962/543/906 880/600/824 183/544/183
f 209/511/209 1960/601/1809 962/543/906
f 941/510/885 961/602/905 1960/601/1809
f 1960/601/1809 184/603/184 880/600/824
f 963/604/907 965/605/909 218/606/218
f 219/607/219 1961/608/1810 963/604/907
f 966/609/910 968/610/912 1961/608/1810
f 1961/608/1810 221/611/221 965/605/909
f 964/612/908 966/613/910 219/614/219
f 220/615/220 1962/616/1811 964/612/908
f 967/617/911 969/618/913 1962/616/1811
f 1962/616/1811 222/619/222 966/613/910
f 221/611/221 1963/620/1812 970/621/914
f 968/610/912 971/622/915 1963/620/1812
f 1963/620/1812 225/623/225 973/624/917
f 970/621/914 973/624/917 224/625/224
f 222/619/222 1964/626/1813 971/627/915
f 969/618/913 972/628/916 1964/626/1813
f 1964/626/1813 226/629/226 974/630/918
f 971/627/915 974/630/918 225/631/225
f 874/632/818 875/633/819 84/634/84
f 874/632/818 975/635/919 1965/636/1814
f 975/635/919 986/637/930 1965/636/1814
f 1965/636/1814 181/638/181 875/633/819
f 873/639/817 975/635/919 180/640/180
f 179/641/179 1966/642/1815 873/639/817
f 976/643/920 963/604/907 1966/642/1815
f 1966/642/1815 218/606/218 975/635/919
f 872/576/816 976/644/920 179/577/179
f 178/573/178 1967/645/1816 872/576/816
f 977/646/921 964/612/908 1967/645/1816
f 1967/645/1816 219/614/219 976/644/920
f 871/572/815 977/646/921 178/573/178
f 70/571/70 1968/647/1817 871/572/815
f 1968/647/1817 118/648/118 978/649/922
f 1968/647/1817 220/615/220 977/646/921
f 978/650/922 967/651/911 220/652/220
f 978/650/922 792/653/736 1969/654/1818
f 1969/654/1818 119/655/119 979/656/923
f 1969/654/1818 223/657/223 967/651/911
f 223/657/223 1970/658/1819 972/628/916
f 119/655/119 1970/658/1819 979/656/923
f 793/659/737 980/660/924 1970/658/1819
f 972/628/916 980/660/924 226/661/226
f 226/629/226 1971/662/1820 981/663/925
f 120/664/120 1971/662/1820 980/665/924
f 1971/662/1820 66/363/66 754/362/698
f 981/663/925 754/362/698 90/359/90
f 225/631/225 1972/666/1821 982/667/926
f 974/630/918 981/663/925 1972/666/1821
f 1972/666/1821 90/359/90 753/356/697
f 982/667/926 753/356/697 89/358/89
f 224/668/224 1973/669/1822 983/670/927
f 973/671/917 982/667/926 1973/669/1822
f 1973/669/1822 89/358/89 752/672/696
f 983/670/927 752/672/696 88/673/88
f 182/674/182 1974/675/1823 878/676/822
f 984/677/928 983/678/927 1974/675/1823
f 1974/675/1823 88/679/88 751/680/695
f 878/676/822 751/680/695 81/681/81
f 321/682/321 1975/683/1824 1233/684/1177
f 1230/685/1174 1236/686/1180 1975/683/1824
f 1975/683/1824 376/687/376 1367/688/1311
f 1975/683/1824 378/689/378 1233/684/1177
f 224/690/224 1976/691/1825 985/692/929
f 182/693/182 1976/691/1825 984/694/928
f 1376/695/1320 1363/696/1307 1976/691/1825
f 985/692/929 1363/696/1307 375/697/375
f 227/698/227 1977/699/1826 989/700/933
f 987/701/931 990/702/934 1977/699/1826
f 1977/699/1826 231/703/231 992/704/936
f 989/700/933 992/704/936 230/705/230
f 988/706/932 990/702/934 228/707/228
f 229/708/229 1978/709/1827 988/706/932
f 991/710/935 993/711/937 1978/709/1827
f 1978/709/1827 231/703/231 990/702/934
f 992/704/936 994/712/938 230/705/230
f 231/703/231 1979/713/1828 992/704/936
f 995/714/939 997/715/941 1979/713/1828
f 1979/713/1828 233/716/233 994/712/938
f 231/703/231 1980/717/1829 995/714/939
f 993/711/937 996/718/940 1980/717/1829
f 1980/717/1829 235/719/235 998/720/942
f 995/714/939 998/720/942 234/721/234
f 67/722/67 1981/723/1830 747/724/691
f 766/725/710 999/726/943 1981/723/1830
f 1981/723/1830 227/727/227 1010/728/954
f 747/724/691 1010/728/954 85/729/85
f 99/730/99 1982/731/1831 999/732/943
f 765/733/709 1000/734/944 1982/731/1831
f 1982/731/1831 228/707/228 987/701/931
f 999/732/943 987/701/931 227/698/227
f 764/735/708 1000/734/944 98/736/98
f 97/737/97 1983/738/1832 764/735/708
f 1001/739/945 988/706/932 1983/738/1832
f 1983/738/1832 228/707/228 1000/734/944
f 763/740/707 1001/741/945 97/742/97
f 71/743/71 1984/744/1833 763/740/707
f 778/745/722 1002/746/946 1984/744/1833
f 1984/744/1833 229/747/229 1001/741/945
f 1002/748/946 991/710/935 229/708/229
f 108/749/108 1985/750/1834 1002/748/946
f 777/751/721 1003/752/947 1985/750/1834
f 1985/750/1834 232/753/232 991/710/935
f 232/753/232 1986/754/1835 996/718/940
f 1003/752/947 776/755/720 1986/754/1835
f 1986/754/1835 106/756/106 1004/757/948
f 996/718/940 1004/757/948 235/719/235
f 235/758/235 1987/759/1836 1005/760/949
f 1004/761/948 775/762/719 1987/759/1836
f 1987/759/1836 69/763/69 790/764/734
f 1005/760/949 790/764/734 117/765/117
f 234/721/234 1988/766/1837 1006/767/950
f 998/720/942 1005/768/949 1988/766/1837
f 1988/766/1837 117/765/117 789/769/733
f 1006/767/950 789/769/733 116/770/116
f 997/715/941 1007/771/951 233/716/233
f 234/721/234 1989/772/1838 997/715/941
f 1006/767/950 788/773/732 1989/772/1838
f 1989/772/1838 115/774/115 1007/771/951
f 1008/775/952 750/776/694 87/777/87
f 233/778/233 1990/779/1839 1008/775/952
f 1007/780/951 787/781/731 1990/779/1839
f 1990/779/1839 65/782/65 750/776/694
f 1009/783/953 749/784/693 86/785/86
f 230/705/230 1991/786/1840 1009/783/953
f 994/712/938 1008/787/952 1991/786/1840
f 1991/786/1840 87/788/87 749/784/693
f 85/729/85 1992/789/1841 748/790/692
f 1010/791/954 989/700/933 1992/789/1841
f 1992/789/1841 230/705/230 1009/783/953
f 1992/789/1841 86/785/86 748/790/692
f 236/792/236 1993/793/1842 1013/794/957
f 1011/795/955 1014/796/958 1993/793/1842
f 1993/793/1842 240/797/240 1016/798/960
f 1013/794/957 1016/798/960 239/799/239
f 1012/800/956 1014/796/958 237/801/237
f 238/802/238 1994/803/1843 1012/800/956
f 1015/804/959 1017/805/961 1994/803/1843
f 1994/803/1843 240/797/240 1014/796/958
f 1016/798/960 1018/806/962 239/799/239
f 240/797/240 1995/807/1844 1016/798/960
f 1019/808/963 1021/809/965 1995/807/1844
f 1995/807/1844 242/810/242 1018/806/962
f 240/797/240 1996/811/1845 1019/808/963
f 1017/805/961 1020/812/964 1996/811/1845
f 1996/811/1845 244/813/244 1022/814/966
f 1019/808/963 1022/814/966 243/815/243
f 72/476/72 1997/816/1846 779/817/723
f 770/818/714 1023/819/967 1997/816/1846
f 1997/816/1846 236/820/236 1034/821/978
f 779/817/723 1034/821/978 109/553/109
f 102/474/102 1998/822/1847 1023/823/967
f 769/469/713 1024/824/968 1998/822/1847
f 1998/822/1847 237/801/237 1011/795/955
f 1023/823/967 1011/795/955 236/792/236
f 768/825/712 1024/824/968 101/826/101
f 100/827/100 1999/828/1848 768/825/712
f 1025/829/969 1012/800/956 1999/828/1848
f 1999/828/1848 237/801/237 1024/824/968
f 767/830/711 1025/829/969 100/459/100
f 68/383/68 2000/831/1849 767/830/711
f 758/832/702 1026/833/970 2000/831/1849
f 2000/831/1849 238/834/238 1025/829/969
f 1026/833/970 1015/804/959 238/802/238
f 93/835/93 2001/836/1850 1026/833/970
f 757/837/701 1027/838/971 2001/836/1850
f 2001/836/1850 241/839/241 1015/804/959
f 241/839/241 2002/840/1851 1020/812/964
f 1027/838/971 756/841/700 2002/840/1851
f 2002/840/1851 91/842/91 1028/843/972
f 1020/812/964 1028/843/972 244/813/244
f 244/813/244 2003/844/1852 1029/845/973
f 1028/846/972 755/847/699 2003/844/1852
f 2003/844/1852 66/363/66 794/848/738
f 1029/845/973 794/848/738 120/849/120
f 243/815/243 2004/850/1853 1030/851/974
f 1022/814/966 1029/852/973 2004/850/1853
f 2004/850/1853 120/849/120 793/659/737
f 1030/851/974 793/659/737 119/853/119
f 1021/809/965 1031/854/975 242/810/242
f 243/815/243 2005/855/1854 1021/809/965
f 1030/851/974 792/856/736 2005/855/1854
f 2005/855/1854 118/648/118 1031/854/975
f 1032/857/976 782/858/726 111/569/111
f 242/859/242 2006/860/1855 1032/857/976
f 1031/861/975 791/862/735 2006/860/1855
f 2006/860/1855 70/571/70 782/858/726
f 1033/863/977 781/564/725 110/560/110
f 239/799/239 2007/864/1856 1033/863/977
f 1018/806/962 1032/865/976 2007/864/1856
f 2007/864/1856 111/866/111 781/564/725
f 109/553/109 2008/867/1857 780/558/724
f 1034/821/978 1013/794/957 2008/867/1857
f 2008/867/1857 239/799/239 1033/863/977
f 780/558/724 1033/863/977 110/560/110
f 245/868/245 2009/869/1858 1037/870/981
f 1035/871/979 1038/872/982 2009/869/1858
f 2009/869/1858 249/873/249 1040/874/984
f 1037/870/981 1040/874/984 248/875/248
f 1036/876/980 1038/877/982 246/878/246
f 247/879/247 2010/880/1859 1036/876/980
f 1039/881/983 1041/882/985 2010/880/1859
f 1038/877/982 1041/882/985 249/873/249
f 248/875/248 2011/883/1860 1042/884/986
f 1040/874/984 1043/885/987 2011/883/1860
f 2011/883/1860 252/886/252 1045/887/989
f 1042/884/986 1045/887/989 251/888/251
f 249/873/249 2012/889/1861 1043/890/987
f 1041/882/985 1044/891/988 2012/889/1861
f 2012/889/1861 253/892/253 1046/893/990
f 1043/890/987 1046/893/990 252/886/252
f 153/894/153 2013/895/1862 1336/896/1280
f 245/897/245 2013/895/1862 1047/898/991
f 1335/899/1279 1328/900/1272 2013/895/1862
f 1336/896/1280 1328/900/1272 351/901/351
f 153/902/153 2014/903/1863 1047/904/991
f 152/905/152 2014/903/1863 837/906/781
f 2014/903/1863 246/907/246 1035/871/979
f 1047/904/991 1035/871/979 245/868/245
f 836/908/780 1048/909/992 152/905/152
f 151/910/151 2015/911/1864 836/908/780
f 1049/912/993 1036/876/980 2015/911/1864
f 2015/911/1864 246/907/246 1048/909/992
f 835/913/779 1049/912/993 151/910/151
f 76/914/76 2016/915/1865 835/913/779
f 811/916/755 1050/917/994 2016/915/1865
f 2016/915/1865 247/918/247 1049/912/993
f 1050/919/994 1039/881/983 247/879/247
f 133/920/133 2017/921/1866 1050/919/994
f 812/922/756 1051/923/995 2017/921/1866
f 2017/921/1866 250/924/250 1039/881/983
f 250/924/250 2018/925/1867 1044/891/988
f 1051/923/995 813/926/757 2018/925/1867
f 2018/925/1867 135/927/135 1052/928/996
f 1044/891/988 1052/928/996 253/892/253
f 253/892/253 2019/929/1868 1053/930/997
f 1052/931/996 814/932/758 2019/929/1868
f 2019/929/1868 73/933/73 798/934/742
f 1053/930/997 798/934/742 123/935/123
f 252/886/252 2020/936/1869 1054/937/998
f 1046/893/990 1053/930/997 2020/936/1869
f 2020/936/1869 123/935/123 797/938/741
f 1054/937/998 797/938/741 122/939/122
f 251/888/251 2021/940/1870 1055/941/999
f 1045/887/989 1054/937/998 2021/940/1870
f 2021/940/1870 122/939/122 796/942/740
f 1055/941/999 796/942/740 121/943/121
f 168/944/168 2022/945/1871 858/946/802
f 1056/947/1000 1055/941/999 2022/945/1871
f 2022/945/1871 121/943/121 795/948/739
f 858/946/802 795/948/739 80/949/80
f 1057/950/1001 857/951/801 167/952/167
f 1057/950/1001 1042/884/986 2023/953/1872
f 2023/953/1872 251/888/251 1056/947/1000
f 2023/953/1872 168/944/168 857/951/801
f 165/954/165 2024/955/1873 1334/956/1278
f 260/957/260 2024/955/1873 1080/958/1024
f 1333/959/1277 1332/960/1276 2024/955/1873
f 1334/956/1278 1332/960/1276 353/961/353
f 1059/962/1003 1061/963/1005 254/964/254
f 255/965/255 2025/966/1874 1059/962/1003
f 1062/967/1006 1064/968/1008 2025/966/1874
f 2025/966/1874 257/969/257 1061/963/1005
f 1060/970/1004 1062/967/1006 255/965/255
f 256/971/256 2026/972/1875 1060/970/1004
f 1063/973/1007 1065/974/1009 2026/972/1875
f 2026/972/1875 258/975/258 1062/967/1006
f 1064/976/1008 1066/977/1010 257/969/257
f 258/978/258 2027/979/1876 1064/976/1008
f 1067/980/1011 1069/981/1013 2027/979/1876
f 2027/979/1876 260/982/260 1066/977/1010
f 1065/974/1009 1067/983/1011 258/975/258
f 259/984/259 2028/985/1877 1065/974/1009
f 1068/986/1012 1070/987/1014 2028/985/1877
f 2028/985/1877 261/988/261 1067/983/1011
f 78/989/78 2029/990/1878 851/991/795
f 834/992/778 1071/993/1015 2029/990/1878
f 2029/990/1878 254/994/254 1082/995/1026
f 851/991/795 1082/995/1026 163/996/163
f 150/997/150 2030/998/1879 1071/993/1015
f 833/999/777 1072/1000/1016 2030/998/1879
f 2030/998/1879 255/1001/255 1059/1002/1003
f 1071/993/1015 1059/1002/1003 254/994/254
f 149/1003/149 2031/1004/1880 1072/1000/1016
f 832/1005/776 1073/1006/1017 2031/1004/1880
f 1073/1006/1017 1060/1007/1004 2031/1004/1880
f 2031/1004/1880 255/1001/255 1072/1000/1016
f 148/1008/148 2032/1009/1881 1073/1006/1017
f 831/1010/775 815/1011/759 2032/1009/1881
f 815/1011/759 1074/1012/1018 2032/1009/1881
f 2032/1009/1881 256/1013/256 1073/1006/1017
f 1074/1014/1018 1063/973/1007 256/971/256
f 136/1015/136 2033/1016/1882 1074/1014/1018
f 816/1017/760 1075/1018/1019 2033/1016/1882
f 2033/1016/1882 259/984/259 1063/973/1007
f 1075/1018/1019 1068/986/1012 259/984/259
f 137/1019/137 2034/1020/1883 1075/1018/1019
f 817/1021/761 1076/1022/1020 2034/1020/1883
f 2034/1020/1883 262/1023/262 1068/986/1012
f 1076/1024/1020 1077/1025/1021 262/1023/262
f 138/1026/138 2035/1027/1884 1076/1024/1020
f 818/1028/762 835/1029/779 2035/1027/1884
f 2035/1027/1884 151/1030/151 1077/1025/1021
f 1070/987/1014 1078/1031/1022 261/1032/261
f 262/1023/262 2036/1033/1885 1070/987/1014
f 1077/1025/1021 836/1034/780 2036/1033/1885
f 2036/1033/1885 152/1035/152 1078/1031/1022
f 1069/981/1013 1079/1036/1023 260/982/260
f 261/1032/261 2037/1037/1886 1069/981/1013
f 1078/1031/1022 837/1038/781 2037/1037/1886
f 2037/1037/1886 153/1039/153 1079/1036/1023
f 166/1040/166 2038/1041/1887 838/1042/782
f 855/1043/799 1058/1044/1002 2038/1041/1887
f 1058/1044/1002 1325/1045/1269 2038/1041/1887
f 838/1042/782 1325/1045/1269 354/1046/354
f 164/1047/164 2039/1048/1888 853/1049/797
f 257/969/257 2039/1048/1888 1081/1050/1025
f 1066/977/1010 1080/1051/1024 2039/1048/1888
f 853/1049/797 1080/1051/1024 165/1052/165
f 163/996/163 2040/1053/1889 852/1054/796
f 1082/1055/1026 1061/963/1005 2040/1053/1889
f 2040/1053/1889 257/969/257 1081/1056/1025
f 852/1054/796 1081/1056/1025 164/1047/164
f 1083/1057/1027 1085/1058/1029 263/1059/263
f 264/1060/264 2041/1061/1890 1083/1057/1027
f 1086/1062/1030 1088/1063/1032 2041/1061/1890
f 2041/1061/1890 266/1064/266 1085/1058/1029
f 1084/1065/1028 1086/1062/1030 264/1060/264
f 265/1066/265 2042/1067/1891 1084/1065/1028
f 1087/1068/1031 1089/1069/1033 2042/1067/1891
f 2042/1067/1891 267/1070/267 1086/1062/1030
f 266/1064/266 2043/1071/1892 1090/1072/1034
f 1088/1063/1032 1091/1073/1035 2043/1071/1892
f 2043/1071/1892 270/1074/270 1093/1075/1037
f 1090/1072/1034 1093/1075/1037 269/1076/269
f 267/1070/267 2044/1077/1893 1091/1073/1035
f 1089/1069/1033 1092/1078/1036 2044/1077/1893
f 2044/1077/1893 271/1079/271 1094/1080/1038
f 1091/1073/1035 1094/1080/1038 270/1074/270
f 830/1081/774 847/1082/791 77/1083/77
f 147/1084/147 2045/1085/1894 830/1081/774
f 1095/1086/1039 1106/1087/1050 2045/1085/1894
f 2045/1085/1894 160/1088/160 847/1082/791
f 829/1089/773 1095/1086/1039 147/1084/147
f 146/1090/146 2046/1091/1895 829/1089/773
f 1096/1092/1040 1083/1093/1027 2046/1091/1895
f 2046/1091/1895 263/1094/263 1095/1086/1039
f 828/1095/772 1096/1092/1040 146/1090/146
f 145/1096/145 2047/1097/1896 828/1095/772
f 1097/1098/1041 1084/1099/1028 2047/1097/1896
f 2047/1097/1896 264/1100/264 1096/1092/1040
f 827/1101/771 1097/1098/1041 145/1096/145
f 74/1102/74 2048/1103/1897 827/1101/771
f 819/1104/763 1098/1105/1042 2048/1103/1897
f 2048/1103/1897 265/1106/265 1097/1098/1041
f 1098/1107/1042 1087/1068/1031 265/1066/265
f 139/1108/139 2049/1109/1898 1098/1107/1042
f 820/1110/764 1099/1111/1043 2049/1109/1898
f 2049/1109/1898 268/1112/268 1087/1068/1031
f 268/1112/268 2050/1113/1899 1092/1078/1036
f 1099/1111/1043 821/1114/765 2050/1113/1899
f 2050/1113/1899 141/1115/141 1100/1116/1044
f 1092/1078/1036 1100/1116/1044 271/1079/271
f 271/1117/271 2051/1118/1900 1101/1119/1045
f 1100/1120/1044 822/1121/766 2051/1118/1900
f 2051/1118/1900 75/1122/75 831/1123/775
f 1101/1119/1045 831/1123/775 148/1124/148
f 270/1125/270 2052/1126/1901 1102/1127/1046
f 1094/1128/1038 1101/1119/1045 2052/1126/1901
f 2052/1126/1901 148/1124/148 832/1129/776
f 1102/1127/1046 832/1129/776 149/1130/149
f 269/1131/269 2053/1132/1902 1103/1133/1047
f 1093/1134/1037 1102/1127/1046 2053/1132/1902
f 2053/1132/1902 149/1130/149 833/1135/777
f 1103/1133/1047 833/1135/777 150/1136/150
f 162/1137/162 2054/1138/1903 850/1139/794
f 1104/1140/1048 1103/1133/1047 2054/1138/1903
f 2054/1138/1903 150/1136/150 834/1141/778
f 850/1139/794 834/1141/778 78/1142/78
f 161/1143/161 2055/1144/1904 849/1145/793
f 1105/1146/1049 1090/1072/1034 2055/1144/1904
f 2055/1144/1904 269/1076/269 1104/1147/1048
f 849/1145/793 1104/1147/1048 162/1148/162
f 1106/1149/1050 848/1150/792 160/1151/160
f 263/1059/263 2056/1152/1905 1106/1149/1050
f 1085/1058/1029 1105/1146/1049 2056/1152/1905
f 2056/1152/1905 161/1143/161 848/1150/792
f 272/1153/272 2057/1154/1906 1109/1155/1053
f 1107/1156/1051 1110/1157/1054 2057/1154/1906
f 2057/1154/1906 276/1158/276 1112/1159/1056
f 1109/1155/1053 1112/1159/1056 275/1160/275
f 273/1161/273 2058/1162/1907 1110/1157/1054
f 1108/1163/1052 1111/1164/1055 2058/1162/1907
f 2058/1162/1907 277/1165/277 1113/1166/1057
f 1110/1157/1054 1113/1166/1057 276/1158/276
f 275/1160/275 2059/1167/1908 1114/1168/1058
f 1112/1159/1056 1115/1169/1059 2059/1167/1908
f 2059/1167/1908 279/1170/279 1117/1171/1061
f 1114/1168/1058 1117/1171/1061 278/1172/278
f 276/1158/276 2060/1173/1909 1115/1169/1059
f 1113/1166/1057 1116/1174/1060 2060/1173/1909
f 2060/1173/1909 280/1175/280 1118/1176/1062
f 1115/1169/1059 1118/1176/1062 279/1170/279
f 795/1177/739 843/1178/787 80/1179/80
f 795/1177/739 1119/1180/1063 2061/1181/1910
f 2061/1181/1910 272/1182/272 1130/1183/1074
f 2061/1181/1910 157/1184/157 843/1178/787
f 121/1185/121 2062/1186/1911 1119/1180/1063
f 796/1187/740 1120/1188/1064 2062/1186/1911
f 2062/1186/1911 273/1189/273 1107/1190/1051
f 1119/1180/1063 1107/1190/1051 272/1182/272
f 122/1191/122 2063/1192/1912 1120/1188/1064
f 797/1193/741 1121/1194/1065 2063/1192/1912
f 2063/1192/1912 274/1195/274 1108/1196/1052
f 1120/1188/1064 1108/1196/1052 273/1189/273
f 123/1197/123 2064/1198/1913 1121/1194/1065
f 798/1199/742 823/1200/767 2064/1198/1913
f 2064/1198/1913 142/1201/142 1122/1202/1066
f 1121/1194/1065 1122/1202/1066 274/1195/274
f 274/1195/274 2065/1203/1914 1111/1164/1055
f 1122/1204/1066 824/1205/768 2065/1203/1914
f 2065/1203/1914 143/1206/143 1123/1207/1067
f 1111/1164/1055 1123/1207/1067 277/1165/277
f 277/1165/277 2066/1208/1915 1116/1174/1060
f 1123/1207/1067 825/1209/769 2066/1208/1915
f 2066/1208/1915 144/1210/144 1124/1211/1068
f 1116/1174/1060 1124/1211/1068 280/1175/280
f 280/1212/280 2067/1213/1916 1125/1214/1069
f 1124/1211/1068 826/1215/770 2067/1213/1916
f 826/1215/770 827/1216/771 2067/1213/1916
f 2067/1213/1916 145/1217/145 1125/1214/1069
f 279/1218/279 2068/1219/1917 1126/1220/1070
f 1118/1221/1062 1125/1214/1069 2068/1219/1917
f 1125/1214/1069 828/1222/772 2068/1219/1917
f 2068/1219/1917 146/1223/146 1126/1220/1070
f 278/1224/278 2069/1225/1918 1127/1226/1071
f 1117/1227/1061 1126/1220/1070 2069/1225/1918
f 1126/1220/1070 829/1228/773 2069/1225/1918
f 2069/1225/1918 147/1229/147 1127/1226/1071
f 1128/1230/1072 846/1231/790 159/1232/159
f 278/1224/278 2070/1233/1919 1128/1230/1072
f 1127/1226/1071 830/1234/774 2070/1233/1919
f 2070/1233/1919 77/1235/77 846/1231/790
f 1129/1236/1073 845/1237/789 158/1238/158
f 275/1160/275 2071/1239/1920 1129/1236/1073
f 1114/1168/1058 1128/1240/1072 2071/1239/1920
f 2071/1239/1920 159/1241/159 845/1237/789
f 1130/1242/1074 844/1243/788 157/1184/157
f 1130/1242/1074 1109/1155/1053 2072/1244/1921
f 2072/1244/1921 275/1160/275 1129/1236/1073
f 2072/1244/1921 158/1238/158 844/1243/788
f 1131/1245/1075 1133/1246/1077 281/1247/281
f 282/1248/282 2073/1249/1922 1131/1245/1075
f 1134/1250/1078 1136/1251/1080 2073/1249/1922
f 2073/1249/1922 284/1252/284 1133/1246/1077
f 1132/1253/1076 1134/1254/1078 282/1255/282
f 283/1256/283 2074/1257/1923 1132/1253/1076
f 1135/1258/1079 1137/1259/1081 2074/1257/1923
f 2074/1257/1923 285/1260/285 1134/1254/1078
f 1136/1251/1080 1138/1261/1082 284/1252/284
f 285/1262/285 2075/1263/1924 1136/1251/1080
f 1139/1264/1083 1141/1265/1085 2075/1263/1924
f 2075/1263/1924 287/1266/287 1138/1261/1082
f 1137/1267/1081 1139/1264/1083 285/1262/285
f 286/1268/286 2076/1269/1925 1137/1267/1081
f 1140/1270/1084 1142/1271/1086 2076/1269/1925
f 2076/1269/1925 288/1272/288 1139/1264/1083
f 839/1273/783 750/1274/694 65/782/65
f 154/1275/154 2077/1276/1926 839/1273/783
f 1143/1277/1087 1154/1278/1098 2077/1276/1926
f 2077/1276/1926 87/1279/87 750/1274/694
f 840/1280/784 1143/1277/1087 154/1275/154
f 155/1281/155 2078/1282/1927 840/1280/784
f 1144/1283/1088 1131/1245/1075 2078/1282/1927
f 2078/1282/1927 281/1247/281 1143/1277/1087
f 841/1284/785 1144/1285/1088 155/1286/155
f 156/1287/156 2079/1288/1928 841/1284/785
f 1145/1289/1089 1132/1253/1076 2079/1288/1928
f 2079/1288/1928 282/1255/282 1144/1285/1088
f 842/1290/786 1145/1289/1089 156/1287/156
f 80/1179/80 2080/1291/1929 842/1290/786
f 843/1178/787 1146/1292/1090 2080/1291/1929
f 2080/1291/1929 283/1256/283 1145/1289/1089
f 1146/1292/1090 1135/1258/1079 283/1256/283
f 157/1184/157 2081/1293/1930 1146/1292/1090
f 844/1294/788 1147/1295/1091 2081/1293/1930
f 2081/1293/1930 286/1296/286 1135/1258/1079
f 1147/1295/1091 1140/1297/1084 286/1296/286
f 158/1298/158 2082/1299/1931 1147/1295/1091
f 845/1300/789 1148/1301/1092 2082/1299/1931
f 2082/1299/1931 289/1302/289 1140/1297/1084
f 1148/1301/1092 1149/1303/1093 289/1302/289
f 159/1232/159 2083/1304/1932 1148/1301/1092
f 846/1231/790 759/1305/703 2083/1304/1932
f 2083/1304/1932 94/1306/94 1149/1303/1093
f 1142/1271/1086 1150/1307/1094 288/1272/288
f 289/1308/289 2084/1309/1933 1142/1271/1086
f 1149/1310/1093 760/1311/704 2084/1309/1933
f 2084/1309/1933 95/1312/95 1150/1307/1094
f 1141/1313/1085 1151/1314/1095 287/1315/287
f 288/1316/288 2085/1317/1934 1141/1313/1085
f 1150/1318/1094 761/1319/705 2085/1317/1934
f 2085/1317/1934 96/1320/96 1151/1314/1095
f 85/1321/85 2086/1322/1935 747/1323/691
f 287/1266/287 2086/1322/1935 1152/1324/1096
f 1151/1325/1095 762/1326/706 2086/1322/1935
f 2086/1322/1935 67/722/67 747/1323/691
f 1153/1327/1097 748/1328/692 86/1329/86
f 284/1330/284 2087/1331/1936 1153/1327/1097
f 1138/1332/1082 1152/1333/1096 2087/1331/1936
f 748/1328/692 1152/1333/1096 85/1334/85
f 1154/1335/1098 749/1336/693 87/788/87
f 281/1337/281 2088/1338/1937 1154/1335/1098
f 1133/1339/1077 1153/1327/1097 2088/1338/1937
f 2088/1338/1937 86/1329/86 749/1336/693
f 290/1340/290 2089/1341/1938 1157/1342/1101
f 1155/1343/1099 1158/1344/1102 2089/1341/1938
f 2089/1341/1938 294/1345/294 1160/1346/1104
f 1157/1342/1101 1160/1346/1104 293/1347/293
f 291/1348/291 2090/1349/1939 1158/1350/1102
f 1156/1351/1100 1159/1352/1103 2090/1349/1939
f 2090/1349/1939 295/1353/295 1161/1354/1105
f 1158/1350/1102 1161/1354/1105 294/1355/294
f 293/1347/293 2091/1356/1940 1162/1357/1106
f 294/1345/294 2091/1356/1940 1160/1346/1104
f 1163/1358/1107 1165/1359/1109 2091/1356/1940
f 1162/1357/1106 1165/1359/1109 296/1360/296
f 1161/1354/1105 1163/1358/1107 294/1355/294
f 295/1353/295 2092/1361/1941 1161/1354/1105
f 1164/1362/1108 1166/1363/1110 2092/1361/1941
f 2092/1361/1941 297/1364/297 1163/1358/1107
f 67/722/67 2093/1365/1942 766/1366/710
f 96/1367/96 2093/1365/1942 762/1326/706
f 1167/1368/1111 1178/1369/1122 2093/1365/1942
f 2093/1365/1942 99/1370/99 766/1366/710
f 761/1319/705 1167/1371/1111 96/1320/96
f 761/1319/705 1168/1372/1112 2094/1373/1943
f 2094/1373/1943 291/1374/291 1155/1343/1099
f 1167/1371/1111 1155/1343/1099 290/1340/290
f 95/1312/95 2095/1375/1944 1168/1372/1112
f 94/1376/94 2095/1375/1944 760/1311/704
f 2095/1375/1944 292/1377/292 1156/1351/1100
f 1168/1372/1112 1156/1351/1100 291/1348/291
f 759/1378/703 1169/1379/1113 94/1380/94
f 77/1083/77 2096/1381/1945 759/1378/703
f 847/1082/791 1170/1382/1114 2096/1381/1945
f 1169/1379/1113 1170/1382/1114 292/1383/292
f 292/1383/292 2097/1384/1946 1159/1385/1103
f 160/1088/160 2097/1384/1946 1170/1382/1114
f 2097/1384/1946 161/1143/161 1171/1386/1115
f 1159/1385/1103 1171/1386/1115 295/1387/295
f 1171/1386/1115 1164/1388/1108 295/1387/295
f 1171/1386/1115 849/1389/793 2098/1390/1947
f 2098/1390/1947 162/1137/162 1172/1391/1116
f 2098/1390/1947 298/1392/298 1164/1388/1108
f 1172/1391/1116 1173/1393/1117 298/1392/298
f 1172/1391/1116 850/1139/794 2099/1394/1948
f 2099/1394/1948 78/1142/78 771/1395/715
f 1173/1393/1117 771/1395/715 103/1396/103
f 1166/1363/1110 1174/1397/1118 297/1364/297
f 298/1398/298 2100/1399/1949 1166/1363/1110
f 1173/1400/1117 772/1401/716 2100/1399/1949
f 2100/1399/1949 104/1402/104 1174/1397/1118
f 1165/1359/1109 1175/1403/1119 296/1360/296
f 297/1404/297 2101/1405/1950 1165/1359/1109
f 1174/1406/1118 773/1407/717 2101/1405/1950
f 2101/1405/1950 105/1408/105 1175/1403/1119
f 97/1409/97 2102/1410/1951 763/1411/707
f 1176/1412/1120 1175/1413/1119 2102/1410/1951
f 1175/1413/1119 774/1414/718 2102/1410/1951
f 2102/1410/1951 71/743/71 763/1411/707
f 98/1415/98 2103/1416/1952 764/735/708
f 1177/1417/1121 1162/1357/1106 2103/1416/1952
f 2103/1416/1952 296/1360/296 1176/1418/1120
f 764/735/708 1176/1418/1120 97/737/97
f 1178/1419/1122 765/1420/709 99/1421/99
f 290/1340/290 2104/1422/1953 1178/1419/1122
f 1157/1342/1101 1177/1417/1121 2104/1422/1953
f 2104/1422/1953 98/1415/98 765/1420/709
f 299/1423/299 2105/1424/1954 1181/1425/1125
f 1179/1426/1123 1182/1427/1126 2105/1424/1954
f 2105/1424/1954 303/1428/303 1184/1429/1128
f 1181/1425/1125 1184/1429/1128 302/1430/302
f 300/1431/300 2106/1432/1955 1182/1427/1126
f 1180/1433/1124 1183/1434/1127 2106/1432/1955
f 2106/1432/1955 304/1435/304 1185/1436/1129
f 1182/1427/1126 1185/1436/1129 303/1428/303
f 302/1430/302 2107/1437/1956 1186/1438/1130
f 1184/1429/1128 1187/1439/1131 2107/1437/1956
f 2107/1437/1956 306/1440/306 1189/1441/1133
f 1186/1438/1130 1189/1441/1133 305/1442/305
f 303/1443/303 2108/1444/1957 1187/1445/1131
f 1185/1446/1129 1188/1447/1132 2108/1444/1957
f 2108/1444/1957 307/1448/307 1190/1449/1134
f 1187/1445/1131 1190/1449/1134 306/1450/306
f 71/743/71 2109/1451/1958 778/745/722
f 774/1414/718 1191/1452/1135 2109/1451/1958
f 1191/1452/1135 1202/1453/1146 2109/1451/1958
f 2109/1451/1958 108/1454/108 778/745/722
f 105/1408/105 2110/1455/1959 1191/1456/1135
f 773/1407/717 1192/1457/1136 2110/1455/1959
f 2110/1455/1959 300/1431/300 1179/1458/1123
f 1191/1456/1135 1179/1458/1123 299/1459/299
f 104/1402/104 2111/1460/1960 1192/1461/1136
f 772/1401/716 1193/1462/1137 2111/1460/1960
f 2111/1460/1960 301/1463/301 1180/1433/1124
f 1192/1461/1136 1180/1433/1124 300/1431/300
f 103/1464/103 2112/1465/1961 1193/1466/1137
f 771/1467/715 851/991/795 2112/1465/1961
f 2112/1465/1961 163/996/163 1194/1468/1138
f 1193/1466/1137 1194/1468/1138 301/1469/301
f 301/1469/301 2113/1470/1962 1183/1471/1127
f 1194/1468/1138 852/1472/796 2113/1470/1962
f 2113/1470/1962 164/1047/164 1195/1473/1139
f 1183/1471/1127 1195/1473/1139 304/1474/304
f 304/1474/304 2114/1475/1963 1188/1447/1132
f 1195/1473/1139 853/1049/797 2114/1475/1963
f 2114/1475/1963 165/1052/165 1196/1476/1140
f 1188/1447/1132 1196/1476/1140 307/1448/307
f 307/1448/307 2115/1477/1964 1197/1478/1141
f 1196/1476/1140 854/1479/798 2115/1477/1964
f 854/1479/798 783/1480/727 2115/1477/1964
f 2115/1477/1964 112/1481/112 1197/1478/1141
f 306/1450/306 2116/1482/1965 1198/1483/1142
f 1190/1449/1134 1197/1478/1141 2116/1482/1965
f 2116/1482/1965 112/1481/112 784/1484/728
f 1198/1483/1142 784/1484/728 113/1485/113
f 305/1442/305 2117/1486/1966 1199/1487/1143
f 1189/1441/1133 1198/1488/1142 2117/1486/1966
f 2117/1486/1966 113/1489/113 785/1490/729
f 1199/1487/1143 785/1490/729 114/1491/114
f 106/1492/106 2118/1493/1967 775/762/719
f 1200/1494/1144 1199/1487/1143 2118/1493/1967
f 2118/1493/1967 114/1491/114 786/1495/730
f 775/762/719 786/1495/730 69/763/69
f 107/1496/107 2119/1497/1968 776/755/720
f 1201/1498/1145 1186/1499/1130 2119/1497/1968
f 2119/1497/1968 305/1500/305 1200/1501/1144
f 776/755/720 1200/1501/1144 106/756/106
f 1202/1502/1146 777/751/721 108/749/108
f 1202/1502/1146 1181/1503/1125 2120/1504/1969
f 2120/1504/1969 302/1505/302 1201/1498/1145
f 777/751/721 1201/1498/1145 107/1496/107
f 308/1506/308 2121/1507/1970 1205/1508/1149
f 1203/1509/1147 1206/1510/1150 2121/1507/1970
f 2121/1507/1970 312/1511/312 1208/1512/1152
f 1205/1508/1149 1208/1512/1152 311/1513/311
f 309/1514/309 2122/1515/1971 1206/1516/1150
f 1204/1517/1148 1207/1518/1151 2122/1515/1971
f 1207/1518/1151 1209/1519/1153 2122/1515/1971
f 1206/1516/1150 1209/1519/1153 312/1520/312
f 1208/1512/1152 1210/1521/1154 311/1513/311
f 312/1511/312 2123/1522/1972 1208/1512/1152
f 1211/1523/1155 1213/1524/1157 2123/1522/1972
f 2123/1522/1972 314/1525/314 1210/1521/1154
f 1209/1519/1153 1211/1526/1155 312/1520/312
f 313/1527/313 2124/1528/1973 1209/1519/1153
f 1212/1529/1156 1214/1530/1158 2124/1528/1973
f 2124/1528/1973 315/1531/315 1211/1526/1155
f 69/763/69 2125/1532/1974 790/1533/734
f 786/1495/730 1215/1534/1159 2125/1532/1974
f 2125/1532/1974 308/1506/308 1226/1535/1170
f 2125/1532/1974 117/1536/117 790/1533/734
f 114/1491/114 2126/1537/1975 1215/1534/1159
f 785/1490/729 1216/1538/1160 2126/1537/1975
f 2126/1537/1975 309/1539/309 1203/1509/1147
f 1215/1534/1159 1203/1509/1147 308/1506/308
f 113/1540/113 2127/1541/1976 1216/1542/1160
f 784/1543/728 1217/1544/1161 2127/1541/1976
f 2127/1541/1976 310/1545/310 1204/1517/1148
f 1216/1542/1160 1204/1517/1148 309/1514/309
f 783/1546/727 1217/1544/1161 112/1547/112
f 79/1548/79 2128/1549/1977 783/1546/727
f 855/1550/799 1218/1551/1162 2128/1549/1977
f 2128/1549/1977 310/1545/310 1217/1544/1161
f 1218/1551/1162 1207/1518/1151 310/1545/310
f 166/1552/166 2129/1553/1978 1218/1551/1162
f 856/1554/800 1219/1555/1163 2129/1553/1978
f 2129/1553/1978 313/1527/313 1207/1518/1151
f 1219/1555/1163 1212/1529/1156 313/1527/313
f 167/952/167 2130/1556/1979 1219/1555/1163
f 857/951/801 1220/1557/1164 2130/1556/1979
f 2130/1556/1979 316/1558/316 1212/1529/1156
f 1220/1557/1164 1221/1559/1165 316/1558/316
f 168/944/168 2131/1560/1980 1220/1557/1164
f 858/946/802 842/1561/786 2131/1560/1980
f 2131/1560/1980 156/1562/156 1221/1559/1165
f 1214/1530/1158 1222/1563/1166 315/1531/315
f 316/1558/316 2132/1564/1981 1214/1530/1158
f 1221/1559/1165 841/1565/785 2132/1564/1981
f 2132/1564/1981 155/1566/155 1222/1563/1166
f 1213/1524/1157 1223/1567/1167 314/1525/314
f 315/1568/315 2133/1569/1982 1213/1524/1157
f 1222/1570/1166 840/1280/784 2133/1569/1982
f 2133/1569/1982 154/1275/154 1223/1567/1167
f 115/1571/115 2134/1572/1983 787/1573/731
f 314/1525/314 2134/1572/1983 1224/1574/1168
f 1223/1567/1167 839/1273/783 2134/1572/1983
f 2134/1572/1983 65/782/65 787/1573/731
f 116/1575/116 2135/1576/1984 788/1577/732
f 311/1578/311 2135/1576/1984 1225/1579/1169
f 1210/1580/1154 1224/1574/1168 2135/1576/1984
f 788/1577/732 1224/1574/1168 115/1571/115
f 1226/1581/1170 789/1582/733 117/1583/117
f 308/1584/308 2136/1585/1985 1226/1581/1170
f 1205/1586/1149 1225/1579/1169 2136/1585/1985
f 2136/1585/1985 116/1575/116 789/1582/733
f 1227/1587/1171 1229/1588/1173 317/1589/317
f 1227/1587/1171 1230/1590/1174 2137/1591/1986
f 1230/1590/1174 1232/1592/1176 2137/1591/1986
f 2137/1591/1986 320/1593/320 1229/1588/1173
f 319/1594/319 2138/1595/1987 1243/1596/1187
f 1242/1597/1186 876/1598/820 2138/1595/1987
f 2138/1595/1987 371/1599/371 1373/1600/1317
f 1243/1596/1187 1373/1600/1317 377/1601/377
f 320/1593/320 2139/1602/1988 1234/1603/1178
f 1232/1592/1176 1235/1604/1179 2139/1602/1988
f 1235/1604/1179 1237/1605/1181 2139/1602/1988
f 1234/1603/1178 1237/1605/1181 322/1606/322
f 221/1607/221 2140/1608/1989 877/1609/821
f 970/1610/914 985/1611/929 2140/1608/1989
f 2140/1608/1989 375/1612/375 1362/1613/1306
f 2140/1608/1989 374/1614/374 877/1609/821
f 810/1615/754 811/916/755 76/914/76
f 132/1616/132 2141/1617/1990 810/1615/754
f 1239/1618/1183 1250/1619/1194 2141/1617/1990
f 2141/1617/1990 133/1620/133 811/916/755
f 809/1621/753 1239/1618/1183 132/1616/132
f 131/1622/131 2142/1623/1991 809/1621/753
f 1240/1624/1184 1227/1587/1171 2142/1623/1991
f 2142/1623/1991 317/1589/317 1239/1618/1183
f 808/1625/752 1240/1624/1184 131/1622/131
f 130/1626/130 2143/1627/1992 808/1625/752
f 2143/1627/1992 319/1628/319 1228/1629/1172
f 1240/1624/1184 1228/1629/1172 318/1630/318
f 807/1631/751 1241/1632/1185 130/1626/130
f 84/634/84 2144/1633/1993 807/1631/751
f 2144/1633/1993 181/638/181 1242/1634/1186
f 1241/1632/1185 1242/1634/1186 319/1628/319
f 1235/1635/1179 1231/1636/1175 323/1637/323
f 321/682/321 2145/1638/1994 1235/1635/1179
f 2145/1638/1994 378/689/378 1370/1639/1314
f 2145/1638/1994 379/1640/379 1231/1636/1175
f 318/1641/318 2146/1642/1995 1236/1643/1180
f 1228/1644/1172 1243/1596/1187 2146/1642/1995
f 2146/1642/1995 377/1601/377 1366/1645/1310
f 1236/1643/1180 1366/1645/1310 376/1646/376
f 1244/1647/1188 1245/1648/1189 324/1649/324
f 182/674/182 2147/1650/1996 1244/1647/1188
f 2147/1650/1996 81/681/81 862/1651/806
f 1245/1648/1189 862/1651/806 171/1652/171
f 1238/1653/1182 1246/1654/1190 323/1655/323
f 324/1649/324 2148/1656/1997 1238/1653/1182
f 1245/1648/1189 861/1657/805 2148/1656/1997
f 2148/1656/1997 170/1658/170 1246/1654/1190
f 322/1606/322 2149/1659/1998 1247/1660/1191
f 1237/1605/1181 1246/1654/1190 2149/1659/1998
f 2149/1659/1998 170/1658/170 860/1661/804
f 1247/1660/1191 860/1661/804 169/1662/169
f 135/1663/135 2150/1664/1999 814/932/758
f 1248/1665/1192 1247/1660/1191 2150/1664/1999
f 2150/1664/1999 169/1662/169 859/1666/803
f 814/932/758 859/1666/803 73/933/73
f 134/1667/134 2151/1668/2000 813/926/757
f 1249/1669/1193 1234/1670/1178 2151/1668/2000
f 2151/1668/2000 322/1671/322 1248/1665/1192
f 813/926/757 1248/1665/1192 135/927/135
f 1250/1672/1194 812/922/756 133/920/133
f 317/1673/317 2152/1674/2001 1250/1672/1194
f 1229/1675/1173 1249/1669/1193 2152/1674/2001
f 2152/1674/2001 134/1667/134 812/922/756
f 1251/1676/1195 1253/1677/1197 325/1678/325
f 326/1679/326 2153/1680/2002 1251/1676/1195
f 1254/1681/1198 1256/1682/1200 2153/1680/2002
f 2153/1680/2002 328/1683/328 1253/1677/1197
f 326/1679/326 2154/1684/2003 1254/1681/1198
f 327/1685/327 2154/1684/2003 1252/1686/1196
f 2154/1684/2003 330/1687/330 1257/1688/1201
f 1254/1681/1198 1257/1688/1201 329/1689/329
f 1256/1682/1200 1258/1690/1202 328/1683/328
f 1256/1682/1200 1259/1691/1203 2155/1692/2004
f 1259/1691/1203 1261/1693/1205 2155/1692/2004
f 2155/1692/2004 331/1694/331 1258/1690/1202
f 329/1695/329 2156/1696/2005 882/1697/826
f 1257/1698/1201 1260/1699/1204 2156/1696/2005
f 2156/1696/2005 368/1700/368 1348/1701/1292
f 882/1697/826 1348/1701/1292 367/1702/367
f 75/1703/75 2157/1704/2006 815/1011/759
f 806/1705/750 1263/1706/1207 2157/1704/2006
f 1263/1706/1207 1274/1707/1218 2157/1704/2006
f 2157/1704/2006 136/1708/136 815/1011/759
f 129/1709/129 2158/1710/2007 1263/1706/1207
f 805/1711/749 1264/1712/1208 2158/1710/2007
f 1264/1712/1208 1251/1676/1195 2158/1710/2007
f 2158/1710/2007 325/1678/325 1263/1706/1207
f 804/1713/748 1264/1712/1208 128/1714/128
f 127/1715/127 2159/1716/2008 804/1713/748
f 1265/1717/1209 1252/1686/1196 2159/1716/2008
f 2159/1716/2008 326/1679/326 1264/1712/1208
f 803/1718/747 1265/1717/1209 127/1715/127
f 83/539/83 2160/1719/2009 803/1718/747
f 879/538/823 1266/1720/1210 2160/1719/2009
f 2160/1719/2009 327/1685/327 1265/1717/1209
f 1266/1720/1210 1255/1721/1199 327/1685/327
f 183/544/183 2161/1722/2010 1266/1720/1210
f 2161/1722/2010 184/603/184 1267/1723/1211
f 1255/1721/1199 1267/1723/1211 330/1687/330
f 961/1724/905 1262/1725/1206 184/1726/184
f 212/1727/212 2162/1728/2011 961/1724/905
f 960/1729/904 1347/1730/1291 2162/1728/2011
f 2162/1728/2011 363/1731/363 1262/1725/1206
f 330/1732/330 2163/1733/2012 1260/1699/1204
f 1267/1734/1211 1262/1725/1206 2163/1733/2012
f 1262/1725/1206 1352/1735/1296 2163/1733/2012
f 2163/1733/2012 368/1700/368 1260/1699/1204
f 808/1736/752 1268/1737/1212 130/1738/130
f 131/1739/131 2164/1740/2013 808/1736/752
f 1269/1741/1213 1340/1742/1284 2164/1740/2013
f 2164/1740/2013 360/1743/360 1268/1737/1212
f 1261/1693/1205 1271/1744/1215 331/1694/331
f 332/1745/332 2165/1746/2014 1261/1693/1205
f 1270/1747/1214 809/1748/753 2165/1746/2014
f 2165/1746/2014 132/1749/132 1271/1744/1215
f 1272/1750/1216 818/1028/762 138/1026/138
f 331/1694/331 2166/1751/2015 1272/1750/1216
f 1271/1744/1215 810/1752/754 2166/1751/2015
f 2166/1751/2015 76/1753/76 818/1028/762
f 1273/1754/1217 817/1021/761 137/1019/137
f 328/1683/328 2167/1755/2016 1273/1754/1217
f 1258/1756/1202 1272/1757/1216 2167/1755/2016
f 2167/1755/2016 138/1758/138 817/1021/761
f 1274/1759/1218 816/1017/760 136/1015/136
f 325/1760/325 2168/1761/2017 1274/1759/1218
f 1253/1762/1197 1273/1754/1217 2168/1761/2017
f 2168/1761/2017 137/1019/137 816/1017/760
f 1275/1763/1219 1277/1764/1221 333/1765/333
f 334/1766/334 2169/1767/2018 1275/1763/1219
f 1278/1768/1222 1280/1769/1224 2169/1767/2018
f 2169/1767/2018 336/1770/336 1277/1764/1221
f 1276/1771/1220 1278/1768/1222 334/1766/334
f 335/1772/335 2170/1773/2019 1276/1771/1220
f 1279/1774/1223 1281/1775/1225 2170/1773/2019
f 2170/1773/2019 337/1776/337 1278/1768/1222
f 336/1770/336 2171/1777/2020 1282/1778/1226
f 1280/1769/1224 1283/1779/1227 2171/1777/2020
f 2171/1777/2020 340/1780/340 1285/1781/1229
f 1282/1778/1226 1285/1781/1229 339/1782/339
f 337/1776/337 2172/1783/2021 1283/1779/1227
f 1281/1775/1225 1284/1784/1228 2172/1783/2021
f 2172/1783/2021 341/1785/341 1286/1786/1230
f 1283/1779/1227 1286/1786/1230 340/1780/340
f 802/1787/746 819/1104/763 74/1102/74
f 126/1788/126 2173/1789/2022 802/1787/746
f 1287/1790/1231 1298/1791/1242 2173/1789/2022
f 2173/1789/2022 139/1792/139 819/1104/763
f 801/1793/745 1287/1790/1231 126/1788/126
f 125/1794/125 2174/1795/2023 801/1793/745
f 1288/1796/1232 1275/1797/1219 2174/1795/2023
f 2174/1795/2023 333/1798/333 1287/1790/1231
f 800/1799/744 1288/1796/1232 125/1794/125
f 124/1800/124 2175/1801/2024 800/1799/744
f 1289/1802/1233 1276/1803/1220 2175/1801/2024
f 2175/1801/2024 334/1804/334 1288/1796/1232
f 799/1805/743 1289/1802/1233 124/1800/124
f 82/445/82 2176/1806/2025 799/1805/743
f 883/444/827 1290/1807/1234 2176/1806/2025
f 2176/1806/2025 335/1808/335 1289/1802/1233
f 1290/1809/1234 1279/1774/1223 335/1772/335
f 185/503/185 2177/1810/2026 1290/1809/1234
f 884/502/828 1291/1811/1235 2177/1810/2026
f 2177/1810/2026 338/1812/338 1279/1774/1223
f 338/1812/338 2178/1813/2027 1284/1784/1228
f 1291/1811/1235 885/1814/829 2178/1813/2027
f 2178/1813/2027 187/1815/187 1292/1816/1236
f 1284/1784/1228 1292/1816/1236 341/1785/341
f 341/1817/341 2179/1818/2028 1293/1819/1237
f 1292/1820/1236 886/491/830 2179/1818/2028
f 2179/1818/2028 83/496/83 803/1821/747
f 1293/1819/1237 803/1821/747 127/1822/127
f 340/1823/340 2180/1824/2029 1294/1825/1238
f 1286/1826/1230 1293/1819/1237 2180/1824/2029
f 2180/1824/2029 127/1822/127 804/1827/748
f 1294/1825/1238 804/1827/748 128/1828/128
f 339/1829/339 2181/1830/2030 1295/1831/1239
f 1285/1832/1229 1294/1825/1238 2181/1830/2030
f 2181/1830/2030 128/1828/128 805/1833/749
f 1295/1831/1239 805/1833/749 129/1834/129
f 141/1115/141 2182/1835/2031 822/1121/766
f 1296/1836/1240 1295/1831/1239 2182/1835/2031
f 2182/1835/2031 129/1834/129 806/1837/750
f 822/1121/766 806/1837/750 75/1122/75
f 140/1838/140 2183/1839/2032 821/1114/765
f 1297/1840/1241 1282/1778/1226 2183/1839/2032
f 2183/1839/2032 339/1782/339 1296/1841/1240
f 821/1114/765 1296/1841/1240 141/1115/141
f 1298/1842/1242 820/1110/764 139/1108/139
f 333/1765/333 2184/1843/2033 1298/1842/1242
f 1277/1764/1221 1297/1840/1241 2184/1843/2033
f 2184/1843/2033 140/1838/140 820/1110/764
f 342/1844/342 2185/1845/2034 1301/1846/1245
f 1299/1847/1243 1302/1848/1246 2185/1845/2034
f 2185/1845/2034 346/1849/346 1304/1850/1248
f 1301/1846/1245 1304/1850/1248 345/1851/345
f 1300/1852/1244 1302/1848/1246 343/1853/343
f 344/1854/344 2186/1855/2035 1300/1852/1244
f 2186/1855/2035 347/1856/347 1305/1857/1249
f 1302/1848/1246 1305/1857/1249 346/1849/346
f 345/1851/345 2187/1858/2036 1306/1859/1250
f 1304/1850/1248 1307/1860/1251 2187/1858/2036
f 2187/1858/2036 349/1861/349 1309/1862/1253
f 1306/1859/1250 1309/1862/1253 348/1863/348
f 346/1849/346 2188/1864/2037 1307/1860/1251
f 1305/1857/1249 1308/1865/1252 2188/1864/2037
f 2188/1864/2037 350/1866/350 1310/1867/1254
f 1307/1860/1251 1310/1867/1254 349/1861/349
f 73/1868/73 2189/1869/2038 823/1200/767
f 859/1870/803 1311/1871/1255 2189/1869/2038
f 2189/1869/2038 342/1872/342 1322/1873/1266
f 823/1200/767 1322/1873/1266 142/1201/142
f 169/1874/169 2190/1875/2039 1311/1871/1255
f 860/1876/804 1312/1877/1256 2190/1875/2039
f 2190/1875/2039 343/1878/343 1299/1879/1243
f 1311/1871/1255 1299/1879/1243 342/1872/342
f 170/1880/170 2191/1881/2040 1312/1877/1256
f 861/1882/805 1313/1883/1257 2191/1881/2040
f 1313/1883/1257 1300/1884/1244 2191/1881/2040
f 2191/1881/2040 343/1878/343 1312/1877/1256
f 862/1885/806 1313/1883/1257 171/1886/171
f 81/346/81 2192/1887/2041 862/1885/806
f 887/345/831 1314/1888/1258 2192/1887/2041
f 2192/1887/2041 344/1889/344 1313/1883/1257
f 1314/1890/1258 1303/1891/1247 344/1854/344
f 188/412/188 2193/1892/2042 1314/1890/1258
f 888/411/832 1315/1893/1259 2193/1892/2042
f 2193/1892/2042 347/1856/347 1303/1891/1247
f 347/1856/347 2194/1894/2043 1308/1865/1252
f 1315/1893/1259 889/404/833 2194/1894/2043
f 2194/1894/2043 190/409/190 1316/1895/1260
f 1308/1865/1252 1316/1895/1260 350/1866/350
f 350/1896/350 2195/1897/2044 1317/1898/1261
f 1316/1899/1260 890/398/834 2195/1897/2044
f 2195/1897/2044 82/401/82 799/1900/743
f 1317/1898/1261 799/1900/743 124/1901/124
f 349/1902/349 2196/1903/2045 1318/1904/1262
f 1310/1905/1254 1317/1898/1261 2196/1903/2045
f 2196/1903/2045 124/1901/124 800/1906/744
f 1318/1904/1262 800/1906/744 125/1907/125
f 348/1908/348 2197/1909/2046 1319/1910/1263
f 1309/1911/1253 1318/1904/1262 2197/1909/2046
f 2197/1909/2046 125/1907/125 801/1912/745
f 1319/1910/1263 801/1912/745 126/1913/126
f 144/1914/144 2198/1915/2047 826/1215/770
f 1320/1916/1264 1319/1910/1263 2198/1915/2047
f 2198/1915/2047 126/1913/126 802/1917/746
f 826/1215/770 802/1917/746 74/1918/74
f 143/1206/143 2199/1919/2048 825/1209/769
f 1321/1920/1265 1306/1859/1250 2199/1919/2048
f 2199/1919/2048 348/1863/348 1320/1921/1264
f 825/1209/769 1320/1921/1264 144/1210/144
f 142/1201/142 2200/1922/2049 824/1205/768
f 1322/1923/1266 1301/1846/1245 2200/1922/2049
f 2200/1922/2049 345/1851/345 1321/1920/1265
f 824/1205/768 1321/1920/1265 143/1206/143
f 1323/1924/1267 1325/1925/1269 352/1926/352
f 351/1927/351 2201/1928/2050 1323/1924/1267
f 1328/1929/1272 1330/1930/1274 2201/1928/2050
f 2201/1928/2050 354/1931/354 1325/1925/1269
f 1330/1930/1274 1326/1932/1270 354/1931/354
f 1330/1930/1274 1327/1933/1271 2202/1934/2051
f 2202/1934/2051 357/1935/357 1329/1936/1273
f 2202/1934/2051 355/1937/355 1326/1932/1270
f 353/1938/353 2203/1939/2052 1324/1940/1268
f 358/1941/358 2203/1939/2052 1332/1942/1276
f 1331/1943/1275 1323/1944/1267 2203/1939/2052
f 1324/1940/1268 1323/1944/1267 352/1945/352
f 856/1946/800 1337/1947/1281 167/1948/167
f 856/1946/800 838/1042/782 2204/1949/2053
f 2204/1949/2053 354/1046/354 1326/1950/1270
f 2204/1949/2053 355/1951/355 1337/1947/1281
f 79/1952/79 2205/1953/2054 1058/1044/1002
f 854/1954/798 1334/1955/1278 2205/1953/2054
f 2205/1953/2054 353/1956/353 1324/1957/1268
f 2205/1953/2054 352/1958/352 1058/1044/1002
f 1037/1959/981 1335/899/1279 245/897/245
f 1037/1959/981 1338/1960/1282 2206/1961/2055
f 2206/1961/2055 357/1962/357 1327/1963/1271
f 2206/1961/2055 356/1964/356 1335/899/1279
f 1079/1965/1023 1333/1966/1277 260/1967/260
f 1079/1965/1023 1336/896/1280 2207/1968/2056
f 2207/1968/2056 351/901/351 1331/1969/1275
f 2207/1968/2056 358/1970/358 1333/1966/1277
f 248/1971/248 2208/1972/2057 1338/1973/1282
f 167/1974/167 2208/1972/2057 1057/1975/1001
f 1337/1976/1281 1329/1977/1273 2208/1972/2057
f 1338/1973/1282 1329/1977/1273 357/1978/357
f 364/1979/364 2209/1980/2058 1343/1981/1287
f 1346/1982/1290 1345/1983/1289 2209/1980/2058
f 2209/1980/2058 362/1984/362 1341/1985/1285
f 1343/1981/1287 1341/1985/1285 359/1986/359
f 1347/1987/1291 1342/1988/1286 363/1989/363
f 365/1990/365 2210/1991/2059 1347/1987/1291
f 1344/1992/1288 1346/1982/1290 2210/1991/2059
f 1342/1988/1286 1346/1982/1290 364/1979/364
f 367/1993/367 2211/1994/2060 1349/1995/1293
f 1348/1996/1292 1350/1997/1294 2211/1994/2060
f 2211/1994/2060 370/1998/370 1351/1999/1295
f 1349/1995/1293 1351/1999/1295 369/2000/369
f 1352/2001/1296 1350/1997/1294 368/2002/368
f 363/1989/363 2212/2003/2061 1352/2001/1296
f 2212/2003/2061 364/1979/364 1353/2004/1297
f 1350/1997/1294 1353/2004/1297 370/1998/370
f 370/1998/370 2213/2005/2062 1354/2006/1298
f 1353/2004/1297 1343/1981/1287 2213/2005/2062
f 2213/2005/2062 359/1986/359 1339/2007/1283
f 1354/2006/1298 1339/2007/1283 360/2008/360
f 1351/1999/1295 1355/2009/1299 369/2000/369
f 1351/1999/1295 1354/2006/1298 2214/2010/2063
f 1354/2006/1298 1340/2011/1284 2214/2010/2063
f 2214/2010/2063 361/2012/361 1355/2009/1299
f 946/2013/890 960/2014/904 212/2015/212
f 215/584/215 2215/2016/2064 946/2013/890
f 1357/586/1301 1344/2017/1288 2215/2016/2064
f 2215/2016/2064 365/2018/365 960/2014/904
f 332/2019/332 2216/2020/2065 1358/2021/1302
f 1259/2022/1203 882/2023/826 2216/2020/2065
f 2216/2020/2065 367/2024/367 1349/2025/1293
f 1358/2021/1302 1349/2025/1293 369/2026/369
f 807/2027/751 881/2028/825 84/595/84
f 130/1738/130 2217/2029/2066 807/2027/751
f 2217/2029/2066 360/1743/360 1339/2030/1283
f 881/2028/825 1339/2030/1283 359/597/359
f 1270/2031/1214 1269/2032/1213 131/2033/131
f 332/2019/332 2218/2034/2067 1270/2031/1214
f 1358/2021/1302 1355/2035/1299 2218/2034/2067
f 2218/2034/2067 361/2036/361 1269/2032/1213
f 376/2037/376 2219/2038/2068 1397/2039/1341
f 1366/2040/1310 1396/2041/1340 2219/2038/2068
f 1396/2041/1340 1386/2042/1330 2219/2038/2068
f 1397/2039/1341 1386/2042/1330 387/2043/387
f 374/2044/374 2220/2045/2069 1374/2046/1318
f 1362/2047/1306 1359/2048/1303 2220/2045/2069
f 2220/2045/2069 386/2049/386 1382/2050/1326
f 1374/2046/1318 1382/2050/1326 385/2051/385
f 1372/2052/1316 1369/2053/1313 380/2054/380
f 379/2055/379 2221/2056/2070 1372/2052/1316
f 1360/2057/1304 1392/2058/1336 2221/2056/2070
f 1369/2053/1313 1392/2058/1336 392/2059/392
f 1365/2060/1309 1364/2061/1308 371/2062/371
f 373/2063/373 2222/2064/2071 1365/2060/1309
f 1371/2065/1315 1385/2066/1329 2222/2064/2071
f 2222/2064/2071 381/2067/381 1364/2061/1308
f 372/2068/372 2223/2069/2072 1368/2070/1312
f 1375/2071/1319 1369/2053/1313 2223/2069/2072
f 2223/2069/2072 392/2059/392 1395/2072/1339
f 1368/2070/1312 1395/2072/1339 383/2073/383
f 1361/2074/1305 1371/2075/1315 373/2076/373
f 374/2044/374 2224/2077/2073 1361/2074/1305
f 1374/2046/1318 1381/2078/1325 2224/2077/2073
f 2224/2077/2073 384/2079/384 1371/2075/1315
f 965/2080/909 1377/2081/1321 218/2082/218
f 221/1607/221 2225/2083/2074 965/2080/909
f 2225/2083/2074 374/1614/374 1361/2084/1305
f 2225/2083/2074 373/2085/373 1377/2081/1321
f 1244/2086/1188 1376/695/1320 182/693/182
f 324/2087/324 2226/2088/2075 1244/2086/1188
f 1378/2089/1322 1375/2090/1319 2226/2088/2075
f 2226/2088/2075 372/2091/372 1376/695/1320
f 181/2092/181 2227/2093/2076 876/1598/820
f 218/2094/218 2227/2093/2076 986/2095/930
f 1377/2096/1321 1365/2097/1309 2227/2093/2076
f 876/1598/820 1365/2097/1309 371/1599/371
f 1238/2098/1182 1378/2089/1322 324/2087/324
f 323/2099/323 2228/2100/2077 1238/2098/1182
f 1231/2101/1175 1372/2102/1316 2228/2100/2077
f 2228/2100/2077 380/2103/380 1378/2089/1322
f 382/2104/382 2229/2105/2078 1380/2106/1324
f 1384/2107/1328 1382/2108/1326 2229/2105/2078
f 2229/2105/2078 386/2109/386 1383/2110/1327
f 1380/2106/1324 1383/2110/1327 383/2111/383
f 1385/2112/1329 1379/2113/1323 381/2114/381
f 384/2115/384 2230/2116/2079 1385/2112/1329
f 1381/2117/1325 1384/2107/1328 2230/2116/2079
f 2230/2116/2079 382/2104/382 1379/2113/1323
f 387/2118/387 2231/2119/2080 1387/2120/1331
f 388/2121/388 2231/2119/2080 1386/2122/1330
f 1388/2123/1332 1389/2124/1333 2231/2119/2080
f 1387/2120/1331 1389/2124/1333 389/2125/389
f 1389/2124/1333 1390/2126/1334 389/2125/389
f 1389/2124/1333 1391/2127/1335 2232/2128/2081
f 2232/2128/2081 392/2129/392 1392/2130/1336
f 2232/2128/2081 391/2131/391 1390/2126/1334
f 1393/2132/1337 1388/2123/1332 388/2121/388
f 381/2114/381 2233/2133/2082 1393/2132/1337
f 1379/2113/1323 1394/2134/1338 2233/2133/2082
f 2233/2133/2082 390/2135/390 1388/2123/1332
f 390/2135/390 2234/2136/2083 1391/2127/1335
f 1394/2134/1338 1380/2106/1324 2234/2136/2083
f 2234/2136/2083 383/2111/383 1395/2137/1339
f 1391/2127/1335 1395/2137/1339 392/2129/392
f 1373/2138/1317 1396/2041/1340 377/2139/377
f 371/2062/371 2235/2140/2084 1373/2138/1317
f 1364/2061/1308 1393/2141/1337 2235/2140/2084
f 2235/2140/2084 388/2142/388 1396/2041/1340
f 375/2143/375 2236/2144/2085 1359/2145/1303
f 1363/2146/1307 1368/2070/1312 2236/2144/2085
f 2236/2144/2085 383/2073/383 1383/2147/1327
f 1359/2145/1303 1383/2147/1327 386/2148/386
f 1370/2149/1314 1360/2150/1304 379/2151/379
f 378/2152/378 2237/2153/2086 1370/2149/1314
f 1398/2154/1342 1390/2155/1334 2237/2153/2086
f 2237/2153/2086 391/2156/391 1360/2150/1304
f 378/2152/378 2238/2157/2087 1398/2154/1342
f 1367/2158/1311 1397/2159/1341 2238/2157/2087
f 2238/2157/2087 387/2160/387 1387/2161/1331
f 1398/2154/1342 1387/2161/1331 389/2162/389
f 393/2163/1 2239/2164/1729 1399/2165/595
f 394/2166/2 2239/2164/1729 1401/2167/597
f 2239/2164/1729 396/2168/4 1402/2169/598
f 2239/2164/1729 395/2170/3 1399/2165/595
f 395/2170/3 2240/2171/1730 1403/2172/599
f 396/2168/4 2240/2171/1730 1402/2169/598
f 2240/2171/1730 398/2173/6 1405/2174/601
f 2240/2171/1730 397/2175/5 1403/2172/599
f 397/2175/5 2241/2176/1731 1406/2177/1343
f 398/2173/6 2241/2176/1731 1405/2174/601
f 2241/2176/1731 400/2178/8 1408/2179/604
f 2241/2176/1731 399/2180/7 1406/2177/1343
f 399/2180/7 2242/2181/1732 1409/2182/605
f 400/2178/8 2242/2181/1732 1408/2179/604
f 2242/2181/1732 402/2183/10 1411/2184/607
f 2242/2181/1732 401/2185/9 1409/2182/605
f 401/2186/9 2243/2187/1733 1412/2188/608
f 402/2189/10 2243/2187/1733 1411/2190/607
f 2243/2187/1733 404/2191/12 1414/2192/610
f 2243/2187/1733 403/2193/11 1412/2188/608
f 403/2193/11 2244/2194/1734 1415/2195/611
f 404/2191/12 2244/2194/1734 1414/2192/610
f 2244/2194/1734 406/2196/394 1417/2197/613
f 2244/2194/1734 405/2198/393 1415/2195/611
f 405/2198/393 2245/2199/1735 1418/2200/614
f 406/2196/394 2245/2199/1735 1417/2197/613
f 2245/2199/1735 408/2201/16 1420/2202/616
f 2245/2199/1735 407/2203/15 1418/2200/614
f 407/2203/15 2246/2204/1736 1421/2205/617
f 408/2201/16 2246/2204/1736 1420/2202/616
f 2246/2204/1736 410/2206/18 1423/2207/619
f 2246/2204/1736 409/2208/17 1421/2205/617
f 409/2208/17 2247/2209/1737 1424/2210/620
f 410/2206/18 2247/2209/1737 1423/2207/619
f 2247/2209/1737 412/2211/20 1426/2212/622
f 2247/2209/1737 411/2213/19 1424/2210/620
f 411/2213/19 2248/2214/1738 1427/2215/623
f 412/2211/20 2248/2214/1738 1426/2212/622
f 2248/2214/1738 414/2216/22 1429/2217/625
f 2248/2214/1738 413/2218/21 1427/2215/623
f 413/2218/21 2249/2219/1739 1430/2220/626
f 414/2216/22 2249/2219/1739 1429/2217/625
f 2249/2219/1739 416/2221/24 1432/2222/628
f 2249/2219/1739 415/2223/23 1430/2220/626
f 415/2223/23 2250/2224/1740 1433/2225/629
f 416/2221/24 2250/2224/1740 1432/2222/628
f 2250/2224/1740 418/2226/26 1435/2227/631
f 2250/2224/1740 417/2228/25 1433/2225/629
f 417/2229/25 2251/2230/1741 1436/2231/632
f 418/2232/26 2251/2230/1741 1435/2233/631
f 2251/2230/1741 420/2234/395 1438/2235/634
f 2251/2230/1741 419/2236/27 1436/2231/632
f 419/2236/27 2252/2237/1742 1439/2238/635
f 420/2234/395 2252/2237/1742 1438/2235/634
f 2252/2237/1742 422/2239/30 1441/2240/637
f 2252/2237/1742 421/2241/29 1439/2238/635
f 421/2241/29 2253/2242/1743 1442/2243/638
f 422/2239/30 2253/2242/1743 1441/2240/637
f 2253/2242/1743 424/2244/32 1444/2245/640
f 2253/2242/1743 423/2246/31 1442/2243/638
f 423/2246/31 2254/2247/1744 1445/2248/641
f 424/2244/32 2254/2247/1744 1444/2245/640
f 2254/2247/1744 426/2249/34 1447/2250/643
f 2254/2247/1744 425/2251/33 1445/2248/641
f 425/2251/33 2255/2252/1745 1448/2253/644
f 426/2249/34 2255/2252/1745 1447/2250/643
f 2255/2252/1745 428/2254/36 1450/2255/646
f 2255/2252/1745 427/2256/35 1448/2253/644
f 427/2256/35 2256/2257/1746 1451/2258/647
f 428/2254/36 2256/2257/1746 1450/2255/646
f 2256/2257/1746 430/2259/396 1453/2260/649
f 2256/2257/1746 429/2261/37 1451/2258/647
f 429/2261/37 2257/2262/1747 1454/2263/650
f 430/2259/396 2257/2262/1747 1453/2260/649
f 2257/2262/1747 432/2264/40 1456/2265/652
f 2257/2262/1747 431/2266/39 1454/2263/650
f 431/2266/39 2258/2267/1748 1457/2268/653
f 432/2264/40 2258/2267/1748 1456/2265/652
f 2258/2267/1748 434/2269/42 1459/2270/655
f 2258/2267/1748 433/2271/41 1457/2268/653
f 433/2272/41 2259/2273/1749 1460/2274/656
f 434/2275/42 2259/2273/1749 1459/2276/655
f 2259/2273/1749 436/2277/44 1462/2278/658
f 2259/2273/1749 435/2279/43 1460/2274/656
f 435/2279/43 2260/2280/1750 1463/2281/659
f 436/2277/44 2260/2280/1750 1462/2278/658
f 2260/2280/1750 438/2282/46 1465/2283/661
f 2260/2280/1750 437/2284/45 1463/2281/659
f 437/2284/45 2261/2285/1751 1466/2286/662
f 438/2282/46 2261/2285/1751 1465/2283/661
f 2261/2285/1751 440/2287/48 1468/2288/664
f 2261/2285/1751 439/2289/47 1466/2286/662
f 439/2289/47 2262/2290/1752 1469/2291/665
f 440/2287/48 2262/2290/1752 1468/2288/664
f 2262/2290/1752 442/2292/50 1471/2293/667
f 2262/2290/1752 441/2294/49 1469/2291/665
f 441/2294/49 2263/2295/1753 1472/2296/668
f 442/2292/50 2263/2295/1753 1471/2293/667
f 2263/2295/1753 444/2297/52 1474/2298/670
f 2263/2295/1753 443/2299/51 1472/2296/668
f 443/2299/51 2264/2300/1754 1475/2301/671
f 444/2297/52 2264/2300/1754 1474/2298/670
f 2264/2300/1754 446/2302/54 1477/2303/673
f 2264/2300/1754 445/2304/53 1475/2301/671
f 445/2304/53 2265/2305/1755 1478/2306/674
f 446/2302/54 2265/2305/1755 1477/2303/673
f 2265/2305/1755 448/2307/397 1480/2308/676
f 2265/2305/1755 447/2309/55 1478/2306/674
f 447/2309/55 2266/2310/1756 1481/2311/677
f 448/2307/397 2266/2310/1756 1480/2308/676
f 2266/2310/1756 450/2312/58 1483/2313/679
f 2266/2310/1756 449/2314/57 1481/2311/677
f 449/2315/57 2267/2316/1757 1484/2317/680
f 450/2318/58 2267/2316/1757 1483/2319/679
f 2267/2316/1757 452/2320/399 1486/2321/682
f 2267/2316/1757 451/2322/398 1484/2317/680
f 451/2322/398 2268/2323/1758 1487/2324/683
f 452/2320/399 2268/2323/1758 1486/2321/682
f 2268/2323/1758 454/2325/400 1489/2326/685
f 2268/2323/1758 453/2327/61 1487/2324/683
f 1400/2328/596 1404/2329/600 396/2330/4
f 1494/2331/690 1400/2328/596 394/2332/2
f 1491/2333/687 1494/2334/690 456/2335/64
f 1488/2336/684 1491/2333/687 454/2337/400
f 1485/2338/681 1488/2336/684 452/2339/399
f 1482/2340/678 1485/2338/681 450/2341/58
f 1479/2342/675 1482/2340/678 448/2343/397
f 1476/2344/672 1479/2342/675 446/2345/54
f 1473/2346/669 1476/2344/672 444/2347/52
f 1470/2348/666 1473/2346/669 442/2349/50
f 1467/2350/663 1470/2348/666 440/2351/48
f 1464/2352/660 1467/2350/663 438/2353/46
f 1461/2354/657 1464/2352/660 436/2355/44
f 1458/2356/654 1461/2354/657 434/2357/42
f 1455/2358/651 1458/2359/654 432/2360/40
f 1452/2361/648 1455/2358/651 430/2362/396
f 1449/2363/645 1452/2364/648 428/2365/36
f 1446/2366/642 1449/2363/645 426/2367/34
f 1443/2368/639 1446/2366/642 424/2369/32
f 1440/2370/636 1443/2368/639 422/2371/30
f 1437/2372/633 1440/2370/636 420/2373/395
f 1434/2374/630 1437/2372/633 418/2375/26
f 1431/2376/627 1434/2374/630 416/2377/24
f 1428/2378/624 1431/2376/627 414/2379/22
f 1425/2380/621 1428/2381/624 412/2382/20
f 1422/2383/618 1425/2380/621 410/2384/18
f 1419/2385/615 1422/2383/618 408/2386/16
f 1416/2387/612 1419/2385/615 406/2388/394
f 1413/2389/609 1416/2387/612 404/2390/12
f 1410/2391/606 1413/2389/609 402/2392/10
f 1407/2393/603 1410/2391/606 400/2394/8
f 1404/2329/600 1407/2393/603 398/2395/6
f 453/2327/61 2270/2396/1759 1490/2397/686
f 454/2325/400 2270/2396/1759 1489/2326/685
f 2270/2396/1759 456/2398/64 1492/2399/688
f 2270/2396/1759 455/2400/63 1490/2397/686
f 455/2400/63 2271/2401/1760 1493/2402/1344
f 456/2398/64 2271/2401/1760 1492/2399/688
f 2271/2401/1760 394/2166/2 1401/2167/597
f 2271/2401/1760 393/2163/1 1493/2402/1344
f 1399/2403/595 1493/2404/1344 393/2405/1
f 1403/2406/599 1399/2407/595 395/2408/3
f 1406/2409/1343 1403/2406/599 397/2410/5
f 1409/2411/605 1406/2412/1343 399/2413/7
f 1412/2414/608 1409/2411/605 401/2415/9
f 1415/2416/611 1412/2414/608 403/2417/11
f 1418/2418/614 1415/2416/611 405/2419/393
f 1421/2420/617 1418/2418/614 407/2421/15
f 1424/2422/620 1421/2420/617 409/2423/17
f 1427/2424/623 1424/2422/620 411/2425/19
f 1430/2426/626 1427/2424/623 413/2427/21
f 1433/2428/629 1430/2429/626 415/2430/23
f 1436/2431/632 1433/2428/629 417/2432/25
f 1439/2433/635 1436/2431/632 419/2434/27
f 1442/2435/638 1439/2433/635 421/2436/29
f 1445/2437/641 1442/2435/638 423/2438/31
f 1448/2439/644 1445/2440/641 425/2441/33
f 1451/2442/647 1448/2439/644 427/2443/35
f 1454/2444/650 1451/2445/647 429/2446/37
f 1457/2447/653 1454/2448/650 431/2449/39
f 1460/2450/656 1457/2447/653 433/2451/41
f 1463/2452/659 1460/2453/656 435/2454/43
f 1466/2455/662 1463/2452/659 437/2456/45
f 1469/2457/665 1466/2455/662 439/2458/47
f 1472/2459/668 1469/2457/665 441/2460/49
f 1475/2461/671 1472/2459/668 443/2462/51
f 1478/2463/674 1475/2461/671 445/2464/53
f 1481/2465/677 1478/2463/674 447/2466/55
f 1484/2467/680 1481/2465/677 449/2468/57
f 1487/2469/683 1484/2470/680 451/2471/398
f 1490/2472/686 1487/2469/683 453/2473/61
f 1493/2404/1344 1490/2472/686 455/2474/63
f 457/2475/401 2273/2476/2088 1495/2477/1345
f 523/2478/467 2273/2476/2088 1499/2479/1349
f 1687/2480/1537 1690/2481/1540 2273/2476/2088
f 1495/2477/1345 1690/2481/1540 521/2482/465
f 1500/2483/1350 1687/2480/1537 523/2478/467
f 458/2484/402 2274/2485/2089 1500/2483/1350
f 1498/2486/1348 1688/2487/1538 2274/2485/2089
f 2274/2485/2089 617/2488/561 1687/2480/1537
f 1688/2487/1538 1689/2489/1539 617/2488/561
f 1688/2487/1538 1497/2490/1347 2275/2491/2090
f 2275/2491/2090 460/2492/404 1501/2493/1351
f 1689/2489/1539 1501/2493/1351 524/2494/468
f 521/2482/465 2276/2495/2091 1496/2496/1346
f 617/2488/561 2276/2495/2091 1690/2481/1540
f 1689/2489/1539 1502/2497/1352 2276/2495/2091
f 2276/2495/2091 459/2498/403 1496/2496/1346
f 459/2498/403 2277/2499/2092 1503/2500/1353
f 524/2494/468 2277/2499/2092 1502/2497/1352
f 1691/2501/1541 1694/2502/1544 2277/2499/2092
f 1503/2500/1353 1694/2502/1544 525/2503/469
f 1501/2493/1351 1691/2501/1541 524/2494/468
f 460/2492/404 2278/2504/2093 1501/2493/1351
f 1506/2505/1356 1692/2506/1542 2278/2504/2093
f 2278/2504/2093 618/2507/562 1691/2501/1541
f 618/2507/562 2279/2508/2094 1693/2509/1543
f 1692/2506/1542 1505/2510/1355 2279/2508/2094
f 2279/2508/2094 462/2511/406 1507/2512/1357
f 1693/2509/1543 1507/2512/1357 527/2513/471
f 525/2503/469 2280/2514/2095 1504/2515/1354
f 618/2507/562 2280/2514/2095 1694/2502/1544
f 1693/2509/1543 1508/2516/1358 2280/2514/2095
f 2280/2514/2095 461/2517/405 1504/2515/1354
f 461/2517/405 2281/2518/2096 1509/2519/1359
f 527/2513/471 2281/2518/2096 1508/2516/1358
f 1695/2520/1545 1698/2521/1548 2281/2518/2096
f 1509/2519/1359 1698/2521/1548 528/2522/472
f 1507/2512/1357 1695/2520/1545 527/2513/471
f 462/2511/406 2282/2523/2097 1507/2512/1357
f 1512/2524/1362 1696/2525/1546 2282/2523/2097
f 2282/2523/2097 619/2526/563 1695/2520/1545
f 619/2526/563 2283/2527/2098 1697/2528/1547
f 1696/2525/1546 1511/2529/1361 2283/2527/2098
f 2283/2527/2098 464/2530/408 1513/2531/1363
f 1697/2528/1547 1513/2531/1363 530/2532/474
f 1698/2521/1548 1510/2533/1360 528/2522/472
f 1698/2521/1548 1697/2528/1547 2284/2534/2099
f 1697/2528/1547 1514/2535/1364 2284/2534/2099
f 2284/2534/2099 463/2536/407 1510/2533/1360
f 463/2536/407 2285/2537/2100 1515/2538/1365
f 530/2532/474 2285/2537/2100 1514/2535/1364
f 1699/2539/1549 1702/2540/1552 2285/2537/2100
f 2285/2537/2100 531/2541/475 1515/2538/1365
f 1513/2542/1363 1699/2543/1549 530/2544/474
f 464/2545/408 2286/2546/2101 1513/2542/1363
f 1518/2547/1368 1700/2548/1550 2286/2546/2101
f 2286/2546/2101 620/2549/564 1699/2543/1549
f 620/2550/564 2287/2551/2102 1701/2552/1551
f 1700/2553/1550 1517/2554/1367 2287/2551/2102
f 2287/2551/2102 466/2555/410 1519/2556/1369
f 1701/2552/1551 1519/2556/1369 533/2557/477
f 1702/2540/1552 1516/2558/1366 531/2541/475
f 620/2550/564 2288/2559/2103 1702/2540/1552
f 1701/2552/1551 1520/2560/1370 2288/2559/2103
f 2288/2559/2103 465/2561/409 1516/2558/1366
f 465/2562/409 2289/2563/2104 1521/2564/1371
f 533/2565/477 2289/2563/2104 1520/2566/1370
f 1703/2567/1553 1706/2568/1556 2289/2563/2104
f 2289/2563/2104 534/2569/478 1521/2564/1371
f 1519/2570/1369 1703/2567/1553 533/2565/477
f 466/2571/410 2290/2572/2105 1519/2570/1369
f 1524/2573/1374 1704/2574/1554 2290/2572/2105
f 2290/2572/2105 621/2575/565 1703/2567/1553
f 621/2575/565 2291/2576/2106 1705/2577/1555
f 1704/2574/1554 1523/2578/1373 2291/2576/2106
f 2291/2576/2106 468/2579/412 1525/2580/1375
f 1705/2577/1555 1525/2580/1375 536/2581/480
f 1706/2568/1556 1522/2582/1372 534/2569/478
f 621/2575/565 2292/2583/2107 1706/2568/1556
f 1705/2577/1555 1526/2584/1376 2292/2583/2107
f 2292/2583/2107 467/2585/411 1522/2582/1372
f 467/2585/411 2293/2586/2108 1527/2587/1377
f 536/2581/480 2293/2586/2108 1526/2584/1376
f 1707/2588/1557 1710/2589/1560 2293/2586/2108
f 2293/2586/2108 537/2590/481 1527/2587/1377
f 1525/2580/1375 1707/2588/1557 536/2581/480
f 468/2579/412 2294/2591/2109 1525/2580/1375
f 1530/2592/1380 1708/2593/1558 2294/2591/2109
f 2294/2591/2109 622/2594/566 1707/2588/1557
f 622/2594/566 2295/2595/2110 1709/2596/1559
f 1708/2593/1558 1529/2597/1379 2295/2595/2110
f 2295/2595/2110 470/2598/414 1531/2599/1381
f 1709/2596/1559 1531/2599/1381 539/2600/483
f 1710/2589/1560 1528/2601/1378 537/2590/481
f 622/2594/566 2296/2602/2111 1710/2589/1560
f 1709/2596/1559 1532/2603/1382 2296/2602/2111
f 2296/2602/2111 469/2604/413 1528/2601/1378
f 469/2604/413 2297/2605/2112 1533/2606/1383
f 539/2600/483 2297/2605/2112 1532/2603/1382
f 1711/2607/1561 1714/2608/1564 2297/2605/2112
f 2297/2605/2112 540/2609/484 1533/2606/1383
f 1531/2599/1381 1711/2607/1561 539/2600/483
f 470/2598/414 2298/2610/2113 1531/2599/1381
f 1536/2611/1386 1712/2612/1562 2298/2610/2113
f 2298/2610/2113 623/2613/567 1711/2607/1561
f 623/2613/567 2299/2614/2114 1713/2615/1563
f 1712/2612/1562 1535/2616/1385 2299/2614/2114
f 2299/2614/2114 472/2617/416 1537/2618/1387
f 1713/2615/1563 1537/2618/1387 542/2619/486
f 1714/2608/1564 1534/2620/1384 540/2609/484
f 623/2613/567 2300/2621/2115 1714/2608/1564
f 1713/2615/1563 1538/2622/1388 2300/2621/2115
f 2300/2621/2115 471/2623/415 1534/2620/1384
f 471/2623/415 2301/2624/2116 1539/2625/1389
f 542/2619/486 2301/2624/2116 1538/2622/1388
f 1715/2626/1565 1718/2627/1568 2301/2624/2116
f 2301/2624/2116 543/2628/487 1539/2625/1389
f 1537/2618/1387 1715/2626/1565 542/2619/486
f 472/2617/416 2302/2629/2117 1537/2618/1387
f 1542/2630/1392 1716/2631/1566 2302/2629/2117
f 2302/2629/2117 624/2632/568 1715/2626/1565
f 624/2632/568 2303/2633/2118 1717/2634/1567
f 1716/2631/1566 1541/2635/1391 2303/2633/2118
f 2303/2633/2118 474/2636/418 1543/2637/1393
f 1717/2634/1567 1543/2637/1393 545/2638/489
f 1718/2627/1568 1540/2639/1390 543/2628/487
f 624/2632/568 2304/2640/2119 1718/2627/1568
f 1717/2634/1567 1544/2641/1394 2304/2640/2119
f 2304/2640/2119 473/2642/417 1540/2639/1390
f 473/2642/417 2305/2643/2120 1545/2644/1395
f 545/2638/489 2305/2643/2120 1544/2641/1394
f 1719/2645/1569 1722/2646/1572 2305/2643/2120
f 1545/2644/1395 1722/2646/1572 546/2647/490
f 1543/2637/1393 1719/2645/1569 545/2638/489
f 474/2636/418 2306/2648/2121 1543/2637/1393
f 1548/2649/1398 1720/2650/1570 2306/2648/2121
f 2306/2648/2121 625/2651/569 1719/2645/1569
f 625/2651/569 2307/2652/2122 1721/2653/1571
f 1720/2650/1570 1547/2654/1397 2307/2652/2122
f 2307/2652/2122 476/2655/420 1549/2656/1399
f 1721/2653/1571 1549/2656/1399 548/2657/492
f 1722/2646/1572 1546/2658/1396 546/2647/490
f 625/2651/569 2308/2659/2123 1722/2646/1572
f 1721/2653/1571 1550/2660/1400 2308/2659/2123
f 2308/2659/2123 475/2661/419 1546/2658/1396
f 475/2661/419 2309/2662/2124 1551/2663/1401
f 548/2657/492 2309/2662/2124 1550/2660/1400
f 1723/2664/1573 1726/2665/1576 2309/2662/2124
f 1551/2663/1401 1726/2665/1576 549/2666/493
f 1549/2656/1399 1723/2664/1573 548/2657/492
f 476/2655/420 2310/2667/2125 1549/2656/1399
f 1554/2668/1404 1724/2669/1574 2310/2667/2125
f 2310/2667/2125 626/2670/570 1723/2664/1573
f 626/2670/570 2311/2671/2126 1725/2672/1575
f 1724/2669/1574 1553/2673/1403 2311/2671/2126
f 2311/2671/2126 478/2674/422 1555/2675/1405
f 1725/2672/1575 1555/2675/1405 551/2676/495
f 1726/2665/1576 1552/2677/1402 549/2666/493
f 626/2670/570 2312/2678/2127 1726/2665/1576
f 1725/2672/1575 1556/2679/1406 2312/2678/2127
f 2312/2678/2127 477/2680/421 1552/2677/1402
f 477/2681/421 2313/2682/2128 1557/2683/1407
f 551/2684/495 2313/2682/2128 1556/2685/1406
f 1727/2686/1577 1730/2687/1580 2313/2682/2128
f 2313/2682/2128 552/2688/496 1557/2683/1407
f 1555/2675/1405 1727/2689/1577 551/2676/495
f 478/2674/422 2314/2690/2129 1555/2675/1405
f 1560/2691/1410 1728/2692/1578 2314/2690/2129
f 2314/2690/2129 627/2693/571 1727/2689/1577
f 627/2693/571 2315/2694/2130 1729/2695/1579
f 1728/2692/1578 1559/2696/1409 2315/2694/2130
f 2315/2694/2130 480/2697/424 1561/2698/1411
f 1729/2695/1579 1561/2698/1411 554/2699/498
f 1730/2700/1580 1558/2701/1408 552/2702/496
f 627/2693/571 2316/2703/2131 1730/2700/1580
f 1729/2695/1579 1562/2704/1412 2316/2703/2131
f 2316/2703/2131 479/2705/423 1558/2701/1408
f 479/2706/423 2317/2707/2132 1563/2708/1413
f 554/2709/498 2317/2707/2132 1562/2710/1412
f 1731/2711/1581 1734/2712/1584 2317/2707/2132
f 2317/2707/2132 555/2713/499 1563/2708/1413
f 1561/2714/1411 1731/2711/1581 554/2709/498
f 480/2715/424 2318/2716/2133 1561/2714/1411
f 1566/2717/1416 1732/2718/1582 2318/2716/2133
f 2318/2716/2133 628/2719/572 1731/2711/1581
f 1732/2720/1582 1733/2721/1583 628/2722/572
f 1732/2720/1582 1565/2723/1415 2319/2724/2134
f 2319/2724/2134 482/2725/426 1567/2726/1417
f 1733/2721/1583 1567/2726/1417 557/2727/501
f 1734/2728/1584 1564/2729/1414 555/2730/499
f 628/2722/572 2320/2731/2135 1734/2728/1584
f 1733/2721/1583 1568/2732/1418 2320/2731/2135
f 2320/2731/2135 481/2733/425 1564/2729/1414
f 481/2734/425 2321/2735/2136 1569/2736/1419
f 557/2737/501 2321/2735/2136 1568/2738/1418
f 1735/2739/1585 1738/2740/1588 2321/2735/2136
f 2321/2735/2136 558/2741/502 1569/2736/1419
f 1567/2742/1417 1735/2739/1585 557/2737/501
f 482/2743/426 2322/2744/2137 1567/2742/1417
f 1572/2745/1422 1736/2746/1586 2322/2744/2137
f 2322/2744/2137 629/2747/573 1735/2739/1585
f 1736/2748/1586 1737/2749/1587 629/2750/573
f 1736/2748/1586 1571/2751/1421 2323/2752/2138
f 2323/2752/2138 484/2753/428 1573/2754/1423
f 1737/2749/1587 1573/2754/1423 560/2755/504
f 1738/2756/1588 1570/2757/1420 558/2758/502
f 629/2750/573 2324/2759/2139 1738/2756/1588
f 1737/2749/1587 1574/2760/1424 2324/2759/2139
f 2324/2759/2139 483/2761/427 1570/2757/1420
f 483/2762/427 2325/2763/2140 1575/2764/1425
f 560/2765/504 2325/2763/2140 1574/2766/1424
f 1739/2767/1589 1742/2768/1592 2325/2763/2140
f 2325/2763/2140 561/2769/505 1575/2764/1425
f 1573/2770/1423 1739/2767/1589 560/2765/504
f 484/2771/428 2326/2772/2141 1573/2770/1423
f 1578/2773/1428 1740/2774/1590 2326/2772/2141
f 2326/2772/2141 630/2775/574 1739/2767/1589
f 1740/2774/1590 1741/2776/1591 630/2775/574
f 1740/2774/1590 1577/2777/1427 2327/2778/2142
f 2327/2778/2142 486/2779/430 1579/2780/1429
f 1741/2776/1591 1579/2780/1429 563/2781/507
f 1742/2782/1592 1576/2783/1426 561/2784/505
f 630/2785/574 2328/2786/2143 1742/2782/1592
f 1741/2787/1591 1580/2788/1430 2328/2786/2143
f 2328/2786/2143 485/2789/429 1576/2783/1426
f 485/2790/429 2329/2791/2144 1581/2792/1431
f 563/2781/507 2329/2791/2144 1580/2793/1430
f 1743/2794/1593 1746/2795/1596 2329/2791/2144
f 2329/2791/2144 564/2796/508 1581/2792/1431
f 1579/2780/1429 1743/2794/1593 563/2781/507
f 486/2779/430 2330/2797/2145 1579/2780/1429
f 1584/2798/1434 1744/2799/1594 2330/2797/2145
f 2330/2797/2145 631/2800/575 1743/2794/1593
f 1744/2799/1594 1745/2801/1595 631/2800/575
f 1744/2799/1594 1583/2802/1433 2331/2803/2146
f 2331/2803/2146 488/2804/432 1585/2805/1435
f 1745/2801/1595 1585/2805/1435 566/2806/510
f 1746/2795/1596 1582/2807/1432 564/2796/508
f 631/2800/575 2332/2808/2147 1746/2795/1596
f 1745/2801/1595 1586/2809/1436 2332/2808/2147
f 2332/2808/2147 487/2810/431 1582/2807/1432
f 487/2810/431 2333/2811/2148 1587/2812/1437
f 566/2806/510 2333/2811/2148 1586/2809/1436
f 1747/2813/1597 1750/2814/1600 2333/2811/2148
f 1587/2812/1437 1750/2814/1600 567/2815/511
f 1585/2805/1435 1747/2813/1597 566/2806/510
f 488/2804/432 2334/2816/2149 1585/2805/1435
f 1590/2817/1440 1748/2818/1598 2334/2816/2149
f 2334/2816/2149 632/2819/576 1747/2813/1597
f 1748/2818/1598 1749/2820/1599 632/2819/576
f 1748/2818/1598 1589/2821/1439 2335/2822/2150
f 2335/2822/2150 490/2823/434 1591/2824/1441
f 1749/2820/1599 1591/2824/1441 569/2825/513
f 1750/2814/1600 1588/2826/1438 567/2815/511
f 632/2819/576 2336/2827/2151 1750/2814/1600
f 1749/2820/1599 1592/2828/1442 2336/2827/2151
f 2336/2827/2151 489/2829/433 1588/2826/1438
f 489/2829/433 2337/2830/2152 1593/2831/1443
f 569/2825/513 2337/2830/2152 1592/2828/1442
f 1751/2832/1601 1754/2833/1604 2337/2830/2152
f 1593/2831/1443 1754/2833/1604 570/2834/514
f 1591/2824/1441 1751/2832/1601 569/2825/513
f 490/2823/434 2338/2835/2153 1591/2824/1441
f 1596/2836/1446 1752/2837/1602 2338/2835/2153
f 2338/2835/2153 633/2838/577 1751/2832/1601
f 1752/2837/1602 1753/2839/1603 633/2838/577
f 1752/2837/1602 1595/2840/1445 2339/2841/2154
f 2339/2841/2154 492/2842/436 1597/2843/1447
f 1753/2839/1603 1597/2843/1447 572/2844/516
f 1754/2833/1604 1594/2845/1444 570/2834/514
f 633/2838/577 2340/2846/2155 1754/2833/1604
f 1753/2839/1603 1598/2847/1448 2340/2846/2155
f 2340/2846/2155 491/2848/435 1594/2845/1444
f 491/2848/435 2341/2849/2156 1599/2850/1449
f 572/2844/516 2341/2849/2156 1598/2847/1448
f 1755/2851/1605 1758/2852/1608 2341/2849/2156
f 1599/2850/1449 1758/2852/1608 573/2853/517
f 1597/2843/1447 1755/2851/1605 572/2844/516
f 492/2842/436 2342/2854/2157 1597/2843/1447
f 1602/2855/1452 1756/2856/1606 2342/2854/2157
f 2342/2854/2157 634/2857/578 1755/2851/1605
f 634/2857/578 2343/2858/2158 1757/2859/1607
f 1756/2856/1606 1601/2860/1451 2343/2858/2158
f 2343/2858/2158 494/2861/438 1603/2862/1453
f 1757/2859/1607 1603/2862/1453 575/2863/519
f 1758/2852/1608 1600/2864/1450 573/2853/517
f 634/2857/578 2344/2865/2159 1758/2852/1608
f 1757/2859/1607 1604/2866/1454 2344/2865/2159
f 2344/2865/2159 493/2867/437 1600/2864/1450
f 493/2867/437 2345/2868/2160 1605/2869/1455
f 575/2863/519 2345/2868/2160 1604/2866/1454
f 1759/2870/1609 1762/2871/1612 2345/2868/2160
f 1605/2869/1455 1762/2871/1612 576/2872/520
f 1603/2862/1453 1759/2870/1609 575/2863/519
f 494/2861/438 2346/2873/2161 1603/2862/1453
f 1608/2874/1458 1760/2875/1610 2346/2873/2161
f 2346/2873/2161 635/2876/579 1759/2870/1609
f 635/2876/579 2347/2877/2162 1761/2878/1611
f 1760/2875/1610 1607/2879/1457 2347/2877/2162
f 2347/2877/2162 496/2880/440 1609/2881/1459
f 1761/2878/1611 1609/2881/1459 578/2882/522
f 1762/2871/1612 1606/2883/1456 576/2872/520
f 635/2876/579 2348/2884/2163 1762/2871/1612
f 1761/2878/1611 1610/2885/1460 2348/2884/2163
f 2348/2884/2163 495/2886/439 1606/2883/1456
f 495/2887/439 2349/2888/2164 1611/2889/1461
f 1610/2890/1460 1763/2891/1613 2349/2888/2164
f 2349/2888/2164 636/2892/580 1766/2893/1616
f 1611/2889/1461 1766/2893/1616 579/2894/523
f 1609/2895/1459 1763/2891/1613 578/2896/522
f 496/2897/440 2350/2898/2165 1609/2895/1459
f 1614/2899/1464 1764/2900/1614 2350/2898/2165
f 2350/2898/2165 636/2892/580 1763/2891/1613
f 636/2901/580 2351/2902/2166 1765/2903/1615
f 1764/2904/1614 1613/2905/1463 2351/2902/2166
f 2351/2902/2166 498/2906/442 1615/2907/1465
f 1765/2903/1615 1615/2907/1465 581/2908/525
f 1766/2909/1616 1612/2910/1462 579/2911/523
f 1766/2909/1616 1765/2903/1615 2352/2912/2167
f 2352/2912/2167 581/2908/525 1616/2913/1466
f 2352/2912/2167 497/2914/441 1612/2910/1462
f 497/2915/441 2353/2916/2168 1617/2917/1467
f 1616/2918/1466 1767/2919/1617 2353/2916/2168
f 2353/2916/2168 637/2920/581 1770/2921/1620
f 1617/2917/1467 1770/2921/1620 582/2922/526
f 1615/2923/1465 1767/2919/1617 581/2924/525
f 498/2925/442 2354/2926/2169 1615/2923/1465
f 1620/2927/1470 1768/2928/1618 2354/2926/2169
f 2354/2926/2169 637/2920/581 1767/2919/1617
f 637/2929/581 2355/2930/2170 1769/2931/1619
f 1768/2932/1618 1619/2933/1469 2355/2930/2170
f 2355/2930/2170 500/2934/444 1621/2935/1471
f 1769/2931/1619 1621/2935/1471 584/2936/528
f 1770/2937/1620 1618/2938/1468 582/2939/526
f 1770/2937/1620 1769/2931/1619 2356/2940/2171
f 2356/2940/2171 584/2936/528 1622/2941/1472
f 2356/2940/2171 499/2942/443 1618/2938/1468
f 499/2943/443 2357/2944/2172 1623/2945/1473
f 1622/2946/1472 1771/2947/1621 2357/2944/2172
f 2357/2944/2172 638/2948/582 1774/2949/1624
f 1623/2945/1473 1774/2949/1624 585/2950/529
f 1621/2951/1471 1771/2947/1621 584/2952/528
f 500/2953/444 2358/2954/2173 1621/2951/1471
f 1626/2955/1476 1772/2956/1622 2358/2954/2173
f 2358/2954/2173 638/2948/582 1771/2947/1621
f 638/2948/582 2359/2957/2174 1773/2958/1623
f 1772/2956/1622 1625/2959/1475 2359/2957/2174
f 2359/2957/2174 502/2960/446 1627/2961/1477
f 1773/2958/1623 1627/2961/1477 587/2962/531
f 1774/2949/1624 1624/2963/1474 585/2950/529
f 1774/2949/1624 1773/2958/1623 2360/2964/2175
f 2360/2964/2175 587/2962/531 1628/2965/1478
f 2360/2964/2175 501/2966/445 1624/2963/1474
f 501/2966/445 2361/2967/2176 1629/2968/1479
f 1628/2965/1478 1775/2969/1625 2361/2967/2176
f 2361/2967/2176 639/2970/583 1778/2971/1628
f 1629/2968/1479 1778/2971/1628 588/2972/532
f 1627/2961/1477 1775/2969/1625 587/2962/531
f 502/2960/446 2362/2973/2177 1627/2961/1477
f 1632/2974/1482 1776/2975/1626 2362/2973/2177
f 2362/2973/2177 639/2970/583 1775/2969/1625
f 639/2970/583 2363/2976/2178 1777/2977/1627
f 1776/2975/1626 1631/2978/1481 2363/2976/2178
f 2363/2976/2178 504/2979/448 1633/2980/1483
f 1777/2977/1627 1633/2980/1483 590/2981/534
f 1778/2971/1628 1630/2982/1480 588/2972/532
f 1778/2971/1628 1777/2977/1627 2364/2983/2179
f 2364/2983/2179 590/2981/534 1634/2984/1484
f 2364/2983/2179 503/2985/447 1630/2982/1480
f 503/2985/447 2365/2986/2180 1635/2987/1485
f 1634/2984/1484 1779/2988/1629 2365/2986/2180
f 2365/2986/2180 640/2989/584 1782/2990/1632
f 1635/2987/1485 1782/2990/1632 591/2991/535
f 1633/2980/1483 1779/2988/1629 590/2981/534
f 504/2979/448 2366/2992/2181 1633/2980/1483
f 1638/2993/1488 1780/2994/1630 2366/2992/2181
f 2366/2992/2181 640/2989/584 1779/2988/1629
f 640/2989/584 2367/2995/2182 1781/2996/1631
f 1780/2994/1630 1637/2997/1487 2367/2995/2182
f 2367/2995/2182 506/2998/450 1639/2999/1489
f 1781/2996/1631 1639/2999/1489 593/3000/537
f 1782/2990/1632 1636/3001/1486 591/2991/535
f 1782/2990/1632 1781/2996/1631 2368/3002/2183
f 2368/3002/2183 593/3000/537 1640/3003/1490
f 2368/3002/2183 505/3004/449 1636/3001/1486
f 505/3004/449 2369/3005/2184 1641/3006/1491
f 1640/3003/1490 1783/3007/1633 2369/3005/2184
f 2369/3005/2184 641/3008/585 1786/3009/1636
f 1641/3006/1491 1786/3009/1636 594/3010/538
f 1639/2999/1489 1783/3007/1633 593/3000/537
f 506/2998/450 2370/3011/2185 1639/2999/1489
f 1644/3012/1494 1784/3013/1634 2370/3011/2185
f 2370/3011/2185 641/3008/585 1783/3007/1633
f 641/3008/585 2371/3014/2186 1785/3015/1635
f 1784/3013/1634 1643/3016/1493 2371/3014/2186
f 2371/3014/2186 508/3017/452 1645/3018/1495
f 1785/3015/1635 1645/3018/1495 596/3019/540
f 1786/3009/1636 1642/3020/1492 594/3010/538
f 1786/3009/1636 1785/3015/1635 2372/3021/2187
f 1785/3015/1635 1646/3022/1496 2372/3021/2187
f 2372/3021/2187 507/3023/451 1642/3020/1492
f 507/3023/451 2373/3024/2188 1647/3025/1497
f 1646/3022/1496 1787/3026/1637 2373/3024/2188
f 2373/3024/2188 642/3027/586 1790/3028/1640
f 1647/3025/1497 1790/3028/1640 597/3029/541
f 1645/3018/1495 1787/3026/1637 596/3019/540
f 508/3017/452 2374/3030/2189 1645/3018/1495
f 1650/3031/1500 1788/3032/1638 2374/3030/2189
f 2374/3030/2189 642/3027/586 1787/3026/1637
f 642/3027/586 2375/3033/2190 1789/3034/1639
f 1788/3032/1638 1649/3035/1499 2375/3033/2190
f 2375/3033/2190 510/3036/454 1651/3037/1501
f 1789/3034/1639 1651/3037/1501 599/3038/543
f 1790/3028/1640 1648/3039/1498 597/3029/541
f 642/3027/586 2376/3040/2191 1790/3028/1640
f 1789/3034/1639 1652/3041/1502 2376/3040/2191
f 2376/3040/2191 509/3042/453 1648/3039/1498
f 509/3043/453 2377/3044/2192 1653/3045/1503
f 599/3046/543 2377/3044/2192 1652/3047/1502
f 1791/3048/1641 1794/3049/1644 2377/3044/2192
f 1653/3045/1503 1794/3049/1644 600/3050/544
f 1651/3037/1501 1791/3051/1641 599/3038/543
f 510/3036/454 2378/3052/2193 1651/3037/1501
f 1656/3053/1506 1792/3054/1642 2378/3052/2193
f 2378/3052/2193 643/3055/587 1791/3051/1641
f 643/3055/587 2379/3056/2194 1793/3057/1643
f 1792/3054/1642 1655/3058/1505 2379/3056/2194
f 2379/3056/2194 512/3059/456 1657/3060/1507
f 1793/3057/1643 1657/3060/1507 602/3061/546
f 1794/3062/1644 1654/3063/1504 600/3064/544
f 643/3055/587 2380/3065/2195 1794/3062/1644
f 1793/3057/1643 1658/3066/1508 2380/3065/2195
f 2380/3065/2195 511/3067/455 1654/3063/1504
f 511/3068/455 2381/3069/2196 1659/3070/1509
f 602/3071/546 2381/3069/2196 1658/3072/1508
f 1795/3073/1645 1798/3074/1648 2381/3069/2196
f 1659/3070/1509 1798/3074/1648 603/3075/547
f 1657/3076/1507 1795/3073/1645 602/3071/546
f 512/3077/456 2382/3078/2197 1657/3076/1507
f 1662/3079/1512 1796/3080/1646 2382/3078/2197
f 2382/3078/2197 644/3081/588 1795/3073/1645
f 644/3082/588 2383/3083/2198 1797/3084/1647
f 1796/3085/1646 1661/3086/1511 2383/3083/2198
f 2383/3083/2198 514/3087/458 1663/3088/1513
f 1797/3084/1647 1663/3088/1513 605/3089/549
f 1798/3090/1648 1660/3091/1510 603/3092/547
f 644/3082/588 2384/3093/2199 1798/3090/1648
f 1797/3084/1647 1664/3094/1514 2384/3093/2199
f 2384/3093/2199 513/3095/457 1660/3091/1510
f 513/3096/457 2385/3097/2200 1665/3098/1515
f 605/3099/549 2385/3097/2200 1664/3100/1514
f 1799/3101/1649 1802/3102/1652 2385/3097/2200
f 1665/3098/1515 1802/3102/1652 606/3103/550
f 1663/3104/1513 1799/3101/1649 605/3099/549
f 514/3105/458 2386/3106/2201 1663/3104/1513
f 1668/3107/1518 1800/3108/1650 2386/3106/2201
f 2386/3106/2201 645/3109/589 1799/3101/1649
f 645/3110/589 2387/3111/2202 1801/3112/1651
f 1800/3113/1650 1667/3114/1517 2387/3111/2202
f 2387/3111/2202 516/3115/460 1669/3116/1519
f 1801/3112/1651 1669/3116/1519 608/3117/552
f 1802/3118/1652 1666/3119/1516 606/3120/550
f 645/3110/589 2388/3121/2203 1802/3118/1652
f 1801/3112/1651 1670/3122/1520 2388/3121/2203
f 2388/3121/2203 515/3123/459 1666/3119/1516
f 515/3124/459 2389/3125/2204 1671/3126/1521
f 608/3127/552 2389/3125/2204 1670/3128/1520
f 1803/3129/1653 1806/3130/1656 2389/3125/2204
f 1671/3126/1521 1806/3130/1656 609/3131/553
f 1669/3132/1519 1803/3129/1653 608/3127/552
f 516/3133/460 2390/3134/2205 1669/3132/1519
f 1674/3135/1524 1804/3136/1654 2390/3134/2205
f 2390/3134/2205 646/3137/590 1803/3129/1653
f 646/3137/590 2391/3138/2206 1805/3139/1655
f 1804/3136/1654 1673/3140/1523 2391/3138/2206
f 2391/3138/2206 518/3141/462 1675/3142/1525
f 1805/3139/1655 1675/3142/1525 611/3143/555
f 1806/3144/1656 1672/3145/1522 609/3146/553
f 646/3147/590 2392/3148/2207 1806/3144/1656
f 1805/3149/1655 1676/3150/1526 2392/3148/2207
f 2392/3148/2207 517/3151/461 1672/3145/1522
f 1497/3152/1347 1506/3153/1356 460/3154/404
f 522/3155/466 2393/3156/2208 1497/3152/1347
f 1807/3157/1657 1838/3158/1688 2393/3156/2208
f 2393/3156/2208 526/3159/470 1506/3153/1356
f 1685/3160/1535 1498/3161/1348 458/3162/402
f 616/3163/560 2394/3164/2209 1685/3160/1535
f 1808/3165/1658 1807/3157/1657 2394/3164/2209
f 2394/3164/2209 522/3155/466 1498/3161/1348
f 1679/3166/1529 1686/3167/1536 520/3168/464
f 613/3169/557 2395/3170/2210 1679/3166/1529
f 1809/3171/1659 1808/3165/1658 2395/3170/2210
f 2395/3170/2210 616/3163/560 1686/3167/1536
f 1673/3172/1523 1680/3173/1530 518/3174/462
f 610/3175/554 2396/3176/2211 1673/3172/1523
f 1810/3177/1660 1809/3171/1659 2396/3176/2211
f 2396/3176/2211 613/3169/557 1680/3173/1530
f 1667/3178/1517 1674/3179/1524 516/3180/460
f 607/3181/551 2397/3182/2212 1667/3178/1517
f 1811/3183/1661 1810/3184/1660 2397/3182/2212
f 2397/3182/2212 610/3175/554 1674/3179/1524
f 1661/3185/1511 1668/3186/1518 514/3187/458
f 604/3188/548 2398/3189/2213 1661/3185/1511
f 1812/3190/1662 1811/3183/1661 2398/3189/2213
f 2398/3189/2213 607/3181/551 1668/3186/1518
f 1655/3191/1505 1662/3192/1512 512/3193/456
f 601/3194/545 2399/3195/2214 1655/3191/1505
f 1813/3196/1663 1812/3190/1662 2399/3195/2214
f 2399/3195/2214 604/3188/548 1662/3192/1512
f 1649/3197/1499 1656/3198/1506 510/3199/454
f 598/3200/542 2400/3201/2215 1649/3197/1499
f 1814/3202/1664 1813/3203/1663 2400/3201/2215
f 2400/3201/2215 601/3194/545 1656/3198/1506
f 1643/3204/1493 1650/3205/1500 508/3206/452
f 595/3207/539 2401/3208/2216 1643/3204/1493
f 1815/3209/1665 1814/3210/1664 2401/3208/2216
f 2401/3208/2216 598/3200/542 1650/3205/1500
f 1637/3211/1487 1644/3212/1494 506/3213/450
f 592/3214/536 2402/3215/2217 1637/3211/1487
f 1816/3216/1666 1815/3209/1665 2402/3215/2217
f 2402/3215/2217 595/3207/539 1644/3212/1494
f 1631/3217/1481 1638/3218/1488 504/3219/448
f 589/3220/533 2403/3221/2218 1631/3217/1481
f 1817/3222/1667 1816/3223/1666 2403/3221/2218
f 2403/3221/2218 592/3214/536 1638/3218/1488
f 1625/3224/1475 1632/3225/1482 502/3226/446
f 586/3227/530 2404/3228/2219 1625/3224/1475
f 1818/3229/1668 1817/3230/1667 2404/3228/2219
f 2404/3228/2219 589/3220/533 1632/3225/1482
f 1619/3231/1469 1626/3232/1476 500/3233/444
f 583/3234/527 2405/3235/2220 1619/3231/1469
f 1819/3236/1669 1818/3237/1668 2405/3235/2220
f 2405/3235/2220 586/3227/530 1626/3232/1476
f 1613/3238/1463 1620/3239/1470 498/3240/442
f 580/3241/524 2406/3242/2221 1613/3238/1463
f 1820/3243/1670 1819/3244/1669 2406/3242/2221
f 2406/3242/2221 583/3234/527 1620/3239/1470
f 1607/3245/1457 1614/3246/1464 496/3247/440
f 577/3248/521 2407/3249/2222 1607/3245/1457
f 1821/3250/1671 1820/3251/1670 2407/3249/2222
f 2407/3249/2222 580/3241/524 1614/3246/1464
f 1601/3252/1451 1608/3253/1458 494/3254/438
f 574/3255/518 2408/3256/2223 1601/3252/1451
f 1822/3257/1672 1821/3258/1671 2408/3256/2223
f 2408/3256/2223 577/3248/521 1608/3253/1458
f 1595/3259/1445 1602/3260/1452 492/3261/436
f 571/3262/515 2409/3263/2224 1595/3259/1445
f 1823/3264/1673 1822/3257/1672 2409/3263/2224
f 2409/3263/2224 574/3255/518 1602/3260/1452
f 1589/3265/1439 1596/3266/1446 490/3267/434
f 568/3268/512 2410/3269/2225 1589/3265/1439
f 1824/3270/1674 1823/3271/1673 2410/3269/2225
f 2410/3269/2225 571/3262/515 1596/3266/1446
f 1583/3272/1433 1590/3273/1440 488/3274/432
f 565/3275/509 2411/3276/2226 1583/3272/1433
f 1825/3277/1675 1824/3278/1674 2411/3276/2226
f 2411/3276/2226 568/3268/512 1590/3273/1440
f 1577/3279/1427 1584/3280/1434 486/3281/430
f 562/3282/506 2412/3283/2227 1577/3279/1427
f 1826/3284/1676 1825/3285/1675 2412/3283/2227
f 2412/3283/2227 565/3275/509 1584/3280/1434
f 1571/3286/1421 1578/3287/1428 484/3288/428
f 559/3289/503 2413/3290/2228 1571/3286/1421
f 1827/3291/1677 1826/3284/1676 2413/3290/2228
f 2413/3290/2228 562/3282/506 1578/3287/1428
f 1565/3292/1415 1572/3293/1422 482/3294/426
f 556/3295/500 2414/3296/2229 1565/3292/1415
f 1828/3297/1678 1827/3298/1677 2414/3296/2229
f 2414/3296/2229 559/3289/503 1572/3293/1422
f 1559/3299/1409 1566/3300/1416 480/3301/424
f 553/3302/497 2415/3303/2230 1559/3299/1409
f 1829/3304/1679 1828/3305/1678 2415/3303/2230
f 2415/3303/2230 556/3295/500 1566/3300/1416
f 1553/3306/1403 1560/3307/1410 478/3308/422
f 550/3309/494 2416/3310/2231 1553/3306/1403
f 1830/3311/1680 1829/3312/1679 2416/3310/2231
f 2416/3310/2231 553/3302/497 1560/3307/1410
f 1547/3313/1397 1554/3314/1404 476/3315/420
f 547/3316/491 2417/3317/2232 1547/3313/1397
f 1831/3318/1681 1830/3319/1680 2417/3317/2232
f 2417/3317/2232 550/3309/494 1554/3314/1404
f 1541/3320/1391 1548/3321/1398 474/3322/418
f 544/3323/488 2418/3324/2233 1541/3320/1391
f 1832/3325/1682 1831/3326/1681 2418/3324/2233
f 2418/3324/2233 547/3316/491 1548/3321/1398
f 1535/3327/1385 1542/3328/1392 472/3329/416
f 541/3330/485 2419/3331/2234 1535/3327/1385
f 1833/3332/1683 1832/3325/1682 2419/3331/2234
f 2419/3331/2234 544/3323/488 1542/3328/1392
f 1529/3333/1379 1536/3334/1386 470/3335/414
f 538/3336/482 2420/3337/2235 1529/3333/1379
f 1834/3338/1684 1833/3339/1683 2420/3337/2235
f 2420/3337/2235 541/3330/485 1536/3334/1386
f 1523/3340/1373 1530/3341/1380 468/3342/412
f 535/3343/479 2421/3344/2236 1523/3340/1373
f 1835/3345/1685 1834/3346/1684 2421/3344/2236
f 2421/3344/2236 538/3336/482 1530/3341/1380
f 1517/3347/1367 1524/3348/1374 466/3349/410
f 532/3350/476 2422/3351/2237 1517/3347/1367
f 1836/3352/1686 1835/3353/1685 2422/3351/2237
f 2422/3351/2237 535/3343/479 1524/3348/1374
f 1511/3354/1361 1518/3355/1368 464/3356/408
f 529/3357/473 2423/3358/2238 1511/3354/1361
f 1837/3359/1687 1836/3360/1686 2423/3358/2238
f 2423/3358/2238 532/3350/476 1518/3355/1368
f 1505/3361/1355 1512/3362/1362 462/3363/406
f 526/3159/470 2424/3364/2239 1505/3361/1355
f 1838/3365/1688 1837/3366/1687 2424/3364/2239
f 2424/3364/2239 529/3357/473 1512/3362/1362
f 517/3367/461 2425/3368/2240 1677/3369/1527
f 611/3143/555 2425/3368/2240 1676/3370/1526
f 1839/3371/1689 1842/3372/1692 2425/3368/2240
f 1677/3369/1527 1842/3372/1692 612/3373/556
f 1675/3142/1525 1839/3371/1689 611/3143/555
f 518/3141/462 2426/3374/2241 1675/3142/1525
f 1680/3375/1530 1840/3376/1690 2426/3374/2241
f 2426/3374/2241 648/3377/592 1839/3371/1689
f 648/3377/592 2427/3378/2242 1841/3379/1691
f 1840/3376/1690 1679/3380/1529 2427/3378/2242
f 2427/3378/2242 520/3381/464 1681/3382/1531
f 1841/3379/1691 1681/3382/1531 614/3383/558
f 1842/3384/1692 1678/3385/1528 612/3386/556
f 648/3387/592 2428/3388/2243 1842/3384/1692
f 1841/3389/1691 1682/3390/1532 2428/3388/2243
f 2428/3388/2243 519/3391/463 1678/3385/1528
f 519/3392/463 2429/3393/2244 1683/3394/1533
f 614/3383/558 2429/3393/2244 1682/3395/1532
f 1843/3396/1693 1846/3397/1696 2429/3393/2244
f 1683/3394/1533 1846/3397/1696 615/3398/559
f 1681/3382/1531 1843/3396/1693 614/3383/558
f 520/3381/464 2430/3399/2245 1681/3382/1531
f 1686/3400/1536 1844/3401/1694 2430/3399/2245
f 2430/3399/2245 649/3402/593 1843/3396/1693
f 649/3402/593 2431/3403/2246 1845/3404/1695
f 1844/3401/1694 1685/3405/1535 2431/3403/2246
f 2431/3403/2246 458/2484/402 1500/2483/1350
f 1845/3404/1695 1500/2483/1350 523/2478/467
f 1846/3397/1696 1684/3406/1534 615/3398/559
f 649/3402/593 2432/3407/2247 1846/3397/1696
f 1845/3404/1695 1499/2479/1349 2432/3407/2247
f 2432/3407/2247 457/2475/401 1684/3406/1534
f 1495/3408/1345 1684/3409/1534 457/3410/401
f 521/3411/465 2433/3412/2248 1495/3408/1345
f 1847/3413/1697 1878/3414/1728 2433/3412/2248
f 2433/3412/2248 615/3415/559 1684/3409/1534
f 1503/3416/1353 1496/3417/1346 459/3418/403
f 525/3419/469 2434/3420/2249 1503/3416/1353
f 1848/3421/1698 1847/3413/1697 2434/3420/2249
f 1496/3417/1346 1847/3413/1697 521/3411/465
f 1509/3422/1359 1504/3423/1354 461/3424/405
f 528/3425/472 2435/3426/2250 1509/3422/1359
f 1849/3427/1699 1848/3421/1698 2435/3426/2250
f 2435/3426/2250 525/3419/469 1504/3423/1354
f 1515/3428/1365 1510/3429/1360 463/3430/407
f 531/3431/475 2436/3432/2251 1515/3428/1365
f 1850/3433/1700 1849/3434/1699 2436/3432/2251
f 2436/3432/2251 528/3425/472 1510/3429/1360
f 1521/3435/1371 1516/3436/1366 465/3437/409
f 534/3438/478 2437/3439/2252 1521/3435/1371
f 1851/3440/1701 1850/3433/1700 2437/3439/2252
f 2437/3439/2252 531/3431/475 1516/3436/1366
f 1527/3441/1377 1522/3442/1372 467/3443/411
f 537/3444/481 2438/3445/2253 1527/3441/1377
f 1852/3446/1702 1851/3447/1701 2438/3445/2253
f 2438/3445/2253 534/3438/478 1522/3442/1372
f 1533/3448/1383 1528/3449/1378 469/3450/413
f 540/3451/484 2439/3452/2254 1533/3448/1383
f 1853/3453/1703 1852/3454/1702 2439/3452/2254
f 2439/3452/2254 537/3444/481 1528/3449/1378
f 1539/3455/1389 1534/3456/1384 471/3457/415
f 543/3458/487 2440/3459/2255 1539/3455/1389
f 1854/3460/1704 1853/3453/1703 2440/3459/2255
f 2440/3459/2255 540/3451/484 1534/3456/1384
f 1545/3461/1395 1540/3462/1390 473/3463/417
f 546/3464/490 2441/3465/2256 1545/3461/1395
f 1855/3466/1705 1854/3460/1704 2441/3465/2256
f 2441/3465/2256 543/3458/487 1540/3462/1390
f 1551/3467/1401 1546/3468/1396 475/3469/419
f 549/3470/493 2442/3471/2257 1551/3467/1401
f 1856/3472/1706 1855/3466/1705 2442/3471/2257
f 2442/3471/2257 546/3464/490 1546/3468/1396
f 1557/3473/1407 1552/3474/1402 477/3475/421
f 552/3476/496 2443/3477/2258 1557/3473/1407
f 1857/3478/1707 1856/3479/1706 2443/3477/2258
f 2443/3477/2258 549/3470/493 1552/3474/1402
f 1563/3480/1413 1558/3481/1408 479/3482/423
f 555/3483/499 2444/3484/2259 1563/3480/1413
f 1858/3485/1708 1857/3486/1707 2444/3484/2259
f 2444/3484/2259 552/3476/496 1558/3481/1408
f 1569/3487/1419 1564/3488/1414 481/3489/425
f 558/3490/502 2445/3491/2260 1569/3487/1419
f 1859/3492/1709 1858/3493/1708 2445/3491/2260
f 2445/3491/2260 555/3483/499 1564/3488/1414
f 1575/3494/1425 1570/3495/1420 483/3496/427
f 561/3497/505 2446/3498/2261 1575/3494/1425
f 1860/3499/1710 1859/3500/1709 2446/3498/2261
f 2446/3498/2261 558/3490/502 1570/3495/1420
f 1581/3501/1431 1576/3502/1426 485/3503/429
f 564/3504/508 2447/3505/2262 1581/3501/1431
f 1861/3506/1711 1860/3499/1710 2447/3505/2262
f 2447/3505/2262 561/3497/505 1576/3502/1426
f 1587/3507/1437 1582/3508/1432 487/3509/431
f 567/3510/511 2448/3511/2263 1587/3507/1437
f 1862/3512/1712 1861/3513/1711 2448/3511/2263
f 2448/3511/2263 564/3504/508 1582/3508/1432
f 1593/3514/1443 1588/3515/1438 489/3516/433
f 570/3517/514 2449/3518/2264 1593/3514/1443
f 1863/3519/1713 1862/3520/1712 2449/3518/2264
f 2449/3518/2264 567/3510/511 1588/3515/1438
f 1599/3521/1449 1594/3522/1444 491/3523/435
f 573/3524/517 2450/3525/2265 1599/3521/1449
f 1864/3526/1714 1863/3527/1713 2450/3525/2265
f 2450/3525/2265 570/3517/514 1594/3522/1444
f 1605/3528/1455 1600/3529/1450 493/3530/437
f 576/3531/520 2451/3532/2266 1605/3528/1455
f 1865/3533/1715 1864/3534/1714 2451/3532/2266
f 2451/3532/2266 573/3524/517 1600/3529/1450
f 1611/3535/1461 1606/3536/1456 495/3537/439
f 579/3538/523 2452/3539/2267 1611/3535/1461
f 1866/3540/1716 1865/3541/1715 2452/3539/2267
f 2452/3539/2267 576/3531/520 1606/3536/1456
f 1617/3542/1467 1612/3543/1462 497/3544/441
f 582/3545/526 2453/3546/2268 1617/3542/1467
f 1867/3547/1717 1866/3548/1716 2453/3546/2268
f 2453/3546/2268 579/3538/523 1612/3543/1462
f 1623/3549/1473 1618/3550/1468 499/3551/443
f 585/3552/529 2454/3553/2269 1623/3549/1473
f 1868/3554/1718 1867/3555/1717 2454/3553/2269
f 2454/3553/2269 582/3545/526 1618/3550/1468
f 1629/3556/1479 1624/3557/1474 501/3558/445
f 588/3559/532 2455/3560/2270 1629/3556/1479
f 1869/3561/1719 1868/3554/1718 2455/3560/2270
f 2455/3560/2270 585/3552/529 1624/3557/1474
f 1635/3562/1485 1630/3563/1480 503/3564/447
f 591/3565/535 2456/3566/2271 1635/3562/1485
f 1870/3567/1720 1869/3568/1719 2456/3566/2271
f 2456/3566/2271 588/3559/532 1630/3563/1480
f 1641/3569/1491 1636/3570/1486 505/3571/449
f 594/3572/538 2457/3573/2272 1641/3569/1491
f 1871/3574/1721 1870/3575/1720 2457/3573/2272
f 2457/3573/2272 591/3565/535 1636/3570/1486
f 1647/3576/1497 1642/3577/1492 507/3578/451
f 597/3579/541 2458/3580/2273 1647/3576/1497
f 1872/3581/1722 1871/3574/1721 2458/3580/2273
f 2458/3580/2273 594/3572/538 1642/3577/1492
f 1653/3582/1503 1648/3583/1498 509/3584/453
f 600/3585/544 2459/3586/2274 1653/3582/1503
f 1873/3587/1723 1872/3588/1722 2459/3586/2274
f 2459/3586/2274 597/3579/541 1648/3583/1498
f 1659/3589/1509 1654/3590/1504 511/3591/455
f 603/3592/547 2460/3593/2275 1659/3589/1509
f 1874/3594/1724 1873/3595/1723 2460/3593/2275
f 2460/3593/2275 600/3585/544 1654/3590/1504
f 1665/3596/1515 1660/3597/1510 513/3598/457
f 606/3599/550 2461/3600/2276 1665/3596/1515
f 1875/3601/1725 1874/3594/1724 2461/3600/2276
f 2461/3600/2276 603/3592/547 1660/3597/1510
f 1671/3602/1521 1666/3603/1516 515/3604/459
f 609/3605/553 2462/3606/2277 1671/3602/1521
f 1876/3607/1726 1875/3608/1725 2462/3606/2277
f 2462/3606/2277 606/3599/550 1666/3603/1516
f 1677/3609/1527 1672/3610/1522 517/3611/461
f 612/3612/556 2463/3613/2278 1677/3609/1527
f 1877/3614/1727 1876/3607/1726 2463/3613/2278
f 2463/3613/2278 609/3605/553 1672/3610/1522
f 1683/3615/1533 1678/3616/1528 519/3617/463
f 615/3415/559 2464/3618/2279 1683/3615/1533
f 1878/3619/1728 1877/3614/1727 2464/3618/2279
f 2464/3618/2279 612/3612/556 1678/3616/1528
f 1/1/1 653/5/597 1879/2/1729
f 2/4/2 652/3620/596 1879/2/1729
f 1879/2/1729 652/3620/596 4/6/4
f 1879/2/1729 654/7/598 3/8/3
f 3/8/3 654/7/598 1880/9/1730
f 4/6/4 656/3621/600 1880/9/1730
f 1880/9/1730 656/3621/600 6/11/6
f 1880/9/1730 657/12/601 5/13/5
f 5/13/5 657/12/601 1881/14/1731
f 6/11/6 659/3622/603 1881/14/1731
f 1881/14/1731 659/3622/603 8/16/8
f 1881/14/1731 660/17/604 7/18/7
f 7/18/7 660/17/604 1882/19/1732
f 8/16/8 662/3623/606 1882/19/1732
f 1882/19/1732 662/3623/606 10/21/10
f 1882/19/1732 663/22/607 9/23/9
f 9/24/9 663/28/607 1883/25/1733
f 10/27/10 665/3624/609 1883/25/1733
f 1883/25/1733 665/3624/609 12/29/12
f 1883/25/1733 666/30/610 11/31/11
f 11/31/11 666/30/610 1884/32/1734
f 12/29/12 668/3625/612 1884/32/1734
f 1884/32/1734 668/3625/612 14/34/14
f 1884/32/1734 669/35/613 13/36/13
f 13/36/13 669/35/613 1885/37/1735
f 14/34/14 671/3626/615 1885/37/1735
f 1885/37/1735 671/3626/615 16/39/16
f 1885/37/1735 672/40/616 15/41/15
f 15/41/15 672/40/616 1886/42/1736
f 16/39/16 674/3627/618 1886/42/1736
f 1886/42/1736 674/3627/618 18/44/18
f 1886/42/1736 675/45/619 17/46/17
f 17/46/17 675/45/619 1887/47/1737
f 18/44/18 677/3628/621 1887/47/1737
f 1887/47/1737 677/3628/621 20/49/20
f 1887/47/1737 678/50/622 19/51/19
f 19/51/19 678/50/622 1888/52/1738
f 20/49/20 680/3629/624 1888/52/1738
f 1888/52/1738 680/3629/624 22/54/22
f 1888/52/1738 681/55/625 21/56/21
f 21/56/21 681/55/625 1889/57/1739
f 22/54/22 683/3630/627 1889/57/1739
f 1889/57/1739 683/3630/627 24/59/24
f 1889/57/1739 684/60/628 23/61/23
f 23/61/23 684/60/628 1890/62/1740
f 24/59/24 686/3631/630 1890/62/1740
f 1890/62/1740 686/3631/630 26/64/26
f 1890/62/1740 687/65/631 25/66/25
f 25/67/25 687/71/631 1891/68/1741
f 26/70/26 689/3632/633 1891/68/1741
f 1891/68/1741 689/3632/633 28/72/28
f 1891/68/1741 690/73/634 27/74/27
f 27/74/27 690/73/634 1892/75/1742
f 28/72/28 692/3633/636 1892/75/1742
f 1892/75/1742 692/3633/636 30/77/30
f 1892/75/1742 693/78/637 29/79/29
f 29/79/29 693/78/637 1893/80/1743
f 30/77/30 695/3634/639 1893/80/1743
f 1893/80/1743 695/3634/639 32/82/32
f 1893/80/1743 696/83/640 31/84/31
f 31/84/31 696/83/640 1894/85/1744
f 32/82/32 698/3635/642 1894/85/1744
f 1894/85/1744 698/3635/642 34/87/34
f 1894/85/1744 699/88/643 33/89/33
f 33/89/33 699/88/643 1895/90/1745
f 34/87/34 701/3636/645 1895/90/1745
f 1895/90/1745 701/3636/645 36/92/36
f 1895/90/1745 702/93/646 35/94/35
f 35/94/35 702/93/646 1896/95/1746
f 36/92/36 704/3637/648 1896/95/1746
f 1896/95/1746 704/3637/648 38/97/38
f 1896/95/1746 705/98/649 37/99/37
f 37/99/37 705/98/649 1897/100/1747
f 38/97/38 707/3638/651 1897/100/1747
f 1897/100/1747 707/3638/651 40/102/40
f 1897/100/1747 708/103/652 39/104/39
f 39/104/39 708/103/652 1898/105/1748
f 40/102/40 710/3639/654 1898/105/1748
f 1898/105/1748 710/3639/654 42/107/42
f 1898/105/1748 711/108/655 41/109/41
f 41/110/41 711/114/655 1899/111/1749
f 42/113/42 713/3640/657 1899/111/1749
f 1899/111/1749 713/3640/657 44/115/44
f 1899/111/1749 714/116/658 43/117/43
f 43/117/43 714/116/658 1900/118/1750
f 44/115/44 716/3641/660 1900/118/1750
f 1900/118/1750 716/3641/660 46/120/46
f 1900/118/1750 717/121/661 45/122/45
f 45/122/45 717/121/661 1901/123/1751
f 46/120/46 719/3642/663 1901/123/1751
f 1901/123/1751 719/3642/663 48/125/48
f 1901/123/1751 720/126/664 47/127/47
f 47/127/47 720/126/664 1902/128/1752
f 48/125/48 722/3643/666 1902/128/1752
f 1902/128/1752 722/3643/666 50/130/50
f 1902/128/1752 723/131/667 49/132/49
f 49/132/49 723/131/667 1903/133/1753
f 50/130/50 725/3644/669 1903/133/1753
f 1903/133/1753 725/3644/669 52/135/52
f 1903/133/1753 726/136/670 51/137/51
f 51/137/51 726/136/670 1904/138/1754
f 52/135/52 728/3645/672 1904/138/1754
f 1904/138/1754 728/3645/672 54/140/54
f 1904/138/1754 729/141/673 53/142/53
f 53/142/53 729/141/673 1905/143/1755
f 54/140/54 731/3646/675 1905/143/1755
f 1905/143/1755 731/3646/675 56/145/56
f 1905/143/1755 732/146/676 55/147/55
f 55/147/55 732/146/676 1906/148/1756
f 56/145/56 734/3647/678 1906/148/1756
f 1906/148/1756 734/3647/678 58/150/58
f 1906/148/1756 735/151/679 57/152/57
f 57/153/57 735/157/679 1907/154/1757
f 58/156/58 737/3648/681 1907/154/1757
f 1907/154/1757 737/3648/681 60/158/60
f 1907/154/1757 738/159/682 59/160/59
f 59/160/59 738/159/682 1908/161/1758
f 60/158/60 740/3649/684 1908/161/1758
f 1908/161/1758 740/3649/684 62/163/62
f 1908/161/1758 741/164/685 61/165/61
f 652/166/596 1909/3650/240 656/167/600
f 746/169/690 1909/3650/240 652/166/596
f 743/171/687 1909/3650/240 746/172/690
f 740/174/684 1909/3650/240 743/171/687
f 737/176/681 1909/3650/240 740/177/684
f 734/179/678 1909/3650/240 737/180/681
f 731/182/675 1909/3650/240 734/183/678
f 728/185/672 1909/3650/240 731/186/675
f 725/188/669 1909/3650/240 728/189/672
f 722/191/666 1909/3650/240 725/188/669
f 719/193/663 1909/3650/240 722/191/666
f 716/195/660 1909/3650/240 719/193/663
f 713/197/657 1909/3650/240 716/195/660
f 710/199/654 1909/3650/240 713/197/657
f 707/201/651 1909/3650/240 710/199/654
f 704/203/648 1909/3650/240 707/204/651
f 701/206/645 1909/3650/240 704/207/648
f 698/209/642 1909/3650/240 701/206/645
f 695/211/639 1909/3650/240 698/209/642
f 692/213/636 1909/3650/240 695/211/639
f 689/215/633 1909/3650/240 692/213/636
f 686/217/630 1909/3650/240 689/218/633
f 683/220/627 1909/3650/240 686/217/630
f 680/222/624 1909/3650/240 683/220/627
f 677/224/621 1909/3650/240 680/225/624
f 674/227/618 1909/3650/240 677/224/621
f 671/229/615 1909/3650/240 674/227/618
f 668/231/612 1909/3650/240 671/229/615
f 665/233/609 1909/3650/240 668/231/612
f 662/235/606 1909/3650/240 665/236/609
f 659/238/603 1909/3650/240 662/235/606
f 656/167/600 1909/3650/240 659/238/603
f 61/165/61 741/164/685 1910/241/1759
f 62/163/62 743/3651/687 1910/241/1759
f 1910/241/1759 743/3651/687 64/243/64
f 1910/241/1759 744/244/688 63/245/63
f 63/245/63 744/244/688 1911/246/1760
f 64/243/64 746/3652/690 1911/246/1760
f 1911/246/1760 746/3652/690 2/4/2
f 1911/246/1760 653/5/597 1/1/1
f 651/248/595 1912/3653/1761 745/249/689
f 655/251/599 1912/3653/1761 651/248/595
f 658/253/602 1912/3653/1761 655/251/599
f 661/255/605 1912/3653/1761 658/256/602
f 664/258/608 1912/3653/1761 661/255/605
f 667/260/611 1912/3653/1761 664/261/608
f 670/263/614 1912/3653/1761 667/260/611
f 673/265/617 1912/3653/1761 670/263/614
f 676/267/620 1912/3653/1761 673/265/617
f 679/269/623 1912/3653/1761 676/267/620
f 682/271/626 1912/3653/1761 679/269/623
f 685/273/629 1912/3653/1761 682/271/626
f 688/275/632 1912/3653/1761 685/273/629
f 691/277/635 1912/3653/1761 688/275/632
f 694/279/638 1912/3653/1761 691/277/635
f 697/281/641 1912/3653/1761 694/279/638
f 700/283/644 1912/3653/1761 697/281/641
f 703/285/647 1912/3653/1761 700/283/644
f 706/287/650 1912/3653/1761 703/285/647
f 709/289/653 1912/3653/1761 706/287/650
f 712/291/656 1912/3653/1761 709/289/653
f 715/293/659 1912/3653/1761 712/294/656
f 718/296/662 1912/3653/1761 715/293/659
f 721/298/665 1912/3653/1761 718/296/662
f 724/300/668 1912/3653/1761 721/301/665
f 727/303/671 1912/3653/1761 724/300/668
f 730/305/674 1912/3653/1761 727/303/671
f 733/307/677 1912/3653/1761 730/305/674
f 736/309/680 1912/3653/1761 733/307/677
f 739/311/683 1912/3653/1761 736/309/680
f 742/313/686 1912/3653/1761 739/311/683
f 745/249/689 1912/3653/1761 742/313/686
f 891/316/835 1913/320/1762 893/317/837
f 192/319/192 894/321/838 1913/320/1762
f 894/321/838 195/3654/195 896/322/840
f 1913/320/1762 896/322/840 194/323/194
f 892/324/836 1914/328/1763 894/325/838
f 193/327/193 895/329/839 1914/328/1763
f 895/329/839 196/3655/196 897/330/841
f 1914/328/1763 897/330/841 195/331/195
f 194/323/194 896/322/840 1915/332/1764
f 896/322/840 195/3654/195 899/334/843
f 1915/332/1764 899/334/843 198/335/198
f 898/333/842 1915/332/1764 901/336/845
f 195/331/195 897/330/841 1916/338/1765
f 897/330/841 196/3655/196 900/340/844
f 1916/338/1765 900/340/844 199/341/199
f 899/339/843 1916/338/1765 902/342/846
f 751/344/695 1917/348/1766 887/345/831
f 88/347/88 903/349/847 1917/348/1766
f 903/349/847 191/318/191 914/350/858
f 1917/348/1766 914/350/858 188/351/188
f 752/352/696 1918/354/1767 903/349/847
f 89/353/89 904/355/848 1918/354/1767
f 904/355/848 192/319/192 891/316/835
f 1918/354/1767 891/316/835 191/318/191
f 753/356/697 1919/360/1768 904/357/848
f 90/359/90 905/361/849 1919/360/1768
f 905/361/849 193/327/193 892/324/836
f 1919/360/1768 892/324/836 192/326/192
f 754/362/698 1920/364/1769 905/361/849
f 66/363/66 755/3656/699 1920/364/1769
f 1920/364/1769 755/3656/699 91/365/91
f 1920/364/1769 906/366/850 193/327/193
f 906/367/850 1921/371/1770 895/368/839
f 906/367/850 91/842/91 756/370/700
f 1921/371/1770 756/370/700 92/372/92
f 1921/371/1770 907/373/851 196/374/196
f 196/374/196 907/373/851 1922/375/1771
f 92/372/92 757/377/701 1922/375/1771
f 757/377/701 93/3657/93 908/378/852
f 900/376/844 1922/375/1771 908/378/852
f 199/341/199 908/378/852 1923/380/1772
f 93/382/93 758/3658/702 1923/380/1772
f 1923/380/1772 758/3658/702 68/383/68
f 909/381/853 1923/380/1772 863/384/807
f 198/343/198 902/342/846 1924/386/1773
f 902/342/846 199/341/199 909/381/853
f 1924/386/1773 909/381/853 172/385/172
f 910/387/854 1924/386/1773 864/388/808
f 197/337/197 901/336/845 1925/390/1774
f 901/336/845 198/335/198 910/392/854
f 1925/390/1774 910/392/854 173/393/173
f 911/391/855 1925/390/1774 865/394/809
f 190/396/190 912/399/856 1926/397/1775
f 912/399/856 197/337/197 911/391/855
f 1926/397/1775 911/391/855 174/395/174
f 890/398/834 1926/397/1775 866/400/810
f 189/402/189 913/405/857 1927/403/1776
f 913/405/857 194/3659/194 898/406/842
f 1927/403/1776 898/406/842 197/407/197
f 889/404/833 1927/403/1776 912/408/856
f 914/410/858 1928/413/1777 888/411/832
f 191/318/191 893/414/837 1928/413/1777
f 893/414/837 194/3659/194 913/405/857
f 1928/413/1777 913/405/857 189/402/189
f 915/415/859 1929/419/1778 917/416/861
f 201/418/201 918/420/862 1929/419/1778
f 918/420/862 204/3660/204 920/421/864
f 1929/419/1778 920/421/864 203/422/203
f 916/423/860 1930/427/1779 918/424/862
f 202/426/202 919/428/863 1930/427/1779
f 919/428/863 205/3661/205 921/429/865
f 1930/427/1779 921/429/865 204/430/204
f 203/422/203 920/421/864 1931/431/1780
f 920/421/864 204/3660/204 923/433/867
f 1931/431/1780 923/433/867 207/434/207
f 922/432/866 1931/431/1780 925/435/869
f 204/430/204 921/429/865 1932/437/1781
f 921/429/865 205/3661/205 924/439/868
f 1932/437/1781 924/439/868 208/440/208
f 923/438/867 1932/437/1781 926/441/870
f 866/443/810 1933/447/1782 883/444/827
f 174/446/174 927/448/871 1933/447/1782
f 927/448/871 200/417/200 938/449/882
f 1933/447/1782 938/449/882 185/450/185
f 865/451/809 1934/453/1783 927/448/871
f 173/452/173 928/454/872 1934/453/1783
f 928/454/872 201/418/201 915/415/859
f 1934/453/1783 915/415/859 200/417/200
f 864/388/808 1935/456/1784 928/455/872
f 172/385/172 929/457/873 1935/456/1784
f 929/457/873 202/426/202 916/423/860
f 1935/456/1784 916/423/860 201/425/201
f 863/384/807 1936/458/1785 929/457/873
f 68/383/68 767/3662/711 1936/458/1785
f 1936/458/1785 767/3662/711 100/459/100
f 1936/458/1785 930/460/874 202/426/202
f 930/461/874 1937/464/1786 919/462/863
f 930/461/874 100/3663/100 768/463/712
f 1937/464/1786 768/463/712 101/465/101
f 1937/464/1786 931/466/875 205/467/205
f 205/467/205 931/466/875 1938/468/1787
f 101/465/101 769/469/713 1938/468/1787
f 769/469/713 102/3664/102 932/470/876
f 924/439/868 1938/468/1787 932/470/876
f 208/440/208 932/475/876 1939/472/1788
f 102/474/102 770/3665/714 1939/472/1788
f 1939/472/1788 770/3665/714 72/476/72
f 933/473/877 1939/472/1788 867/477/811
f 207/442/207 926/441/870 1940/479/1789
f 926/441/870 208/440/208 933/473/877
f 1940/479/1789 933/473/877 175/478/175
f 934/480/878 1940/479/1789 868/481/812
f 206/483/206 925/486/869 1941/484/1790
f 925/486/869 207/442/207 934/480/878
f 1941/484/1790 934/480/878 176/482/176
f 935/485/879 1941/484/1790 869/487/813
f 187/489/187 936/492/880 1942/490/1791
f 936/492/880 206/436/206 935/493/879
f 1942/490/1791 935/493/879 177/494/177
f 886/491/830 1942/490/1791 870/495/814
f 186/497/186 937/500/881 1943/498/1792
f 937/500/881 203/422/203 922/432/866
f 1943/498/1792 922/432/866 206/436/206
f 885/499/829 1943/498/1792 936/492/880
f 938/501/882 1944/505/1793 884/502/828
f 200/504/200 917/506/861 1944/505/1793
f 917/506/861 203/3666/203 937/507/881
f 1944/505/1793 937/507/881 186/508/186
f 939/509/883 1945/513/1794 941/510/885
f 210/512/210 942/514/886 1945/513/1794
f 942/514/886 213/526/213 944/515/888
f 1945/513/1794 944/515/888 212/516/212
f 940/517/884 1946/521/1795 942/518/886
f 211/520/211 943/522/887 1946/521/1795
f 943/522/887 214/3667/214 945/523/889
f 1946/521/1795 945/523/889 213/524/213
f 944/515/888 1947/527/1796 946/525/890
f 213/526/213 947/3668/891 1947/527/1796
f 1947/527/1796 947/3668/891 216/528/216
f 946/525/890 1947/527/1796 949/529/893
f 213/524/213 945/523/889 1948/531/1797
f 945/523/889 214/3667/214 948/533/892
f 1948/531/1797 948/533/892 217/534/217
f 947/532/891 1948/531/1797 950/535/894
f 870/537/814 1949/541/1798 879/538/823
f 177/540/177 951/542/895 1949/541/1798
f 951/542/895 209/511/209 962/543/906
f 1949/541/1798 962/543/906 183/544/183
f 869/545/813 1950/547/1799 951/542/895
f 176/546/176 952/548/896 1950/547/1799
f 952/548/896 210/512/210 939/509/883
f 1950/547/1799 939/509/883 209/511/209
f 868/481/812 1951/550/1800 952/549/896
f 175/478/175 953/551/897 1951/550/1800
f 953/551/897 211/520/211 940/517/884
f 1951/550/1800 940/517/884 210/519/210
f 867/477/811 1952/552/1801 953/551/897
f 72/476/72 779/817/723 1952/552/1801
f 1952/552/1801 779/817/723 109/553/109
f 1952/552/1801 954/554/898 211/520/211
f 954/555/898 1953/559/1802 943/556/887
f 954/555/898 109/553/109 780/558/724
f 1953/559/1802 780/558/724 110/560/110
f 1953/559/1802 955/561/899 214/562/214
f 214/562/214 955/561/899 1954/563/1803
f 110/560/110 781/564/725 1954/563/1803
f 781/564/725 111/866/111 956/565/900
f 948/533/892 1954/563/1803 956/565/900
f 217/534/217 956/570/900 1955/567/1804
f 111/569/111 782/858/726 1955/567/1804
f 1955/567/1804 782/858/726 70/571/70
f 957/568/901 1955/567/1804 871/572/815
f 216/536/216 950/535/894 1956/574/1805
f 950/535/894 217/534/217 957/568/901
f 1956/574/1805 957/568/901 178/573/178
f 958/575/902 1956/574/1805 872/576/816
f 215/530/215 949/529/893 1957/578/1806
f 949/529/893 216/528/216 958/580/902
f 1957/578/1806 958/580/902 179/581/179
f 959/579/903 1957/578/1806 873/582/817
f 215/584/215 959/587/903 1958/585/1807
f 959/587/903 180/3669/180 1356/588/1300
f 1958/585/1807 1356/588/1300 362/589/362
f 1958/585/1807 1345/590/1289 366/591/366
f 180/592/180 874/596/818 1959/593/1808
f 84/595/84 881/2028/825 1959/593/1808
f 1959/593/1808 881/2028/825 359/597/359
f 1356/594/1300 1959/593/1808 1341/598/1285
f 962/543/906 1960/601/1809 880/600/824
f 209/511/209 941/510/885 1960/601/1809
f 941/510/885 212/516/212 961/602/905
f 1960/601/1809 961/602/905 184/603/184
f 963/604/907 1961/608/1810 965/605/909
f 219/607/219 966/609/910 1961/608/1810
f 966/609/910 222/3670/222 968/610/912
f 1961/608/1810 968/610/912 221/611/221
f 964/612/908 1962/616/1811 966/613/910
f 220/615/220 967/617/911 1962/616/1811
f 967/617/911 223/3671/223 969/618/913
f 1962/616/1811 969/618/913 222/619/222
f 221/611/221 968/610/912 1963/620/1812
f 968/610/912 222/3670/222 971/622/915
f 1963/620/1812 971/622/915 225/623/225
f 970/621/914 1963/620/1812 973/624/917
f 222/619/222 969/618/913 1964/626/1813
f 969/618/913 223/3671/223 972/628/916
f 1964/626/1813 972/628/916 226/629/226
f 971/627/915 1964/626/1813 974/630/918
f 874/632/818 1965/636/1814 875/633/819
f 874/632/818 180/640/180 975/635/919
f 975/635/919 218/606/218 986/637/930
f 1965/636/1814 986/637/930 181/638/181
f 873/639/817 1966/642/1815 975/635/919
f 179/641/179 976/643/920 1966/642/1815
f 976/643/920 219/607/219 963/604/907
f 1966/642/1815 963/604/907 218/606/218
f 872/576/816 1967/645/1816 976/644/920
f 178/573/178 977/646/921 1967/645/1816
f 977/646/921 220/615/220 964/612/908
f 1967/645/1816 964/612/908 219/614/219
f 871/572/815 1968/647/1817 977/646/921
f 70/571/70 791/3672/735 1968/647/1817
f 1968/647/1817 791/3672/735 118/648/118
f 1968/647/1817 978/649/922 220/615/220
f 978/650/922 1969/654/1818 967/651/911
f 978/650/922 118/3673/118 792/653/736
f 1969/654/1818 792/653/736 119/655/119
f 1969/654/1818 979/656/923 223/657/223
f 223/657/223 979/656/923 1970/658/1819
f 119/655/119 793/659/737 1970/658/1819
f 793/659/737 120/3674/120 980/660/924
f 972/628/916 1970/658/1819 980/660/924
f 226/629/226 980/665/924 1971/662/1820
f 120/664/120 794/848/738 1971/662/1820
f 1971/662/1820 794/848/738 66/363/66
f 981/663/925 1971/662/1820 754/362/698
f 225/631/225 974/630/918 1972/666/1821
f 974/630/918 226/629/226 981/663/925
f 1972/666/1821 981/663/925 90/359/90
f 982/667/926 1972/666/1821 753/356/697
f 224/668/224 973/671/917 1973/669/1822
f 973/671/917 225/631/225 982/667/926
f 1973/669/1822 982/667/926 89/358/89
f 983/670/927 1973/669/1822 752/672/696
f 182/674/182 984/677/928 1974/675/1823
f 984/677/928 224/625/224 983/678/927
f 1974/675/1823 983/678/927 88/679/88
f 878/676/822 1974/675/1823 751/680/695
f 321/682/321 1230/685/1174 1975/683/1824
f 1230/685/1174 318/3675/318 1236/686/1180
f 1975/683/1824 1236/686/1180 376/687/376
f 1975/683/1824 1367/688/1311 378/689/378
f 224/690/224 984/694/928 1976/691/1825
f 182/693/182 1376/695/1320 1976/691/1825
f 1376/695/1320 372/2091/372 1363/696/1307
f 985/692/929 1976/691/1825 1363/696/1307
f 227/698/227 987/701/931 1977/699/1826
f 987/701/931 228/707/228 990/702/934
f 1977/699/1826 990/702/934 231/703/231
f 989/700/933 1977/699/1826 992/704/936
f 988/706/932 1978/709/1827 990/702/934
f 229/708/229 991/710/935 1978/709/1827
f 991/710/935 232/753/232 993/711/937
f 1978/709/1827 993/711/937 231/703/231
f 992/704/936 1979/713/1828 994/712/938
f 231/703/231 995/714/939 1979/713/1828
f 995/714/939 234/721/234 997/715/941
f 1979/713/1828 997/715/941 233/716/233
f 231/703/231 993/711/937 1980/717/1829
f 993/711/937 232/753/232 996/718/940
f 1980/717/1829 996/718/940 235/719/235
f 995/714/939 1980/717/1829 998/720/942
f 67/722/67 766/725/710 1981/723/1830
f 766/725/710 99/730/99 999/726/943
f 1981/723/1830 999/726/943 227/727/227
f 747/724/691 1981/723/1830 1010/728/954
f 99/730/99 765/733/709 1982/731/1831
f 765/733/709 98/736/98 1000/734/944
f 1982/731/1831 1000/734/944 228/707/228
f 999/732/943 1982/731/1831 987/701/931
f 764/735/708 1983/738/1832 1000/734/944
f 97/737/97 1001/739/945 1983/738/1832
f 1001/739/945 229/708/229 988/706/932
f 1983/738/1832 988/706/932 228/707/228
f 763/740/707 1984/744/1833 1001/741/945
f 71/743/71 778/745/722 1984/744/1833
f 778/745/722 108/1454/108 1002/746/946
f 1984/744/1833 1002/746/946 229/747/229
f 1002/748/946 1985/750/1834 991/710/935
f 108/749/108 777/751/721 1985/750/1834
f 777/751/721 107/1496/107 1003/752/947
f 1985/750/1834 1003/752/947 232/753/232
f 232/753/232 1003/752/947 1986/754/1835
f 1003/752/947 107/1496/107 776/755/720
f 1986/754/1835 776/755/720 106/756/106
f 996/718/940 1986/754/1835 1004/757/948
f 235/758/235 1004/761/948 1987/759/1836
f 1004/761/948 106/1492/106 775/762/719
f 1987/759/1836 775/762/719 69/763/69
f 1005/760/949 1987/759/1836 790/764/734
f 234/721/234 998/720/942 1988/766/1837
f 998/720/942 235/719/235 1005/768/949
f 1988/766/1837 1005/768/949 117/765/117
f 1006/767/950 1988/766/1837 789/769/733
f 997/715/941 1989/772/1838 1007/771/951
f 234/721/234 1006/767/950 1989/772/1838
f 1006/767/950 116/770/116 788/773/732
f 1989/772/1838 788/773/732 115/774/115
f 1008/775/952 1990/779/1839 750/776/694
f 233/778/233 1007/780/951 1990/779/1839
f 1007/780/951 115/3676/115 787/781/731
f 1990/779/1839 787/781/731 65/782/65
f 1009/783/953 1991/786/1840 749/784/693
f 230/705/230 994/712/938 1991/786/1840
f 994/712/938 233/716/233 1008/787/952
f 1991/786/1840 1008/787/952 87/788/87
f 85/729/85 1010/791/954 1992/789/1841
f 1010/791/954 227/698/227 989/700/933
f 1992/789/1841 989/700/933 230/705/230
f 1992/789/1841 1009/783/953 86/785/86
f 236/792/236 1011/795/955 1993/793/1842
f 1011/795/955 237/801/237 1014/796/958
f 1993/793/1842 1014/796/958 240/797/240
f 1013/794/957 1993/793/1842 1016/798/960
f 1012/800/956 1994/803/1843 1014/796/958
f 238/802/238 1015/804/959 1994/803/1843
f 1015/804/959 241/839/241 1017/805/961
f 1994/803/1843 1017/805/961 240/797/240
f 1016/798/960 1995/807/1844 1018/806/962
f 240/797/240 1019/808/963 1995/807/1844
f 1019/808/963 243/815/243 1021/809/965
f 1995/807/1844 1021/809/965 242/810/242
f 240/797/240 1017/805/961 1996/811/1845
f 1017/805/961 241/839/241 1020/812/964
f 1996/811/1845 1020/812/964 244/813/244
f 1019/808/963 1996/811/1845 1022/814/966
f 72/476/72 770/818/714 1997/816/1846
f 770/818/714 102/3677/102 1023/819/967
f 1997/816/1846 1023/819/967 236/820/236
f 779/817/723 1997/816/1846 1034/821/978
f 102/474/102 769/469/713 1998/822/1847
f 769/469/713 101/826/101 1024/824/968
f 1998/822/1847 1024/824/968 237/801/237
f 1023/823/967 1998/822/1847 1011/795/955
f 768/825/712 1999/828/1848 1024/824/968
f 100/827/100 1025/829/969 1999/828/1848
f 1025/829/969 238/802/238 1012/800/956
f 1999/828/1848 1012/800/956 237/801/237
f 767/830/711 2000/831/1849 1025/829/969
f 68/383/68 758/832/702 2000/831/1849
f 758/832/702 93/3678/93 1026/833/970
f 2000/831/1849 1026/833/970 238/834/238
f 1026/833/970 2001/836/1850 1015/804/959
f 93/835/93 757/837/701 2001/836/1850
f 757/837/701 92/3679/92 1027/838/971
f 2001/836/1850 1027/838/971 241/839/241
f 241/839/241 1027/838/971 2002/840/1851
f 1027/838/971 92/3679/92 756/841/700
f 2002/840/1851 756/841/700 91/842/91
f 1020/812/964 2002/840/1851 1028/843/972
f 244/813/244 1028/846/972 2003/844/1852
f 1028/846/972 91/3680/91 755/847/699
f 2003/844/1852 755/847/699 66/363/66
f 1029/845/973 2003/844/1852 794/848/738
f 243/815/243 1022/814/966 2004/850/1853
f 1022/814/966 244/813/244 1029/852/973
f 2004/850/1853 1029/852/973 120/849/120
f 1030/851/974 2004/850/1853 793/659/737
f 1021/809/965 2005/855/1854 1031/854/975
f 243/815/243 1030/851/974 2005/855/1854
f 1030/851/974 119/853/119 792/856/736
f 2005/855/1854 792/856/736 118/648/118
f 1032/857/976 2006/860/1855 782/858/726
f 242/859/242 1031/861/975 2006/860/1855
f 1031/861/975 118/3681/118 791/862/735
f 2006/860/1855 791/862/735 70/571/70
f 1033/863/977 2007/864/1856 781/564/725
f 239/799/239 1018/806/962 2007/864/1856
f 1018/806/962 242/810/242 1032/865/976
f 2007/864/1856 1032/865/976 111/866/111
f 109/553/109 1034/821/978 2008/867/1857
f 1034/821/978 236/792/236 1013/794/957
f 2008/867/1857 1013/794/957 239/799/239
f 780/558/724 2008/867/1857 1033/863/977
f 245/868/245 1035/871/979 2009/869/1858
f 1035/871/979 246/907/246 1038/872/982
f 2009/869/1858 1038/872/982 249/873/249
f 1037/870/981 2009/869/1858 1040/874/984
f 1036/876/980 2010/880/1859 1038/877/982
f 247/879/247 1039/881/983 2010/880/1859
f 1039/881/983 250/924/250 1041/882/985
f 1038/877/982 2010/880/1859 1041/882/985
f 248/875/248 1040/874/984 2011/883/1860
f 1040/874/984 249/873/249 1043/885/987
f 2011/883/1860 1043/885/987 252/886/252
f 1042/884/986 2011/883/1860 1045/887/989
f 249/873/249 1041/882/985 2012/889/1861
f 1041/882/985 250/924/250 1044/891/988
f 2012/889/1861 1044/891/988 253/892/253
f 1043/890/987 2012/889/1861 1046/893/990
f 153/894/153 1047/898/991 2013/895/1862
f 245/897/245 1335/899/1279 2013/895/1862
f 1335/899/1279 356/1964/356 1328/900/1272
f 1336/896/1280 2013/895/1862 1328/900/1272
f 153/902/153 837/906/781 2014/903/1863
f 152/905/152 1048/909/992 2014/903/1863
f 2014/903/1863 1048/909/992 246/907/246
f 1047/904/991 2014/903/1863 1035/871/979
f 836/908/780 2015/911/1864 1048/909/992
f 151/910/151 1049/912/993 2015/911/1864
f 1049/912/993 247/918/247 1036/876/980
f 2015/911/1864 1036/876/980 246/907/246
f 835/913/779 2016/915/1865 1049/912/993
f 76/914/76 811/916/755 2016/915/1865
f 811/916/755 133/1620/133 1050/917/994
f 2016/915/1865 1050/917/994 247/918/247
f 1050/919/994 2017/921/1866 1039/881/983
f 133/920/133 812/922/756 2017/921/1866
f 812/922/756 134/1667/134 1051/923/995
f 2017/921/1866 1051/923/995 250/924/250
f 250/924/250 1051/923/995 2018/925/1867
f 1051/923/995 134/1667/134 813/926/757
f 2018/925/1867 813/926/757 135/927/135
f 1044/891/988 2018/925/1867 1052/928/996
f 253/892/253 1052/931/996 2019/929/1868
f 1052/931/996 135/1663/135 814/932/758
f 2019/929/1868 814/932/758 73/933/73
f 1053/930/997 2019/929/1868 798/934/742
f 252/886/252 1046/893/990 2020/936/1869
f 1046/893/990 253/892/253 1053/930/997
f 2020/936/1869 1053/930/997 123/935/123
f 1054/937/998 2020/936/1869 797/938/741
f 251/888/251 1045/887/989 2021/940/1870
f 1045/887/989 252/886/252 1054/937/998
f 2021/940/1870 1054/937/998 122/939/122
f 1055/941/999 2021/940/1870 796/942/740
f 168/944/168 1056/947/1000 2022/945/1871
f 1056/947/1000 251/888/251 1055/941/999
f 2022/945/1871 1055/941/999 121/943/121
f 858/946/802 2022/945/1871 795/948/739
f 1057/950/1001 2023/953/1872 857/951/801
f 1057/950/1001 248/875/248 1042/884/986
f 2023/953/1872 1042/884/986 251/888/251
f 2023/953/1872 1056/947/1000 168/944/168
f 165/954/165 1080/958/1024 2024/955/1873
f 260/957/260 1333/959/1277 2024/955/1873
f 1333/959/1277 358/3682/358 1332/960/1276
f 1334/956/1278 2024/955/1873 1332/960/1276
f 1059/962/1003 2025/966/1874 1061/963/1005
f 255/965/255 1062/967/1006 2025/966/1874
f 1062/967/1006 258/975/258 1064/968/1008
f 2025/966/1874 1064/968/1008 257/969/257
f 1060/970/1004 2026/972/1875 1062/967/1006
f 256/971/256 1063/973/1007 2026/972/1875
f 1063/973/1007 259/984/259 1065/974/1009
f 2026/972/1875 1065/974/1009 258/975/258
f 1064/976/1008 2027/979/1876 1066/977/1010
f 258/978/258 1067/980/1011 2027/979/1876
f 1067/980/1011 261/1032/261 1069/981/1013
f 2027/979/1876 1069/981/1013 260/982/260
f 1065/974/1009 2028/985/1877 1067/983/1011
f 259/984/259 1068/986/1012 2028/985/1877
f 1068/986/1012 262/1023/262 1070/987/1014
f 2028/985/1877 1070/987/1014 261/988/261
f 78/989/78 834/992/778 2029/990/1878
f 834/992/778 150/997/150 1071/993/1015
f 2029/990/1878 1071/993/1015 254/994/254
f 851/991/795 2029/990/1878 1082/995/1026
f 150/997/150 833/999/777 2030/998/1879
f 833/999/777 149/1003/149 1072/1000/1016
f 2030/998/1879 1072/1000/1016 255/1001/255
f 1071/993/1015 2030/998/1879 1059/1002/1003
f 149/1003/149 832/1005/776 2031/1004/1880
f 832/1005/776 148/1008/148 1073/1006/1017
f 1073/1006/1017 256/1013/256 1060/1007/1004
f 2031/1004/1880 1060/1007/1004 255/1001/255
f 148/1008/148 831/1010/775 2032/1009/1881
f 831/1010/775 75/1703/75 815/1011/759
f 815/1011/759 136/1708/136 1074/1012/1018
f 2032/1009/1881 1074/1012/1018 256/1013/256
f 1074/1014/1018 2033/1016/1882 1063/973/1007
f 136/1015/136 816/1017/760 2033/1016/1882
f 816/1017/760 137/1019/137 1075/1018/1019
f 2033/1016/1882 1075/1018/1019 259/984/259
f 1075/1018/1019 2034/1020/1883 1068/986/1012
f 137/1019/137 817/1021/761 2034/1020/1883
f 817/1021/761 138/1758/138 1076/1022/1020
f 2034/1020/1883 1076/1022/1020 262/1023/262
f 1076/1024/1020 2035/1027/1884 1077/1025/1021
f 138/1026/138 818/1028/762 2035/1027/1884
f 818/1028/762 76/1753/76 835/1029/779
f 2035/1027/1884 835/1029/779 151/1030/151
f 1070/987/1014 2036/1033/1885 1078/1031/1022
f 262/1023/262 1077/1025/1021 2036/1033/1885
f 1077/1025/1021 151/1030/151 836/1034/780
f 2036/1033/1885 836/1034/780 152/1035/152
f 1069/981/1013 2037/1037/1886 1079/1036/1023
f 261/1032/261 1078/1031/1022 2037/1037/1886
f 1078/1031/1022 152/1035/152 837/1038/781
f 2037/1037/1886 837/1038/781 153/1039/153
f 166/1040/166 855/1043/799 2038/1041/1887
f 855/1043/799 79/1952/79 1058/1044/1002
f 1058/1044/1002 352/1958/352 1325/1045/1269
f 838/1042/782 2038/1041/1887 1325/1045/1269
f 164/1047/164 1081/1050/1025 2039/1048/1888
f 257/969/257 1066/977/1010 2039/1048/1888
f 1066/977/1010 260/982/260 1080/1051/1024
f 853/1049/797 2039/1048/1888 1080/1051/1024
f 163/996/163 1082/1055/1026 2040/1053/1889
f 1082/1055/1026 254/964/254 1061/963/1005
f 2040/1053/1889 1061/963/1005 257/969/257
f 852/1054/796 2040/1053/1889 1081/1056/1025
f 1083/1057/1027 2041/1061/1890 1085/1058/1029
f 264/1060/264 1086/1062/1030 2041/1061/1890
f 1086/1062/1030 267/1070/267 1088/1063/1032
f 2041/1061/1890 1088/1063/1032 266/1064/266
f 1084/1065/1028 2042/1067/1891 1086/1062/1030
f 265/1066/265 1087/1068/1031 2042/1067/1891
f 1087/1068/1031 268/1112/268 1089/1069/1033
f 2042/1067/1891 1089/1069/1033 267/1070/267
f 266/1064/266 1088/1063/1032 2043/1071/1892
f 1088/1063/1032 267/1070/267 1091/1073/1035
f 2043/1071/1892 1091/1073/1035 270/1074/270
f 1090/1072/1034 2043/1071/1892 1093/1075/1037
f 267/1070/267 1089/1069/1033 2044/1077/1893
f 1089/1069/1033 268/1112/268 1092/1078/1036
f 2044/1077/1893 1092/1078/1036 271/1079/271
f 1091/1073/1035 2044/1077/1893 1094/1080/1038
f 830/1081/774 2045/1085/1894 847/1082/791
f 147/1084/147 1095/1086/1039 2045/1085/1894
f 1095/1086/1039 263/1094/263 1106/1087/1050
f 2045/1085/1894 1106/1087/1050 160/1088/160
f 829/1089/773 2046/1091/1895 1095/1086/1039
f 146/1090/146 1096/1092/1040 2046/1091/1895
f 1096/1092/1040 264/1100/264 1083/1093/1027
f 2046/1091/1895 1083/1093/1027 263/1094/263
f 828/1095/772 2047/1097/1896 1096/1092/1040
f 145/1096/145 1097/1098/1041 2047/1097/1896
f 1097/1098/1041 265/1106/265 1084/1099/1028
f 2047/1097/1896 1084/1099/1028 264/1100/264
f 827/1101/771 2048/1103/1897 1097/1098/1041
f 74/1102/74 819/1104/763 2048/1103/1897
f 819/1104/763 139/1792/139 1098/1105/1042
f 2048/1103/1897 1098/1105/1042 265/1106/265
f 1098/1107/1042 2049/1109/1898 1087/1068/1031
f 139/1108/139 820/1110/764 2049/1109/1898
f 820/1110/764 140/1838/140 1099/1111/1043
f 2049/1109/1898 1099/1111/1043 268/1112/268
f 268/1112/268 1099/1111/1043 2050/1113/1899
f 1099/1111/1043 140/1838/140 821/1114/765
f 2050/1113/1899 821/1114/765 141/1115/141
f 1092/1078/1036 2050/1113/1899 1100/1116/1044
f 271/1117/271 1100/1120/1044 2051/1118/1900
f 1100/1120/1044 141/1115/141 822/1121/766
f 2051/1118/1900 822/1121/766 75/1122/75
f 1101/1119/1045 2051/1118/1900 831/1123/775
f 270/1125/270 1094/1128/1038 2052/1126/1901
f 1094/1128/1038 271/1117/271 1101/1119/1045
f 2052/1126/1901 1101/1119/1045 148/1124/148
f 1102/1127/1046 2052/1126/1901 832/1129/776
f 269/1131/269 1093/1134/1037 2053/1132/1902
f 1093/1134/1037 270/1125/270 1102/1127/1046
f 2053/1132/1902 1102/1127/1046 149/1130/149
f 1103/1133/1047 2053/1132/1902 833/1135/777
f 162/1137/162 1104/1140/1048 2054/1138/1903
f 1104/1140/1048 269/1131/269 1103/1133/1047
f 2054/1138/1903 1103/1133/1047 150/1136/150
f 850/1139/794 2054/1138/1903 834/1141/778
f 161/1143/161 1105/1146/1049 2055/1144/1904
f 1105/1146/1049 266/1064/266 1090/1072/1034
f 2055/1144/1904 1090/1072/1034 269/1076/269
f 849/1145/793 2055/1144/1904 1104/1147/1048
f 1106/1149/1050 2056/1152/1905 848/1150/792
f 263/1059/263 1085/1058/1029 2056/1152/1905
f 1085/1058/1029 266/1064/266 1105/1146/1049
f 2056/1152/1905 1105/1146/1049 161/1143/161
f 272/1153/272 1107/1156/1051 2057/1154/1906
f 1107/1156/1051 273/1161/273 1110/1157/1054
f 2057/1154/1906 1110/1157/1054 276/1158/276
f 1109/1155/1053 2057/1154/1906 1112/1159/1056
f 273/1161/273 1108/1163/1052 2058/1162/1907
f 1108/1163/1052 274/1195/274 1111/1164/1055
f 2058/1162/1907 1111/1164/1055 277/1165/277
f 1110/1157/1054 2058/1162/1907 1113/1166/1057
f 275/1160/275 1112/1159/1056 2059/1167/1908
f 1112/1159/1056 276/1158/276 1115/1169/1059
f 2059/1167/1908 1115/1169/1059 279/1170/279
f 1114/1168/1058 2059/1167/1908 1117/1171/1061
f 276/1158/276 1113/1166/1057 2060/1173/1909
f 1113/1166/1057 277/1165/277 1116/1174/1060
f 2060/1173/1909 1116/1174/1060 280/1175/280
f 1115/1169/1059 2060/1173/1909 1118/1176/1062
f 795/1177/739 2061/1181/1910 843/1178/787
f 795/1177/739 121/1185/121 1119/1180/1063
f 2061/1181/1910 1119/1180/1063 272/1182/272
f 2061/1181/1910 1130/1183/1074 157/1184/157
f 121/1185/121 796/1187/740 2062/1186/1911
f 796/1187/740 122/1191/122 1120/1188/1064
f 2062/1186/1911 1120/1188/1064 273/1189/273
f 1119/1180/1063 2062/1186/1911 1107/1190/1051
f 122/1191/122 797/1193/741 2063/1192/1912
f 797/1193/741 123/1197/123 1121/1194/1065
f 2063/1192/1912 1121/1194/1065 274/1195/274
f 1120/1188/1064 2063/1192/1912 1108/1196/1052
f 123/1197/123 798/1199/742 2064/1198/1913
f 798/1199/742 73/1868/73 823/1200/767
f 2064/1198/1913 823/1200/767 142/1201/142
f 1121/1194/1065 2064/1198/1913 1122/1202/1066
f 274/1195/274 1122/1204/1066 2065/1203/1914
f 1122/1204/1066 142/1201/142 824/1205/768
f 2065/1203/1914 824/1205/768 143/1206/143
f 1111/1164/1055 2065/1203/1914 1123/1207/1067
f 277/1165/277 1123/1207/1067 2066/1208/1915
f 1123/1207/1067 143/1206/143 825/1209/769
f 2066/1208/1915 825/1209/769 144/1210/144
f 1116/1174/1060 2066/1208/1915 1124/1211/1068
f 280/1212/280 1124/1211/1068 2067/1213/1916
f 1124/1211/1068 144/1914/144 826/1215/770
f 826/1215/770 74/1918/74 827/1216/771
f 2067/1213/1916 827/1216/771 145/1217/145
f 279/1218/279 1118/1221/1062 2068/1219/1917
f 1118/1221/1062 280/1212/280 1125/1214/1069
f 1125/1214/1069 145/1217/145 828/1222/772
f 2068/1219/1917 828/1222/772 146/1223/146
f 278/1224/278 1117/1227/1061 2069/1225/1918
f 1117/1227/1061 279/1218/279 1126/1220/1070
f 1126/1220/1070 146/1223/146 829/1228/773
f 2069/1225/1918 829/1228/773 147/1229/147
f 1128/1230/1072 2070/1233/1919 846/1231/790
f 278/1224/278 1127/1226/1071 2070/1233/1919
f 1127/1226/1071 147/1229/147 830/1234/774
f 2070/1233/1919 830/1234/774 77/1235/77
f 1129/1236/1073 2071/1239/1920 845/1237/789
f 275/1160/275 1114/1168/1058 2071/1239/1920
f 1114/1168/1058 278/1172/278 1128/1240/1072
f 2071/1239/1920 1128/1240/1072 159/1241/159
f 1130/1242/1074 2072/1244/1921 844/1243/788
f 1130/1242/1074 272/1153/272 1109/1155/1053
f 2072/1244/1921 1109/1155/1053 275/1160/275
f 2072/1244/1921 1129/1236/1073 158/1238/158
f 1131/1245/1075 2073/1249/1922 1133/1246/1077
f 282/1248/282 1134/1250/1078 2073/1249/1922
f 1134/1250/1078 285/1262/285 1136/1251/1080
f 2073/1249/1922 1136/1251/1080 284/1252/284
f 1132/1253/1076 2074/1257/1923 1134/1254/1078
f 283/1256/283 1135/1258/1079 2074/1257/1923
f 1135/1258/1079 286/1296/286 1137/1259/1081
f 2074/1257/1923 1137/1259/1081 285/1260/285
f 1136/1251/1080 2075/1263/1924 1138/1261/1082
f 285/1262/285 1139/1264/1083 2075/1263/1924
f 1139/1264/1083 288/1272/288 1141/1265/1085
f 2075/1263/1924 1141/1265/1085 287/1266/287
f 1137/1267/1081 2076/1269/1925 1139/1264/1083
f 286/1268/286 1140/1270/1084 2076/1269/1925
f 1140/1270/1084 289/1308/289 1142/1271/1086
f 2076/1269/1925 1142/1271/1086 288/1272/288
f 839/1273/783 2077/1276/1926 750/1274/694
f 154/1275/154 1143/1277/1087 2077/1276/1926
f 1143/1277/1087 281/1247/281 1154/1278/1098
f 2077/1276/1926 1154/1278/1098 87/1279/87
f 840/1280/784 2078/1282/1927 1143/1277/1087
f 155/1281/155 1144/1283/1088 2078/1282/1927
f 1144/1283/1088 282/1248/282 1131/1245/1075
f 2078/1282/1927 1131/1245/1075 281/1247/281
f 841/1284/785 2079/1288/1928 1144/1285/1088
f 156/1287/156 1145/1289/1089 2079/1288/1928
f 1145/1289/1089 283/1256/283 1132/1253/1076
f 2079/1288/1928 1132/1253/1076 282/1255/282
f 842/1290/786 2080/1291/1929 1145/1289/1089
f 80/1179/80 843/1178/787 2080/1291/1929
f 843/1178/787 157/1184/157 1146/1292/1090
f 2080/1291/1929 1146/1292/1090 283/1256/283
f 1146/1292/1090 2081/1293/1930 1135/1258/1079
f 157/1184/157 844/1294/788 2081/1293/1930
f 844/1294/788 158/1298/158 1147/1295/1091
f 2081/1293/1930 1147/1295/1091 286/1296/286
f 1147/1295/1091 2082/1299/1931 1140/1297/1084
f 158/1298/158 845/1300/789 2082/1299/1931
f 845/1300/789 159/1232/159 1148/1301/1092
f 2082/1299/1931 1148/1301/1092 289/1302/289
f 1148/1301/1092 2083/1304/1932 1149/1303/1093
f 159/1232/159 846/1231/790 2083/1304/1932
f 846/1231/790 77/1235/77 759/1305/703
f 2083/1304/1932 759/1305/703 94/1306/94
f 1142/1271/1086 2084/1309/1933 1150/1307/1094
f 289/1308/289 1149/1310/1093 2084/1309/1933
f 1149/1310/1093 94/1376/94 760/1311/704
f 2084/1309/1933 760/1311/704 95/1312/95
f 1141/1313/1085 2085/1317/1934 1151/1314/1095
f 288/1316/288 1150/1318/1094 2085/1317/1934
f 1150/1318/1094 95/1312/95 761/1319/705
f 2085/1317/1934 761/1319/705 96/1320/96
f 85/1321/85 1152/1324/1096 2086/1322/1935
f 287/1266/287 1151/1325/1095 2086/1322/1935
f 1151/1325/1095 96/1367/96 762/1326/706
f 2086/1322/1935 762/1326/706 67/722/67
f 1153/1327/1097 2087/1331/1936 748/1328/692
f 284/1330/284 1138/1332/1082 2087/1331/1936
f 1138/1332/1082 287/1315/287 1152/1333/1096
f 748/1328/692 2087/1331/1936 1152/1333/1096
f 1154/1335/1098 2088/1338/1937 749/1336/693
f 281/1337/281 1133/1339/1077 2088/1338/1937
f 1133/1339/1077 284/1330/284 1153/1327/1097
f 2088/1338/1937 1153/1327/1097 86/1329/86
f 290/1340/290 1155/1343/1099 2089/1341/1938
f 1155/1343/1099 291/1374/291 1158/1344/1102
f 2089/1341/1938 1158/1344/1102 294/1345/294
f 1157/1342/1101 2089/1341/1938 1160/1346/1104
f 291/1348/291 1156/1351/1100 2090/1349/1939
f 1156/1351/1100 292/1377/292 1159/1352/1103
f 2090/1349/1939 1159/1352/1103 295/1353/295
f 1158/1350/1102 2090/1349/1939 1161/1354/1105
f 293/1347/293 1160/1346/1104 2091/1356/1940
f 294/1345/294 1163/1358/1107 2091/1356/1940
f 1163/1358/1107 297/1404/297 1165/1359/1109
f 1162/1357/1106 2091/1356/1940 1165/1359/1109
f 1161/1354/1105 2092/1361/1941 1163/1358/1107
f 295/1353/295 1164/1362/1108 2092/1361/1941
f 1164/1362/1108 298/1398/298 1166/1363/1110
f 2092/1361/1941 1166/1363/1110 297/1364/297
f 67/722/67 762/1326/706 2093/1365/1942
f 96/1367/96 1167/1368/1111 2093/1365/1942
f 1167/1368/1111 290/3683/290 1178/1369/1122
f 2093/1365/1942 1178/1369/1122 99/1370/99
f 761/1319/705 2094/1373/1943 1167/1371/1111
f 761/1319/705 95/1312/95 1168/1372/1112
f 2094/1373/1943 1168/1372/1112 291/1374/291
f 1167/1371/1111 2094/1373/1943 1155/1343/1099
f 95/1312/95 760/1311/704 2095/1375/1944
f 94/1376/94 1169/3684/1113 2095/1375/1944
f 2095/1375/1944 1169/3684/1113 292/1377/292
f 1168/1372/1112 2095/1375/1944 1156/1351/1100
f 759/1378/703 2096/1381/1945 1169/1379/1113
f 77/1083/77 847/1082/791 2096/1381/1945
f 847/1082/791 160/1088/160 1170/1382/1114
f 1169/1379/1113 2096/1381/1945 1170/1382/1114
f 292/1383/292 1170/1382/1114 2097/1384/1946
f 160/1088/160 848/3685/792 2097/1384/1946
f 2097/1384/1946 848/3685/792 161/1143/161
f 1159/1385/1103 2097/1384/1946 1171/1386/1115
f 1171/1386/1115 2098/1390/1947 1164/1388/1108
f 1171/1386/1115 161/1143/161 849/1389/793
f 2098/1390/1947 849/1389/793 162/1137/162
f 2098/1390/1947 1172/1391/1116 298/1392/298
f 1172/1391/1116 2099/1394/1948 1173/1393/1117
f 1172/1391/1116 162/1137/162 850/1139/794
f 2099/1394/1948 850/1139/794 78/1142/78
f 1173/1393/1117 2099/1394/1948 771/1395/715
f 1166/1363/1110 2100/1399/1949 1174/1397/1118
f 298/1398/298 1173/1400/1117 2100/1399/1949
f 1173/1400/1117 103/3686/103 772/1401/716
f 2100/1399/1949 772/1401/716 104/1402/104
f 1165/1359/1109 2101/1405/1950 1175/1403/1119
f 297/1404/297 1174/1406/1118 2101/1405/1950
f 1174/1406/1118 104/3687/104 773/1407/717
f 2101/1405/1950 773/1407/717 105/1408/105
f 97/1409/97 1176/1412/1120 2102/1410/1951
f 1176/1412/1120 296/3688/296 1175/1413/1119
f 1175/1413/1119 105/3689/105 774/1414/718
f 2102/1410/1951 774/1414/718 71/743/71
f 98/1415/98 1177/1417/1121 2103/1416/1952
f 1177/1417/1121 293/1347/293 1162/1357/1106
f 2103/1416/1952 1162/1357/1106 296/1360/296
f 764/735/708 2103/1416/1952 1176/1418/1120
f 1178/1419/1122 2104/1422/1953 765/1420/709
f 290/1340/290 1157/1342/1101 2104/1422/1953
f 1157/1342/1101 293/1347/293 1177/1417/1121
f 2104/1422/1953 1177/1417/1121 98/1415/98
f 299/1423/299 1179/1426/1123 2105/1424/1954
f 1179/1426/1123 300/1431/300 1182/1427/1126
f 2105/1424/1954 1182/1427/1126 303/1428/303
f 1181/1425/1125 2105/1424/1954 1184/1429/1128
f 300/1431/300 1180/1433/1124 2106/1432/1955
f 1180/1433/1124 301/1463/301 1183/1434/1127
f 2106/1432/1955 1183/1434/1127 304/1435/304
f 1182/1427/1126 2106/1432/1955 1185/1436/1129
f 302/1430/302 1184/1429/1128 2107/1437/1956
f 1184/1429/1128 303/1428/303 1187/1439/1131
f 2107/1437/1956 1187/1439/1131 306/1440/306
f 1186/1438/1130 2107/1437/1956 1189/1441/1133
f 303/1443/303 1185/1446/1129 2108/1444/1957
f 1185/1446/1129 304/1474/304 1188/1447/1132
f 2108/1444/1957 1188/1447/1132 307/1448/307
f 1187/1445/1131 2108/1444/1957 1190/1449/1134
f 71/743/71 774/1414/718 2109/1451/1958
f 774/1414/718 105/3689/105 1191/1452/1135
f 1191/1452/1135 299/1423/299 1202/1453/1146
f 2109/1451/1958 1202/1453/1146 108/1454/108
f 105/1408/105 773/1407/717 2110/1455/1959
f 773/1407/717 104/3687/104 1192/1457/1136
f 2110/1455/1959 1192/1457/1136 300/1431/300
f 1191/1456/1135 2110/1455/1959 1179/1458/1123
f 104/1402/104 772/1401/716 2111/1460/1960
f 772/1401/716 103/3686/103 1193/1462/1137
f 2111/1460/1960 1193/1462/1137 301/1463/301
f 1192/1461/1136 2111/1460/1960 1180/1433/1124
f 103/1464/103 771/1467/715 2112/1465/1961
f 771/1467/715 78/989/78 851/991/795
f 2112/1465/1961 851/991/795 163/996/163
f 1193/1466/1137 2112/1465/1961 1194/1468/1138
f 301/1469/301 1194/1468/1138 2113/1470/1962
f 1194/1468/1138 163/996/163 852/1472/796
f 2113/1470/1962 852/1472/796 164/1047/164
f 1183/1471/1127 2113/1470/1962 1195/1473/1139
f 304/1474/304 1195/1473/1139 2114/1475/1963
f 1195/1473/1139 164/1047/164 853/1049/797
f 2114/1475/1963 853/1049/797 165/1052/165
f 1188/1447/1132 2114/1475/1963 1196/1476/1140
f 307/1448/307 1196/1476/1140 2115/1477/1964
f 1196/1476/1140 165/1052/165 854/1479/798
f 854/1479/798 79/3690/79 783/1480/727
f 2115/1477/1964 783/1480/727 112/1481/112
f 306/1450/306 1190/1449/1134 2116/1482/1965
f 1190/1449/1134 307/1448/307 1197/1478/1141
f 2116/1482/1965 1197/1478/1141 112/1481/112
f 1198/1483/1142 2116/1482/1965 784/1484/728
f 305/1442/305 1189/1441/1133 2117/1486/1966
f 1189/1441/1133 306/1440/306 1198/1488/1142
f 2117/1486/1966 1198/1488/1142 113/1489/113
f 1199/1487/1143 2117/1486/1966 785/1490/729
f 106/1492/106 1200/1494/1144 2118/1493/1967
f 1200/1494/1144 305/1442/305 1199/1487/1143
f 2118/1493/1967 1199/1487/1143 114/1491/114
f 775/762/719 2118/1493/1967 786/1495/730
f 107/1496/107 1201/1498/1145 2119/1497/1968
f 1201/1498/1145 302/1505/302 1186/1499/1130
f 2119/1497/1968 1186/1499/1130 305/1500/305
f 776/755/720 2119/1497/1968 1200/1501/1144
f 1202/1502/1146 2120/1504/1969 777/751/721
f 1202/1502/1146 299/1459/299 1181/1503/1125
f 2120/1504/1969 1181/1503/1125 302/1505/302
f 777/751/721 2120/1504/1969 1201/1498/1145
f 308/1506/308 1203/1509/1147 2121/1507/1970
f 1203/1509/1147 309/1539/309 1206/1510/1150
f 2121/1507/1970 1206/1510/1150 312/1511/312
f 1205/1508/1149 2121/1507/1970 1208/1512/1152
f 309/1514/309 1204/1517/1148 2122/1515/1971
f 1204/1517/1148 310/1545/310 1207/1518/1151
f 1207/1518/1151 313/1527/313 1209/1519/1153
f 1206/1516/1150 2122/1515/1971 1209/1519/1153
f 1208/1512/1152 2123/1522/1972 1210/1521/1154
f 312/1511/312 1211/1523/1155 2123/1522/1972
f 1211/1523/1155 315/1568/315 1213/1524/1157
f 2123/1522/1972 1213/1524/1157 314/1525/314
f 1209/1519/1153 2124/1528/1973 1211/1526/1155
f 313/1527/313 1212/1529/1156 2124/1528/1973
f 1212/1529/1156 316/1558/316 1214/1530/1158
f 2124/1528/1973 1214/1530/1158 315/1531/315
f 69/763/69 786/1495/730 2125/1532/1974
f 786/1495/730 114/1491/114 1215/1534/1159
f 2125/1532/1974 1215/1534/1159 308/1506/308
f 2125/1532/1974 1226/1535/1170 117/1536/117
f 114/1491/114 785/1490/729 2126/1537/1975
f 785/1490/729 113/1489/113 1216/1538/1160
f 2126/1537/1975 1216/1538/1160 309/1539/309
f 1215/1534/1159 2126/1537/1975 1203/1509/1147
f 113/1540/113 784/1543/728 2127/1541/1976
f 784/1543/728 112/1547/112 1217/1544/1161
f 2127/1541/1976 1217/1544/1161 310/1545/310
f 1216/1542/1160 2127/1541/1976 1204/1517/1148
f 783/1546/727 2128/1549/1977 1217/1544/1161
f 79/1548/79 855/1550/799 2128/1549/1977
f 855/1550/799 166/1552/166 1218/1551/1162
f 2128/1549/1977 1218/1551/1162 310/1545/310
f 1218/1551/1162 2129/1553/1978 1207/1518/1151
f 166/1552/166 856/1554/800 2129/1553/1978
f 856/1554/800 167/952/167 1219/1555/1163
f 2129/1553/1978 1219/1555/1163 313/1527/313
f 1219/1555/1163 2130/1556/1979 1212/1529/1156
f 167/952/167 857/951/801 2130/1556/1979
f 857/951/801 168/944/168 1220/1557/1164
f 2130/1556/1979 1220/1557/1164 316/1558/316
f 1220/1557/1164 2131/1560/1980 1221/1559/1165
f 168/944/168 858/946/802 2131/1560/1980
f 858/946/802 80/949/80 842/1561/786
f 2131/1560/1980 842/1561/786 156/1562/156
f 1214/1530/1158 2132/1564/1981 1222/1563/1166
f 316/1558/316 1221/1559/1165 2132/1564/1981
f 1221/1559/1165 156/1562/156 841/1565/785
f 2132/1564/1981 841/1565/785 155/1566/155
f 1213/1524/1157 2133/1569/1982 1223/1567/1167
f 315/1568/315 1222/1570/1166 2133/1569/1982
f 1222/1570/1166 155/1281/155 840/1280/784
f 2133/1569/1982 840/1280/784 154/1275/154
f 115/1571/115 1224/1574/1168 2134/1572/1983
f 314/1525/314 1223/1567/1167 2134/1572/1983
f 1223/1567/1167 154/1275/154 839/1273/783
f 2134/1572/1983 839/1273/783 65/782/65
f 116/1575/116 1225/1579/1169 2135/1576/1984
f 311/1578/311 1210/1580/1154 2135/1576/1984
f 1210/1580/1154 314/3691/314 1224/1574/1168
f 788/1577/732 2135/1576/1984 1224/1574/1168
f 1226/1581/1170 2136/1585/1985 789/1582/733
f 308/1584/308 1205/1586/1149 2136/1585/1985
f 1205/1586/1149 311/1578/311 1225/1579/1169
f 2136/1585/1985 1225/1579/1169 116/1575/116
f 1227/1587/1171 2137/1591/1986 1229/1588/1173
f 1227/1587/1171 318/1630/318 1230/1590/1174
f 1230/1590/1174 321/3692/321 1232/1592/1176
f 2137/1591/1986 1232/1592/1176 320/1593/320
f 319/1594/319 1242/1597/1186 2138/1595/1987
f 1242/1597/1186 181/2092/181 876/1598/820
f 2138/1595/1987 876/1598/820 371/1599/371
f 1243/1596/1187 2138/1595/1987 1373/1600/1317
f 320/1593/320 1232/1592/1176 2139/1602/1988
f 1232/1592/1176 321/3692/321 1235/1604/1179
f 1235/1604/1179 323/1655/323 1237/1605/1181
f 1234/1603/1178 2139/1602/1988 1237/1605/1181
f 221/1607/221 970/1610/914 2140/1608/1989
f 970/1610/914 224/3693/224 985/1611/929
f 2140/1608/1989 985/1611/929 375/1612/375
f 2140/1608/1989 1362/1613/1306 374/1614/374
f 810/1615/754 2141/1617/1990 811/916/755
f 132/1616/132 1239/1618/1183 2141/1617/1990
f 1239/1618/1183 317/1589/317 1250/1619/1194
f 2141/1617/1990 1250/1619/1194 133/1620/133
f 809/1621/753 2142/1623/1991 1239/1618/1183
f 131/1622/131 1240/1624/1184 2142/1623/1991
f 1240/1624/1184 318/1630/318 1227/1587/1171
f 2142/1623/1991 1227/1587/1171 317/1589/317
f 808/1625/752 2143/1627/1992 1240/1624/1184
f 130/1626/130 1241/1632/1185 2143/1627/1992
f 2143/1627/1992 1241/1632/1185 319/1628/319
f 1240/1624/1184 2143/1627/1992 1228/1629/1172
f 807/1631/751 2144/1633/1993 1241/1632/1185
f 84/634/84 875/633/819 2144/1633/1993
f 2144/1633/1993 875/633/819 181/638/181
f 1241/1632/1185 2144/1633/1993 1242/1634/1186
f 1235/1635/1179 2145/1638/1994 1231/1636/1175
f 321/682/321 1233/684/1177 2145/1638/1994
f 2145/1638/1994 1233/684/1177 378/689/378
f 2145/1638/1994 1370/1639/1314 379/1640/379
f 318/1641/318 1228/1644/1172 2146/1642/1995
f 1228/1644/1172 319/1594/319 1243/1596/1187
f 2146/1642/1995 1243/1596/1187 377/1601/377
f 1236/1643/1180 2146/1642/1995 1366/1645/1310
f 1244/1647/1188 2147/1650/1996 1245/1648/1189
f 182/674/182 878/676/822 2147/1650/1996
f 2147/1650/1996 878/676/822 81/681/81
f 1245/1648/1189 2147/1650/1996 862/1651/806
f 1238/1653/1182 2148/1656/1997 1246/1654/1190
f 324/1649/324 1245/1648/1189 2148/1656/1997
f 1245/1648/1189 171/1652/171 861/1657/805
f 2148/1656/1997 861/1657/805 170/1658/170
f 322/1606/322 1237/1605/1181 2149/1659/1998
f 1237/1605/1181 323/1655/323 1246/1654/1190
f 2149/1659/1998 1246/1654/1190 170/1658/170
f 1247/1660/1191 2149/1659/1998 860/1661/804
f 135/1663/135 1248/1665/1192 2150/1664/1999
f 1248/1665/1192 322/1606/322 1247/1660/1191
f 2150/1664/1999 1247/1660/1191 169/1662/169
f 814/932/758 2150/1664/1999 859/1666/803
f 134/1667/134 1249/1669/1193 2151/1668/2000
f 1249/1669/1193 320/1593/320 1234/1670/1178
f 2151/1668/2000 1234/1670/1178 322/1671/322
f 813/926/757 2151/1668/2000 1248/1665/1192
f 1250/1672/1194 2152/1674/2001 812/922/756
f 317/1673/317 1229/1675/1173 2152/1674/2001
f 1229/1675/1173 320/1593/320 1249/1669/1193
f 2152/1674/2001 1249/1669/1193 134/1667/134
f 1251/1676/1195 2153/1680/2002 1253/1677/1197
f 326/1679/326 1254/1681/1198 2153/1680/2002
f 1254/1681/1198 329/1689/329 1256/1682/1200
f 2153/1680/2002 1256/1682/1200 328/1683/328
f 326/1679/326 1252/1686/1196 2154/1684/2003
f 327/1685/327 1255/1721/1199 2154/1684/2003
f 2154/1684/2003 1255/1721/1199 330/1687/330
f 1254/1681/1198 2154/1684/2003 1257/1688/1201
f 1256/1682/1200 2155/1692/2004 1258/1690/1202
f 1256/1682/1200 329/1689/329 1259/1691/1203
f 1259/1691/1203 332/1745/332 1261/1693/1205
f 2155/1692/2004 1261/1693/1205 331/1694/331
f 329/1695/329 1257/1698/1201 2156/1696/2005
f 1257/1698/1201 330/1732/330 1260/1699/1204
f 2156/1696/2005 1260/1699/1204 368/1700/368
f 882/1697/826 2156/1696/2005 1348/1701/1292
f 75/1703/75 806/1705/750 2157/1704/2006
f 806/1705/750 129/1709/129 1263/1706/1207
f 1263/1706/1207 325/1678/325 1274/1707/1218
f 2157/1704/2006 1274/1707/1218 136/1708/136
f 129/1709/129 805/1711/749 2158/1710/2007
f 805/1711/749 128/1714/128 1264/1712/1208
f 1264/1712/1208 326/1679/326 1251/1676/1195
f 2158/1710/2007 1251/1676/1195 325/1678/325
f 804/1713/748 2159/1716/2008 1264/1712/1208
f 127/1715/127 1265/1717/1209 2159/1716/2008
f 1265/1717/1209 327/1685/327 1252/1686/1196
f 2159/1716/2008 1252/1686/1196 326/1679/326
f 803/1718/747 2160/1719/2009 1265/1717/1209
f 83/539/83 879/538/823 2160/1719/2009
f 879/538/823 183/544/183 1266/1720/1210
f 2160/1719/2009 1266/1720/1210 327/1685/327
f 1266/1720/1210 2161/1722/2010 1255/1721/1199
f 183/544/183 880/600/824 2161/1722/2010
f 2161/1722/2010 880/600/824 184/603/184
f 1255/1721/1199 2161/1722/2010 1267/1723/1211
f 961/1724/905 2162/1728/2011 1262/1725/1206
f 212/1727/212 960/1729/904 2162/1728/2011
f 960/1729/904 365/3694/365 1347/1730/1291
f 2162/1728/2011 1347/1730/1291 363/1731/363
f 330/1732/330 1267/1734/1211 2163/1733/2012
f 1267/1734/1211 184/1726/184 1262/1725/1206
f 1262/1725/1206 363/1731/363 1352/1735/1296
f 2163/1733/2012 1352/1735/1296 368/1700/368
f 808/1736/752 2164/1740/2013 1268/1737/1212
f 131/1739/131 1269/1741/1213 2164/1740/2013
f 1269/1741/1213 361/3695/361 1340/1742/1284
f 2164/1740/2013 1340/1742/1284 360/1743/360
f 1261/1693/1205 2165/1746/2014 1271/1744/1215
f 332/1745/332 1270/1747/1214 2165/1746/2014
f 1270/1747/1214 131/3696/131 809/1748/753
f 2165/1746/2014 809/1748/753 132/1749/132
f 1272/1750/1216 2166/1751/2015 818/1028/762
f 331/1694/331 1271/1744/1215 2166/1751/2015
f 1271/1744/1215 132/1749/132 810/1752/754
f 2166/1751/2015 810/1752/754 76/1753/76
f 1273/1754/1217 2167/1755/2016 817/1021/761
f 328/1683/328 1258/1756/1202 2167/1755/2016
f 1258/1756/1202 331/3697/331 1272/1757/1216
f 2167/1755/2016 1272/1757/1216 138/1758/138
f 1274/1759/1218 2168/1761/2017 816/1017/760
f 325/1760/325 1253/1762/1197 2168/1761/2017
f 1253/1762/1197 328/1683/328 1273/1754/1217
f 2168/1761/2017 1273/1754/1217 137/1019/137
f 1275/1763/1219 2169/1767/2018 1277/1764/1221
f 334/1766/334 1278/1768/1222 2169/1767/2018
f 1278/1768/1222 337/1776/337 1280/1769/1224
f 2169/1767/2018 1280/1769/1224 336/1770/336
f 1276/1771/1220 2170/1773/2019 1278/1768/1222
f 335/1772/335 1279/1774/1223 2170/1773/2019
f 1279/1774/1223 338/1812/338 1281/1775/1225
f 2170/1773/2019 1281/1775/1225 337/1776/337
f 336/1770/336 1280/1769/1224 2171/1777/2020
f 1280/1769/1224 337/1776/337 1283/1779/1227
f 2171/1777/2020 1283/1779/1227 340/1780/340
f 1282/1778/1226 2171/1777/2020 1285/1781/1229
f 337/1776/337 1281/1775/1225 2172/1783/2021
f 1281/1775/1225 338/1812/338 1284/1784/1228
f 2172/1783/2021 1284/1784/1228 341/1785/341
f 1283/1779/1227 2172/1783/2021 1286/1786/1230
f 802/1787/746 2173/1789/2022 819/1104/763
f 126/1788/126 1287/1790/1231 2173/1789/2022
f 1287/1790/1231 333/1798/333 1298/1791/1242
f 2173/1789/2022 1298/1791/1242 139/1792/139
f 801/1793/745 2174/1795/2023 1287/1790/1231
f 125/1794/125 1288/1796/1232 2174/1795/2023
f 1288/1796/1232 334/1804/334 1275/1797/1219
f 2174/1795/2023 1275/1797/1219 333/1798/333
f 800/1799/744 2175/1801/2024 1288/1796/1232
f 124/1800/124 1289/1802/1233 2175/1801/2024
f 1289/1802/1233 335/1808/335 1276/1803/1220
f 2175/1801/2024 1276/1803/1220 334/1804/334
f 799/1805/743 2176/1806/2025 1289/1802/1233
f 82/445/82 883/444/827 2176/1806/2025
f 883/444/827 185/450/185 1290/1807/1234
f 2176/1806/2025 1290/1807/1234 335/1808/335
f 1290/1809/1234 2177/1810/2026 1279/1774/1223
f 185/503/185 884/502/828 2177/1810/2026
f 884/502/828 186/508/186 1291/1811/1235
f 2177/1810/2026 1291/1811/1235 338/1812/338
f 338/1812/338 1291/1811/1235 2178/1813/2027
f 1291/1811/1235 186/508/186 885/1814/829
f 2178/1813/2027 885/1814/829 187/1815/187
f 1284/1784/1228 2178/1813/2027 1292/1816/1236
f 341/1817/341 1292/1820/1236 2179/1818/2028
f 1292/1820/1236 187/489/187 886/491/830
f 2179/1818/2028 886/491/830 83/496/83
f 1293/1819/1237 2179/1818/2028 803/1821/747
f 340/1823/340 1286/1826/1230 2180/1824/2029
f 1286/1826/1230 341/1817/341 1293/1819/1237
f 2180/1824/2029 1293/1819/1237 127/1822/127
f 1294/1825/1238 2180/1824/2029 804/1827/748
f 339/1829/339 1285/1832/1229 2181/1830/2030
f 1285/1832/1229 340/1823/340 1294/1825/1238
f 2181/1830/2030 1294/1825/1238 128/1828/128
f 1295/1831/1239 2181/1830/2030 805/1833/749
f 141/1115/141 1296/1836/1240 2182/1835/2031
f 1296/1836/1240 339/1829/339 1295/1831/1239
f 2182/1835/2031 1295/1831/1239 129/1834/129
f 822/1121/766 2182/1835/2031 806/1837/750
f 140/1838/140 1297/1840/1241 2183/1839/2032
f 1297/1840/1241 336/1770/336 1282/1778/1226
f 2183/1839/2032 1282/1778/1226 339/1782/339
f 821/1114/765 2183/1839/2032 1296/1841/1240
f 1298/1842/1242 2184/1843/2033 820/1110/764
f 333/1765/333 1277/1764/1221 2184/1843/2033
f 1277/1764/1221 336/1770/336 1297/1840/1241
f 2184/1843/2033 1297/1840/1241 140/1838/140
f 342/1844/342 1299/1847/1243 2185/1845/2034
f 1299/1847/1243 343/1853/343 1302/1848/1246
f 2185/1845/2034 1302/1848/1246 346/1849/346
f 1301/1846/1245 2185/1845/2034 1304/1850/1248
f 1300/1852/1244 2186/1855/2035 1302/1848/1246
f 344/1854/344 1303/1891/1247 2186/1855/2035
f 2186/1855/2035 1303/1891/1247 347/1856/347
f 1302/1848/1246 2186/1855/2035 1305/1857/1249
f 345/1851/345 1304/1850/1248 2187/1858/2036
f 1304/1850/1248 346/1849/346 1307/1860/1251
f 2187/1858/2036 1307/1860/1251 349/1861/349
f 1306/1859/1250 2187/1858/2036 1309/1862/1253
f 346/1849/346 1305/1857/1249 2188/1864/2037
f 1305/1857/1249 347/1856/347 1308/1865/1252
f 2188/1864/2037 1308/1865/1252 350/1866/350
f 1307/1860/1251 2188/1864/2037 1310/1867/1254
f 73/1868/73 859/1870/803 2189/1869/2038
f 859/1870/803 169/1874/169 1311/1871/1255
f 2189/1869/2038 1311/1871/1255 342/1872/342
f 823/1200/767 2189/1869/2038 1322/1873/1266
f 169/1874/169 860/1876/804 2190/1875/2039
f 860/1876/804 170/1880/170 1312/1877/1256
f 2190/1875/2039 1312/1877/1256 343/1878/343
f 1311/1871/1255 2190/1875/2039 1299/1879/1243
f 170/1880/170 861/1882/805 2191/1881/2040
f 861/1882/805 171/1886/171 1313/1883/1257
f 1313/1883/1257 344/1889/344 1300/1884/1244
f 2191/1881/2040 1300/1884/1244 343/1878/343
f 862/1885/806 2192/1887/2041 1313/1883/1257
f 81/346/81 887/345/831 2192/1887/2041
f 887/345/831 188/351/188 1314/1888/1258
f 2192/1887/2041 1314/1888/1258 344/1889/344
f 1314/1890/1258 2193/1892/2042 1303/1891/1247
f 188/412/188 888/411/832 2193/1892/2042
f 888/411/832 189/402/189 1315/1893/1259
f 2193/1892/2042 1315/1893/1259 347/1856/347
f 347/1856/347 1315/1893/1259 2194/1894/2043
f 1315/1893/1259 189/402/189 889/404/833
f 2194/1894/2043 889/404/833 190/409/190
f 1308/1865/1252 2194/1894/2043 1316/1895/1260
f 350/1896/350 1316/1899/1260 2195/1897/2044
f 1316/1899/1260 190/396/190 890/398/834
f 2195/1897/2044 890/398/834 82/401/82
f 1317/1898/1261 2195/1897/2044 799/1900/743
f 349/1902/349 1310/1905/1254 2196/1903/2045
f 1310/1905/1254 350/1896/350 1317/1898/1261
f 2196/1903/2045 1317/1898/1261 124/1901/124
f 1318/1904/1262 2196/1903/2045 800/1906/744
f 348/1908/348 1309/1911/1253 2197/1909/2046
f 1309/1911/1253 349/1902/349 1318/1904/1262
f 2197/1909/2046 1318/1904/1262 125/1907/125
f 1319/1910/1263 2197/1909/2046 801/1912/745
f 144/1914/144 1320/1916/1264 2198/1915/2047
f 1320/1916/1264 348/1908/348 1319/1910/1263
f 2198/1915/2047 1319/1910/1263 126/1913/126
f 826/1215/770 2198/1915/2047 802/1917/746
f 143/1206/143 1321/1920/1265 2199/1919/2048
f 1321/1920/1265 345/1851/345 1306/1859/1250
f 2199/1919/2048 1306/1859/1250 348/1863/348
f 825/1209/769 2199/1919/2048 1320/1921/1264
f 142/1201/142 1322/1923/1266 2200/1922/2049
f 1322/1923/1266 342/1844/342 1301/1846/1245
f 2200/1922/2049 1301/1846/1245 345/1851/345
f 824/1205/768 2200/1922/2049 1321/1920/1265
f 1323/1924/1267 2201/1928/2050 1325/1925/1269
f 351/1927/351 1328/1929/1272 2201/1928/2050
f 1328/1929/1272 356/3698/356 1330/1930/1274
f 2201/1928/2050 1330/1930/1274 354/1931/354
f 1330/1930/1274 2202/1934/2051 1326/1932/1270
f 1330/1930/1274 356/3698/356 1327/1933/1271
f 2202/1934/2051 1327/1933/1271 357/1935/357
f 2202/1934/2051 1329/1936/1273 355/1937/355
f 353/1938/353 1332/1942/1276 2203/1939/2052
f 358/1941/358 1331/1943/1275 2203/1939/2052
f 1331/1943/1275 351/3699/351 1323/1944/1267
f 1324/1940/1268 2203/1939/2052 1323/1944/1267
f 856/1946/800 2204/1949/2053 1337/1947/1281
f 856/1946/800 166/1040/166 838/1042/782
f 2204/1949/2053 838/1042/782 354/1046/354
f 2204/1949/2053 1326/1950/1270 355/1951/355
f 79/1952/79 854/1954/798 2205/1953/2054
f 854/1954/798 165/3700/165 1334/1955/1278
f 2205/1953/2054 1334/1955/1278 353/1956/353
f 2205/1953/2054 1324/1957/1268 352/1958/352
f 1037/1959/981 2206/1961/2055 1335/899/1279
f 1037/1959/981 248/3701/248 1338/1960/1282
f 2206/1961/2055 1338/1960/1282 357/1962/357
f 2206/1961/2055 1327/1963/1271 356/1964/356
f 1079/1965/1023 2207/1968/2056 1333/1966/1277
f 1079/1965/1023 153/894/153 1336/896/1280
f 2207/1968/2056 1336/896/1280 351/901/351
f 2207/1968/2056 1331/1969/1275 358/1970/358
f 248/1971/248 1057/1975/1001 2208/1972/2057
f 167/1974/167 1337/1976/1281 2208/1972/2057
f 1337/1976/1281 355/3702/355 1329/1977/1273
f 1338/1973/1282 2208/1972/2057 1329/1977/1273
f 364/1979/364 1346/1982/1290 2209/1980/2058
f 1346/1982/1290 366/3703/366 1345/1983/1289
f 2209/1980/2058 1345/1983/1289 362/1984/362
f 1343/1981/1287 2209/1980/2058 1341/1985/1285
f 1347/1987/1291 2210/1991/2059 1342/1988/1286
f 365/1990/365 1344/1992/1288 2210/1991/2059
f 1344/1992/1288 366/3703/366 1346/1982/1290
f 1342/1988/1286 2210/1991/2059 1346/1982/1290
f 367/1993/367 1348/1996/1292 2211/1994/2060
f 1348/1996/1292 368/2002/368 1350/1997/1294
f 2211/1994/2060 1350/1997/1294 370/1998/370
f 1349/1995/1293 2211/1994/2060 1351/1999/1295
f 1352/2001/1296 2212/2003/2061 1350/1997/1294
f 363/1989/363 1342/1988/1286 2212/2003/2061
f 2212/2003/2061 1342/1988/1286 364/1979/364
f 1350/1997/1294 2212/2003/2061 1353/2004/1297
f 370/1998/370 1353/2004/1297 2213/2005/2062
f 1353/2004/1297 364/1979/364 1343/1981/1287
f 2213/2005/2062 1343/1981/1287 359/1986/359
f 1354/2006/1298 2213/2005/2062 1339/2007/1283
f 1351/1999/1295 2214/2010/2063 1355/2009/1299
f 1351/1999/1295 370/1998/370 1354/2006/1298
f 1354/2006/1298 360/2008/360 1340/2011/1284
f 2214/2010/2063 1340/2011/1284 361/2012/361
f 946/2013/890 2215/2016/2064 960/2014/904
f 215/584/215 1357/586/1301 2215/2016/2064
f 1357/586/1301 366/591/366 1344/2017/1288
f 2215/2016/2064 1344/2017/1288 365/2018/365
f 332/2019/332 1259/2022/1203 2216/2020/2065
f 1259/2022/1203 329/3704/329 882/2023/826
f 2216/2020/2065 882/2023/826 367/2024/367
f 1358/2021/1302 2216/2020/2065 1349/2025/1293
f 807/2027/751 2217/2029/2066 881/2028/825
f 130/1738/130 1268/1737/1212 2217/2029/2066
f 2217/2029/2066 1268/1737/1212 360/1743/360
f 881/2028/825 2217/2029/2066 1339/2030/1283
f 1270/2031/1214 2218/2034/2067 1269/2032/1213
f 332/2019/332 1358/2021/1302 2218/2034/2067
f 1358/2021/1302 369/2026/369 1355/2035/1299
f 2218/2034/2067 1355/2035/1299 361/2036/361
f 376/2037/376 1366/2040/1310 2219/2038/2068
f 1366/2040/1310 377/2139/377 1396/2041/1340
f 1396/2041/1340 388/2142/388 1386/2042/1330
f 1397/2039/1341 2219/2038/2068 1386/2042/1330
f 374/2044/374 1362/2047/1306 2220/2045/2069
f 1362/2047/1306 375/3705/375 1359/2048/1303
f 2220/2045/2069 1359/2048/1303 386/2049/386
f 1374/2046/1318 2220/2045/2069 1382/2050/1326
f 1372/2052/1316 2221/2056/2070 1369/2053/1313
f 379/2055/379 1360/2057/1304 2221/2056/2070
f 1360/2057/1304 391/3706/391 1392/2058/1336
f 1369/2053/1313 2221/2056/2070 1392/2058/1336
f 1365/2060/1309 2222/2064/2071 1364/2061/1308
f 373/2063/373 1371/2065/1315 2222/2064/2071
f 1371/2065/1315 384/3707/384 1385/2066/1329
f 2222/2064/2071 1385/2066/1329 381/2067/381
f 372/2068/372 1375/2071/1319 2223/2069/2072
f 1375/2071/1319 380/2054/380 1369/2053/1313
f 2223/2069/2072 1369/2053/1313 392/2059/392
f 1368/2070/1312 2223/2069/2072 1395/2072/1339
f 1361/2074/1305 2224/2077/2073 1371/2075/1315
f 374/2044/374 1374/2046/1318 2224/2077/2073
f 1374/2046/1318 385/2051/385 1381/2078/1325
f 2224/2077/2073 1381/2078/1325 384/2079/384
f 965/2080/909 2225/2083/2074 1377/2081/1321
f 221/1607/221 877/1609/821 2225/2083/2074
f 2225/2083/2074 877/1609/821 374/1614/374
f 2225/2083/2074 1361/2084/1305 373/2085/373
f 1244/2086/1188 2226/2088/2075 1376/695/1320
f 324/2087/324 1378/2089/1322 2226/2088/2075
f 1378/2089/1322 380/2103/380 1375/2090/1319
f 2226/2088/2075 1375/2090/1319 372/2091/372
f 181/2092/181 986/2095/930 2227/2093/2076
f 218/2094/218 1377/2096/1321 2227/2093/2076
f 1377/2096/1321 373/3708/373 1365/2097/1309
f 876/1598/820 2227/2093/2076 1365/2097/1309
f 1238/2098/1182 2228/2100/2077 1378/2089/1322
f 323/2099/323 1231/2101/1175 2228/2100/2077
f 1231/2101/1175 379/3709/379 1372/2102/1316
f 2228/2100/2077 1372/2102/1316 380/2103/380
f 382/2104/382 1384/2107/1328 2229/2105/2078
f 1384/2107/1328 385/3710/385 1382/2108/1326
f 2229/2105/2078 1382/2108/1326 386/2109/386
f 1380/2106/1324 2229/2105/2078 1383/2110/1327
f 1385/2112/1329 2230/2116/2079 1379/2113/1323
f 384/2115/384 1381/2117/1325 2230/2116/2079
f 1381/2117/1325 385/3710/385 1384/2107/1328
f 2230/2116/2079 1384/2107/1328 382/2104/382
f 387/2118/387 1386/2122/1330 2231/2119/2080
f 388/2121/388 1388/2123/1332 2231/2119/2080
f 1388/2123/1332 390/2135/390 1389/2124/1333
f 1387/2120/1331 2231/2119/2080 1389/2124/1333
f 1389/2124/1333 2232/2128/2081 1390/2126/1334
f 1389/2124/1333 390/2135/390 1391/2127/1335
f 2232/2128/2081 1391/2127/1335 392/2129/392
f 2232/2128/2081 1392/2130/1336 391/2131/391
f 1393/2132/1337 2233/2133/2082 1388/2123/1332
f 381/2114/381 1379/2113/1323 2233/2133/2082
f 1379/2113/1323 382/2104/382 1394/2134/1338
f 2233/2133/2082 1394/2134/1338 390/2135/390
f 390/2135/390 1394/2134/1338 2234/2136/2083
f 1394/2134/1338 382/2104/382 1380/2106/1324
f 2234/2136/2083 1380/2106/1324 383/2111/383
f 1391/2127/1335 2234/2136/2083 1395/2137/1339
f 1373/2138/1317 2235/2140/2084 1396/2041/1340
f 371/2062/371 1364/2061/1308 2235/2140/2084
f 1364/2061/1308 381/2067/381 1393/2141/1337
f 2235/2140/2084 1393/2141/1337 388/2142/388
f 375/2143/375 1363/2146/1307 2236/2144/2085
f 1363/2146/1307 372/2068/372 1368/2070/1312
f 2236/2144/2085 1368/2070/1312 383/2073/383
f 1359/2145/1303 2236/2144/2085 1383/2147/1327
f 1370/2149/1314 2237/2153/2086 1360/2150/1304
f 378/2152/378 1398/2154/1342 2237/2153/2086
f 1398/2154/1342 389/2162/389 1390/2155/1334
f 2237/2153/2086 1390/2155/1334 391/2156/391
f 378/2152/378 1367/2158/1311 2238/2157/2087
f 1367/2158/1311 376/3711/376 1397/2159/1341
f 2238/2157/2087 1397/2159/1341 387/2160/387
f 1398/2154/1342 2238/2157/2087 1387/2161/1331
f 393/2163/1 1401/2167/597 2239/2164/1729
f 394/2166/2 1400/3712/596 2239/2164/1729
f 2239/2164/1729 1400/3712/596 396/2168/4
f 2239/2164/1729 1402/2169/598 395/2170/3
f 395/2170/3 1402/2169/598 2240/2171/1730
f 396/2168/4 1404/3713/600 2240/2171/1730
f 2240/2171/1730 1404/3713/600 398/2173/6
f 2240/2171/1730 1405/2174/601 397/2175/5
f 397/2175/5 1405/2174/601 2241/2176/1731
f 398/2173/6 1407/3714/603 2241/2176/1731
f 2241/2176/1731 1407/3714/603 400/2178/8
f 2241/2176/1731 1408/2179/604 399/2180/7
f 399/2180/7 1408/2179/604 2242/2181/1732
f 400/2178/8 1410/3715/606 2242/2181/1732
f 2242/2181/1732 1410/3715/606 402/2183/10
f 2242/2181/1732 1411/2184/607 401/2185/9
f 401/2186/9 1411/2190/607 2243/2187/1733
f 402/2189/10 1413/3716/609 2243/2187/1733
f 2243/2187/1733 1413/3716/609 404/2191/12
f 2243/2187/1733 1414/2192/610 403/2193/11
f 403/2193/11 1414/2192/610 2244/2194/1734
f 404/2191/12 1416/3717/612 2244/2194/1734
f 2244/2194/1734 1416/3717/612 406/2196/394
f 2244/2194/1734 1417/2197/613 405/2198/393
f 405/2198/393 1417/2197/613 2245/2199/1735
f 406/2196/394 1419/3718/615 2245/2199/1735
f 2245/2199/1735 1419/3718/615 408/2201/16
f 2245/2199/1735 1420/2202/616 407/2203/15
f 407/2203/15 1420/2202/616 2246/2204/1736
f 408/2201/16 1422/3719/618 2246/2204/1736
f 2246/2204/1736 1422/3719/618 410/2206/18
f 2246/2204/1736 1423/2207/619 409/2208/17
f 409/2208/17 1423/2207/619 2247/2209/1737
f 410/2206/18 1425/3720/621 2247/2209/1737
f 2247/2209/1737 1425/3720/621 412/2211/20
f 2247/2209/1737 1426/2212/622 411/2213/19
f 411/2213/19 1426/2212/622 2248/2214/1738
f 412/2211/20 1428/3721/624 2248/2214/1738
f 2248/2214/1738 1428/3721/624 414/2216/22
f 2248/2214/1738 1429/2217/625 413/2218/21
f 413/2218/21 1429/2217/625 2249/2219/1739
f 414/2216/22 1431/3722/627 2249/2219/1739
f 2249/2219/1739 1431/3722/627 416/2221/24
f 2249/2219/1739 1432/2222/628 415/2223/23
f 415/2223/23 1432/2222/628 2250/2224/1740
f 416/2221/24 1434/3723/630 2250/2224/1740
f 2250/2224/1740 1434/3723/630 418/2226/26
f 2250/2224/1740 1435/2227/631 417/2228/25
f 417/2229/25 1435/2233/631 2251/2230/1741
f 418/2232/26 1437/3724/633 2251/2230/1741
f 2251/2230/1741 1437/3724/633 420/2234/395
f 2251/2230/1741 1438/2235/634 419/2236/27
f 419/2236/27 1438/2235/634 2252/2237/1742
f 420/2234/395 1440/3725/636 2252/2237/1742
f 2252/2237/1742 1440/3725/636 422/2239/30
f 2252/2237/1742 1441/2240/637 421/2241/29
f 421/2241/29 1441/2240/637 2253/2242/1743
f 422/2239/30 1443/3726/639 2253/2242/1743
f 2253/2242/1743 1443/3726/639 424/2244/32
f 2253/2242/1743 1444/2245/640 423/2246/31
f 423/2246/31 1444/2245/640 2254/2247/1744
f 424/2244/32 1446/3727/642 2254/2247/1744
f 2254/2247/1744 1446/3727/642 426/2249/34
f 2254/2247/1744 1447/2250/643 425/2251/33
f 425/2251/33 1447/2250/643 2255/2252/1745
f 426/2249/34 1449/3728/645 2255/2252/1745
f 2255/2252/1745 1449/3728/645 428/2254/36
f 2255/2252/1745 1450/2255/646 427/2256/35
f 427/2256/35 1450/2255/646 2256/2257/1746
f 428/2254/36 1452/3729/648 2256/2257/1746
f 2256/2257/1746 1452/3729/648 430/2259/396
f 2256/2257/1746 1453/2260/649 429/2261/37
f 429/2261/37 1453/2260/649 2257/2262/1747
f 430/2259/396 1455/3730/651 2257/2262/1747
f 2257/2262/1747 1455/3730/651 432/2264/40
f 2257/2262/1747 1456/2265/652 431/2266/39
f 431/2266/39 1456/2265/652 2258/2267/1748
f 432/2264/40 1458/3731/654 2258/2267/1748
f 2258/2267/1748 1458/3731/654 434/2269/42
f 2258/2267/1748 1459/2270/655 433/2271/41
f 433/2272/41 1459/2276/655 2259/2273/1749
f 434/2275/42 1461/3732/657 2259/2273/1749
f 2259/2273/1749 1461/3732/657 436/2277/44
f 2259/2273/1749 1462/2278/658 435/2279/43
f 435/2279/43 1462/2278/658 2260/2280/1750
f 436/2277/44 1464/3733/660 2260/2280/1750
f 2260/2280/1750 1464/3733/660 438/2282/46
f 2260/2280/1750 1465/2283/661 437/2284/45
f 437/2284/45 1465/2283/661 2261/2285/1751
f 438/2282/46 1467/3734/663 2261/2285/1751
f 2261/2285/1751 1467/3734/663 440/2287/48
f 2261/2285/1751 1468/2288/664 439/2289/47
f 439/2289/47 1468/2288/664 2262/2290/1752
f 440/2287/48 1470/3735/666 2262/2290/1752
f 2262/2290/1752 1470/3735/666 442/2292/50
f 2262/2290/1752 1471/2293/667 441/2294/49
f 441/2294/49 1471/2293/667 2263/2295/1753
f 442/2292/50 1473/3736/669 2263/2295/1753
f 2263/2295/1753 1473/3736/669 444/2297/52
f 2263/2295/1753 1474/2298/670 443/2299/51
f 443/2299/51 1474/2298/670 2264/2300/1754
f 444/2297/52 1476/3737/672 2264/2300/1754
f 2264/2300/1754 1476/3737/672 446/2302/54
f 2264/2300/1754 1477/2303/673 445/2304/53
f 445/2304/53 1477/2303/673 2265/2305/1755
f 446/2302/54 1479/3738/675 2265/2305/1755
f 2265/2305/1755 1479/3738/675 448/2307/397
f 2265/2305/1755 1480/2308/676 447/2309/55
f 447/2309/55 1480/2308/676 2266/2310/1756
f 448/2307/397 1482/3739/678 2266/2310/1756
f 2266/2310/1756 1482/3739/678 450/2312/58
f 2266/2310/1756 1483/2313/679 449/2314/57
f 449/2315/57 1483/2319/679 2267/2316/1757
f 450/2318/58 1485/3740/681 2267/2316/1757
f 2267/2316/1757 1485/3740/681 452/2320/399
f 2267/2316/1757 1486/2321/682 451/2322/398
f 451/2322/398 1486/2321/682 2268/2323/1758
f 452/2320/399 1488/3741/684 2268/2323/1758
f 2268/2323/1758 1488/3741/684 454/2325/400
f 2268/2323/1758 1489/2326/685 453/2327/61
f 1400/2328/596 2269/3742/240 1404/2329/600
f 1494/2331/690 2269/3742/240 1400/2328/596
f 1491/2333/687 2269/3742/240 1494/2334/690
f 1488/2336/684 2269/3742/240 1491/2333/687
f 1485/2338/681 2269/3742/240 1488/2336/684
f 1482/2340/678 2269/3742/240 1485/2338/681
f 1479/2342/675 2269/3742/240 1482/2340/678
f 1476/2344/672 2269/3742/240 1479/2342/675
f 1473/2346/669 2269/3742/240 1476/2344/672
f 1470/2348/666 2269/3742/240 1473/2346/669
f 1467/2350/663 2269/3742/240 1470/2348/666
f 1464/2352/660 2269/3742/240 1467/2350/663
f 1461/2354/657 2269/3742/240 1464/2352/660
f 1458/2356/654 2269/3742/240 1461/2354/657
f 1455/2358/651 2269/3742/240 1458/2359/654
f 1452/2361/648 2269/3742/240 1455/2358/651
f 1449/2363/645 2269/3742/240 1452/2364/648
f 1446/2366/642 2269/3742/240 1449/2363/645
f 1443/2368/639 2269/3742/240 1446/2366/642
f 1440/2370/636 2269/3742/240 1443/2368/639
f 1437/2372/633 2269/3742/240 1440/2370/636
f 1434/2374/630 2269/3742/240 1437/2372/633
f 1431/2376/627 2269/3742/240 1434/2374/630
f 1428/2378/624 2269/3742/240 1431/2376/627
f 1425/2380/621 2269/3742/240 1428/2381/624
f 1422/2383/618 2269/3742/240 1425/2380/621
f 1419/2385/615 2269/3742/240 1422/2383/618
f 1416/2387/612 2269/3742/240 1419/2385/615
f 1413/2389/609 2269/3742/240 1416/2387/612
f 1410/2391/606 2269/3742/240 1413/2389/609
f 1407/2393/603 2269/3742/240 1410/2391/606
f 1404/2329/600 2269/3742/240 1407/2393/603
f 453/2327/61 1489/2326/685 2270/2396/1759
f 454/2325/400 1491/3743/687 2270/2396/1759
f 2270/2396/1759 1491/3743/687 456/2398/64
f 2270/2396/1759 1492/2399/688 455/2400/63
f 455/2400/63 1492/2399/688 2271/2401/1760
f 456/2398/64 1494/3744/690 2271/2401/1760
f 2271/2401/1760 1494/3744/690 394/2166/2
f 2271/2401/1760 1401/2167/597 393/2163/1
f 1399/2403/595 2272/3745/1761 1493/2404/1344
f 1403/2406/599 2272/3745/1761 1399/2407/595
f 1406/2409/1343 2272/3745/1761 1403/2406/599
f 1409/2411/605 2272/3745/1761 1406/2412/1343
f 1412/2414/608 2272/3745/1761 1409/2411/605
f 1415/2416/611 2272/3745/1761 1412/2414/608
f 1418/2418/614 2272/3745/1761 1415/2416/611
f 1421/2420/617 2272/3745/1761 1418/2418/614
f 1424/2422/620 2272/3745/1761 1421/2420/617
f 1427/2424/623 2272/3745/1761 1424/2422/620
f 1430/2426/626 2272/3745/1761 1427/2424/623
f 1433/2428/629 2272/3745/1761 1430/2429/626
f 1436/2431/632 2272/3745/1761 1433/2428/629
f 1439/2433/635 2272/3745/1761 1436/2431/632
f 1442/2435/638 2272/3745/1761 1439/2433/635
f 1445/2437/641 2272/3745/1761 1442/2435/638
f 1448/2439/644 2272/3745/1761 1445/2440/641
f 1451/2442/647 2272/3745/1761 1448/2439/644
f 1454/2444/650 2272/3745/1761 1451/2445/647
f 1457/2447/653 2272/3745/1761 1454/2448/650
f 1460/2450/656 2272/3745/1761 1457/2447/653
f 1463/2452/659 2272/3745/1761 1460/2453/656
f 1466/2455/662 2272/3745/1761 1463/2452/659
f 1469/2457/665 2272/3745/1761 1466/2455/662
f 1472/2459/668 2272/3745/1761 1469/2457/665
f 1475/2461/671 2272/3745/1761 1472/2459/668
f 1478/2463/674 2272/3745/1761 1475/2461/671
f 1481/2465/677 2272/3745/1761 1478/2463/674
f 1484/2467/680 2272/3745/1761 1481/2465/677
f 1487/2469/683 2272/3745/1761 1484/2470/680
f 1490/2472/686 2272/3745/1761 1487/2469/683
f 1493/2404/1344 2272/3745/1761 1490/2472/686
f 457/2475/401 1499/2479/1349 2273/2476/2088
f 523/2478/467 1687/2480/1537 2273/2476/2088
f 1687/2480/1537 617/2488/561 1690/2481/1540
f 1495/2477/1345 2273/2476/2088 1690/2481/1540
f 1500/2483/1350 2274/2485/2089 1687/2480/1537
f 458/2484/402 1498/2486/1348 2274/2485/2089
f 1498/2486/1348 522/3746/466 1688/2487/1538
f 2274/2485/2089 1688/2487/1538 617/2488/561
f 1688/2487/1538 2275/2491/2090 1689/2489/1539
f 1688/2487/1538 522/3746/466 1497/2490/1347
f 2275/2491/2090 1497/2490/1347 460/2492/404
f 1689/2489/1539 2275/2491/2090 1501/2493/1351
f 521/2482/465 1690/2481/1540 2276/2495/2091
f 617/2488/561 1689/2489/1539 2276/2495/2091
f 1689/2489/1539 524/2494/468 1502/2497/1352
f 2276/2495/2091 1502/2497/1352 459/2498/403
f 459/2498/403 1502/2497/1352 2277/2499/2092
f 524/2494/468 1691/2501/1541 2277/2499/2092
f 1691/2501/1541 618/2507/562 1694/2502/1544
f 1503/2500/1353 2277/2499/2092 1694/2502/1544
f 1501/2493/1351 2278/2504/2093 1691/2501/1541
f 460/2492/404 1506/2505/1356 2278/2504/2093
f 1506/2505/1356 526/3747/470 1692/2506/1542
f 2278/2504/2093 1692/2506/1542 618/2507/562
f 618/2507/562 1692/2506/1542 2279/2508/2094
f 1692/2506/1542 526/3747/470 1505/2510/1355
f 2279/2508/2094 1505/2510/1355 462/2511/406
f 1693/2509/1543 2279/2508/2094 1507/2512/1357
f 525/2503/469 1694/2502/1544 2280/2514/2095
f 618/2507/562 1693/2509/1543 2280/2514/2095
f 1693/2509/1543 527/2513/471 1508/2516/1358
f 2280/2514/2095 1508/2516/1358 461/2517/405
f 461/2517/405 1508/2516/1358 2281/2518/2096
f 527/2513/471 1695/2520/1545 2281/2518/2096
f 1695/2520/1545 619/2526/563 1698/2521/1548
f 1509/2519/1359 2281/2518/2096 1698/2521/1548
f 1507/2512/1357 2282/2523/2097 1695/2520/1545
f 462/2511/406 1512/2524/1362 2282/2523/2097
f 1512/2524/1362 529/3748/473 1696/2525/1546
f 2282/2523/2097 1696/2525/1546 619/2526/563
f 619/2526/563 1696/2525/1546 2283/2527/2098
f 1696/2525/1546 529/3748/473 1511/2529/1361
f 2283/2527/2098 1511/2529/1361 464/2530/408
f 1697/2528/1547 2283/2527/2098 1513/2531/1363
f 1698/2521/1548 2284/2534/2099 1510/2533/1360
f 1698/2521/1548 619/2526/563 1697/2528/1547
f 1697/2528/1547 530/2532/474 1514/2535/1364
f 2284/2534/2099 1514/2535/1364 463/2536/407
f 463/2536/407 1514/2535/1364 2285/2537/2100
f 530/2532/474 1699/2539/1549 2285/2537/2100
f 1699/2539/1549 620/2550/564 1702/2540/1552
f 2285/2537/2100 1702/2540/1552 531/2541/475
f 1513/2542/1363 2286/2546/2101 1699/2543/1549
f 464/2545/408 1518/2547/1368 2286/2546/2101
f 1518/2547/1368 532/3749/476 1700/2548/1550
f 2286/2546/2101 1700/2548/1550 620/2549/564
f 620/2550/564 1700/2553/1550 2287/2551/2102
f 1700/2553/1550 532/3750/476 1517/2554/1367
f 2287/2551/2102 1517/2554/1367 466/2555/410
f 1701/2552/1551 2287/2551/2102 1519/2556/1369
f 1702/2540/1552 2288/2559/2103 1516/2558/1366
f 620/2550/564 1701/2552/1551 2288/2559/2103
f 1701/2552/1551 533/2557/477 1520/2560/1370
f 2288/2559/2103 1520/2560/1370 465/2561/409
f 465/2562/409 1520/2566/1370 2289/2563/2104
f 533/2565/477 1703/2567/1553 2289/2563/2104
f 1703/2567/1553 621/2575/565 1706/2568/1556
f 2289/2563/2104 1706/2568/1556 534/2569/478
f 1519/2570/1369 2290/2572/2105 1703/2567/1553
f 466/2571/410 1524/2573/1374 2290/2572/2105
f 1524/2573/1374 535/3751/479 1704/2574/1554
f 2290/2572/2105 1704/2574/1554 621/2575/565
f 621/2575/565 1704/2574/1554 2291/2576/2106
f 1704/2574/1554 535/3751/479 1523/2578/1373
f 2291/2576/2106 1523/2578/1373 468/2579/412
f 1705/2577/1555 2291/2576/2106 1525/2580/1375
f 1706/2568/1556 2292/2583/2107 1522/2582/1372
f 621/2575/565 1705/2577/1555 2292/2583/2107
f 1705/2577/1555 536/2581/480 1526/2584/1376
f 2292/2583/2107 1526/2584/1376 467/2585/411
f 467/2585/411 1526/2584/1376 2293/2586/2108
f 536/2581/480 1707/2588/1557 2293/2586/2108
f 1707/2588/1557 622/2594/566 1710/2589/1560
f 2293/2586/2108 1710/2589/1560 537/2590/481
f 1525/2580/1375 2294/2591/2109 1707/2588/1557
f 468/2579/412 1530/2592/1380 2294/2591/2109
f 1530/2592/1380 538/3752/482 1708/2593/1558
f 2294/2591/2109 1708/2593/1558 622/2594/566
f 622/2594/566 1708/2593/1558 2295/2595/2110
f 1708/2593/1558 538/3752/482 1529/2597/1379
f 2295/2595/2110 1529/2597/1379 470/2598/414
f 1709/2596/1559 2295/2595/2110 1531/2599/1381
f 1710/2589/1560 2296/2602/2111 1528/2601/1378
f 622/2594/566 1709/2596/1559 2296/2602/2111
f 1709/2596/1559 539/2600/483 1532/2603/1382
f 2296/2602/2111 1532/2603/1382 469/2604/413
f 469/2604/413 1532/2603/1382 2297/2605/2112
f 539/2600/483 1711/2607/1561 2297/2605/2112
f 1711/2607/1561 623/2613/567 1714/2608/1564
f 2297/2605/2112 1714/2608/1564 540/2609/484
f 1531/2599/1381 2298/2610/2113 1711/2607/1561
f 470/2598/414 1536/2611/1386 2298/2610/2113
f 1536/2611/1386 541/3753/485 1712/2612/1562
f 2298/2610/2113 1712/2612/1562 623/2613/567
f 623/2613/567 1712/2612/1562 2299/2614/2114
f 1712/2612/1562 541/3753/485 1535/2616/1385
f 2299/2614/2114 1535/2616/1385 472/2617/416
f 1713/2615/1563 2299/2614/2114 1537/2618/1387
f 1714/2608/1564 2300/2621/2115 1534/2620/1384
f 623/2613/567 1713/2615/1563 2300/2621/2115
f 1713/2615/1563 542/2619/486 1538/2622/1388
f 2300/2621/2115 1538/2622/1388 471/2623/415
f 471/2623/415 1538/2622/1388 2301/2624/2116
f 542/2619/486 1715/2626/1565 2301/2624/2116
f 1715/2626/1565 624/2632/568 1718/2627/1568
f 2301/2624/2116 1718/2627/1568 543/2628/487
f 1537/2618/1387 2302/2629/2117 1715/2626/1565
f 472/2617/416 1542/2630/1392 2302/2629/2117
f 1542/2630/1392 544/3754/488 1716/2631/1566
f 2302/2629/2117 1716/2631/1566 624/2632/568
f 624/2632/568 1716/2631/1566 2303/2633/2118
f 1716/2631/1566 544/3754/488 1541/2635/1391
f 2303/2633/2118 1541/2635/1391 474/2636/418
f 1717/2634/1567 2303/2633/2118 1543/2637/1393
f 1718/2627/1568 2304/2640/2119 1540/2639/1390
f 624/2632/568 1717/2634/1567 2304/2640/2119
f 1717/2634/1567 545/2638/489 1544/2641/1394
f 2304/2640/2119 1544/2641/1394 473/2642/417
f 473/2642/417 1544/2641/1394 2305/2643/2120
f 545/2638/489 1719/2645/1569 2305/2643/2120
f 1719/2645/1569 625/2651/569 1722/2646/1572
f 1545/2644/1395 2305/2643/2120 1722/2646/1572
f 1543/2637/1393 2306/2648/2121 1719/2645/1569
f 474/2636/418 1548/2649/1398 2306/2648/2121
f 1548/2649/1398 547/3755/491 1720/2650/1570
f 2306/2648/2121 1720/2650/1570 625/2651/569
f 625/2651/569 1720/2650/1570 2307/2652/2122
f 1720/2650/1570 547/3755/491 1547/2654/1397
f 2307/2652/2122 1547/2654/1397 476/2655/420
f 1721/2653/1571 2307/2652/2122 1549/2656/1399
f 1722/2646/1572 2308/2659/2123 1546/2658/1396
f 625/2651/569 1721/2653/1571 2308/2659/2123
f 1721/2653/1571 548/2657/492 1550/2660/1400
f 2308/2659/2123 1550/2660/1400 475/2661/419
f 475/2661/419 1550/2660/1400 2309/2662/2124
f 548/2657/492 1723/2664/1573 2309/2662/2124
f 1723/2664/1573 626/2670/570 1726/2665/1576
f 1551/2663/1401 2309/2662/2124 1726/2665/1576
f 1549/2656/1399 2310/2667/2125 1723/2664/1573
f 476/2655/420 1554/2668/1404 2310/2667/2125
f 1554/2668/1404 550/3756/494 1724/2669/1574
f 2310/2667/2125 1724/2669/1574 626/2670/570
f 626/2670/570 1724/2669/1574 2311/2671/2126
f 1724/2669/1574 550/3756/494 1553/2673/1403
f 2311/2671/2126 1553/2673/1403 478/2674/422
f 1725/2672/1575 2311/2671/2126 1555/2675/1405
f 1726/2665/1576 2312/2678/2127 1552/2677/1402
f 626/2670/570 1725/2672/1575 2312/2678/2127
f 1725/2672/1575 551/2676/495 1556/2679/1406
f 2312/2678/2127 1556/2679/1406 477/2680/421
f 477/2681/421 1556/2685/1406 2313/2682/2128
f 551/2684/495 1727/2686/1577 2313/2682/2128
f 1727/2686/1577 627/3757/571 1730/2687/1580
f 2313/2682/2128 1730/2687/1580 552/2688/496
f 1555/2675/1405 2314/2690/2129 1727/2689/1577
f 478/2674/422 1560/2691/1410 2314/2690/2129
f 1560/2691/1410 553/3758/497 1728/2692/1578
f 2314/2690/2129 1728/2692/1578 627/2693/571
f 627/2693/571 1728/2692/1578 2315/2694/2130
f 1728/2692/1578 553/3758/497 1559/2696/1409
f 2315/2694/2130 1559/2696/1409 480/2697/424
f 1729/2695/1579 2315/2694/2130 1561/2698/1411
f 1730/2700/1580 2316/2703/2131 1558/2701/1408
f 627/2693/571 1729/2695/1579 2316/2703/2131
f 1729/2695/1579 554/2699/498 1562/2704/1412
f 2316/2703/2131 1562/2704/1412 479/2705/423
f 479/2706/423 1562/2710/1412 2317/2707/2132
f 554/2709/498 1731/2711/1581 2317/2707/2132
f 1731/2711/1581 628/2719/572 1734/2712/1584
f 2317/2707/2132 1734/2712/1584 555/2713/499
f 1561/2714/1411 2318/2716/2133 1731/2711/1581
f 480/2715/424 1566/2717/1416 2318/2716/2133
f 1566/2717/1416 556/3759/500 1732/2718/1582
f 2318/2716/2133 1732/2718/1582 628/2719/572
f 1732/2720/1582 2319/2724/2134 1733/2721/1583
f 1732/2720/1582 556/3760/500 1565/2723/1415
f 2319/2724/2134 1565/2723/1415 482/2725/426
f 1733/2721/1583 2319/2724/2134 1567/2726/1417
f 1734/2728/1584 2320/2731/2135 1564/2729/1414
f 628/2722/572 1733/2721/1583 2320/2731/2135
f 1733/2721/1583 557/2727/501 1568/2732/1418
f 2320/2731/2135 1568/2732/1418 481/2733/425
f 481/2734/425 1568/2738/1418 2321/2735/2136
f 557/2737/501 1735/2739/1585 2321/2735/2136
f 1735/2739/1585 629/2747/573 1738/2740/1588
f 2321/2735/2136 1738/2740/1588 558/2741/502
f 1567/2742/1417 2322/2744/2137 1735/2739/1585
f 482/2743/426 1572/2745/1422 2322/2744/2137
f 1572/2745/1422 559/3761/503 1736/2746/1586
f 2322/2744/2137 1736/2746/1586 629/2747/573
f 1736/2748/1586 2323/2752/2138 1737/2749/1587
f 1736/2748/1586 559/3762/503 1571/2751/1421
f 2323/2752/2138 1571/2751/1421 484/2753/428
f 1737/2749/1587 2323/2752/2138 1573/2754/1423
f 1738/2756/1588 2324/2759/2139 1570/2757/1420
f 629/2750/573 1737/2749/1587 2324/2759/2139
f 1737/2749/1587 560/2755/504 1574/2760/1424
f 2324/2759/2139 1574/2760/1424 483/2761/427
f 483/2762/427 1574/2766/1424 2325/2763/2140
f 560/2765/504 1739/2767/1589 2325/2763/2140
f 1739/2767/1589 630/2775/574 1742/2768/1592
f 2325/2763/2140 1742/2768/1592 561/2769/505
f 1573/2770/1423 2326/2772/2141 1739/2767/1589
f 484/2771/428 1578/2773/1428 2326/2772/2141
f 1578/2773/1428 562/3763/506 1740/2774/1590
f 2326/2772/2141 1740/2774/1590 630/2775/574
f 1740/2774/1590 2327/2778/2142 1741/2776/1591
f 1740/2774/1590 562/3763/506 1577/2777/1427
f 2327/2778/2142 1577/2777/1427 486/2779/430
f 1741/2776/1591 2327/2778/2142 1579/2780/1429
f 1742/2782/1592 2328/2786/2143 1576/2783/1426
f 630/2785/574 1741/2787/1591 2328/2786/2143
f 1741/2787/1591 563/3764/507 1580/2788/1430
f 2328/2786/2143 1580/2788/1430 485/2789/429
f 485/2790/429 1580/2793/1430 2329/2791/2144
f 563/2781/507 1743/2794/1593 2329/2791/2144
f 1743/2794/1593 631/2800/575 1746/2795/1596
f 2329/2791/2144 1746/2795/1596 564/2796/508
f 1579/2780/1429 2330/2797/2145 1743/2794/1593
f 486/2779/430 1584/2798/1434 2330/2797/2145
f 1584/2798/1434 565/3765/509 1744/2799/1594
f 2330/2797/2145 1744/2799/1594 631/2800/575
f 1744/2799/1594 2331/2803/2146 1745/2801/1595
f 1744/2799/1594 565/3765/509 1583/2802/1433
f 2331/2803/2146 1583/2802/1433 488/2804/432
f 1745/2801/1595 2331/2803/2146 1585/2805/1435
f 1746/2795/1596 2332/2808/2147 1582/2807/1432
f 631/2800/575 1745/2801/1595 2332/2808/2147
f 1745/2801/1595 566/2806/510 1586/2809/1436
f 2332/2808/2147 1586/2809/1436 487/2810/431
f 487/2810/431 1586/2809/1436 2333/2811/2148
f 566/2806/510 1747/2813/1597 2333/2811/2148
f 1747/2813/1597 632/2819/576 1750/2814/1600
f 1587/2812/1437 2333/2811/2148 1750/2814/1600
f 1585/2805/1435 2334/2816/2149 1747/2813/1597
f 488/2804/432 1590/2817/1440 2334/2816/2149
f 1590/2817/1440 568/3766/512 1748/2818/1598
f 2334/2816/2149 1748/2818/1598 632/2819/576
f 1748/2818/1598 2335/2822/2150 1749/2820/1599
f 1748/2818/1598 568/3766/512 1589/2821/1439
f 2335/2822/2150 1589/2821/1439 490/2823/434
f 1749/2820/1599 2335/2822/2150 1591/2824/1441
f 1750/2814/1600 2336/2827/2151 1588/2826/1438
f 632/2819/576 1749/2820/1599 2336/2827/2151
f 1749/2820/1599 569/2825/513 1592/2828/1442
f 2336/2827/2151 1592/2828/1442 489/2829/433
f 489/2829/433 1592/2828/1442 2337/2830/2152
f 569/2825/513 1751/2832/1601 2337/2830/2152
f 1751/2832/1601 633/2838/577 1754/2833/1604
f 1593/2831/1443 2337/2830/2152 1754/2833/1604
f 1591/2824/1441 2338/2835/2153 1751/2832/1601
f 490/2823/434 1596/2836/1446 2338/2835/2153
f 1596/2836/1446 571/3767/515 1752/2837/1602
f 2338/2835/2153 1752/2837/1602 633/2838/577
f 1752/2837/1602 2339/2841/2154 1753/2839/1603
f 1752/2837/1602 571/3767/515 1595/2840/1445
f 2339/2841/2154 1595/2840/1445 492/2842/436
f 1753/2839/1603 2339/2841/2154 1597/2843/1447
f 1754/2833/1604 2340/2846/2155 1594/2845/1444
f 633/2838/577 1753/2839/1603 2340/2846/2155
f 1753/2839/1603 572/2844/516 1598/2847/1448
f 2340/2846/2155 1598/2847/1448 491/2848/435
f 491/2848/435 1598/2847/1448 2341/2849/2156
f 572/2844/516 1755/2851/1605 2341/2849/2156
f 1755/2851/1605 634/2857/578 1758/2852/1608
f 1599/2850/1449 2341/2849/2156 1758/2852/1608
f 1597/2843/1447 2342/2854/2157 1755/2851/1605
f 492/2842/436 1602/2855/1452 2342/2854/2157
f 1602/2855/1452 574/3768/518 1756/2856/1606
f 2342/2854/2157 1756/2856/1606 634/2857/578
f 634/2857/578 1756/2856/1606 2343/2858/2158
f 1756/2856/1606 574/3768/518 1601/2860/1451
f 2343/2858/2158 1601/2860/1451 494/2861/438
f 1757/2859/1607 2343/2858/2158 1603/2862/1453
f 1758/2852/1608 2344/2865/2159 1600/2864/1450
f 634/2857/578 1757/2859/1607 2344/2865/2159
f 1757/2859/1607 575/2863/519 1604/2866/1454
f 2344/2865/2159 1604/2866/1454 493/2867/437
f 493/2867/437 1604/2866/1454 2345/2868/2160
f 575/2863/519 1759/2870/1609 2345/2868/2160
f 1759/2870/1609 635/2876/579 1762/2871/1612
f 1605/2869/1455 2345/2868/2160 1762/2871/1612
f 1603/2862/1453 2346/2873/2161 1759/2870/1609
f 494/2861/438 1608/2874/1458 2346/2873/2161
f 1608/2874/1458 577/3769/521 1760/2875/1610
f 2346/2873/2161 1760/2875/1610 635/2876/579
f 635/2876/579 1760/2875/1610 2347/2877/2162
f 1760/2875/1610 577/3769/521 1607/2879/1457
f 2347/2877/2162 1607/2879/1457 496/2880/440
f 1761/2878/1611 2347/2877/2162 1609/2881/1459
f 1762/2871/1612 2348/2884/2163 1606/2883/1456
f 635/2876/579 1761/2878/1611 2348/2884/2163
f 1761/2878/1611 578/2882/522 1610/2885/1460
f 2348/2884/2163 1610/2885/1460 495/2886/439
f 495/2887/439 1610/2890/1460 2349/2888/2164
f 1610/2890/1460 578/2896/522 1763/2891/1613
f 2349/2888/2164 1763/2891/1613 636/2892/580
f 1611/2889/1461 2349/2888/2164 1766/2893/1616
f 1609/2895/1459 2350/2898/2165 1763/2891/1613
f 496/2897/440 1614/2899/1464 2350/2898/2165
f 1614/2899/1464 580/3770/524 1764/2900/1614
f 2350/2898/2165 1764/2900/1614 636/2892/580
f 636/2901/580 1764/2904/1614 2351/2902/2166
f 1764/2904/1614 580/3771/524 1613/2905/1463
f 2351/2902/2166 1613/2905/1463 498/2906/442
f 1765/2903/1615 2351/2902/2166 1615/2907/1465
f 1766/2909/1616 2352/2912/2167 1612/2910/1462
f 1766/2909/1616 636/2901/580 1765/2903/1615
f 2352/2912/2167 1765/2903/1615 581/2908/525
f 2352/2912/2167 1616/2913/1466 497/2914/441
f 497/2915/441 1616/2918/1466 2353/2916/2168
f 1616/2918/1466 581/2924/525 1767/2919/1617
f 2353/2916/2168 1767/2919/1617 637/2920/581
f 1617/2917/1467 2353/2916/2168 1770/2921/1620
f 1615/2923/1465 2354/2926/2169 1767/2919/1617
f 498/2925/442 1620/2927/1470 2354/2926/2169
f 1620/2927/1470 583/3772/527 1768/2928/1618
f 2354/2926/2169 1768/2928/1618 637/2920/581
f 637/2929/581 1768/2932/1618 2355/2930/2170
f 1768/2932/1618 583/3773/527 1619/2933/1469
f 2355/2930/2170 1619/2933/1469 500/2934/444
f 1769/2931/1619 2355/2930/2170 1621/2935/1471
f 1770/2937/1620 2356/2940/2171 1618/2938/1468
f 1770/2937/1620 637/2929/581 1769/2931/1619
f 2356/2940/2171 1769/2931/1619 584/2936/528
f 2356/2940/2171 1622/2941/1472 499/2942/443
f 499/2943/443 1622/2946/1472 2357/2944/2172
f 1622/2946/1472 584/2952/528 1771/2947/1621
f 2357/2944/2172 1771/2947/1621 638/2948/582
f 1623/2945/1473 2357/2944/2172 1774/2949/1624
f 1621/2951/1471 2358/2954/2173 1771/2947/1621
f 500/2953/444 1626/2955/1476 2358/2954/2173
f 1626/2955/1476 586/3774/530 1772/2956/1622
f 2358/2954/2173 1772/2956/1622 638/2948/582
f 638/2948/582 1772/2956/1622 2359/2957/2174
f 1772/2956/1622 586/3774/530 1625/2959/1475
f 2359/2957/2174 1625/2959/1475 502/2960/446
f 1773/2958/1623 2359/2957/2174 1627/2961/1477
f 1774/2949/1624 2360/2964/2175 1624/2963/1474
f 1774/2949/1624 638/2948/582 1773/2958/1623
f 2360/2964/2175 1773/2958/1623 587/2962/531
f 2360/2964/2175 1628/2965/1478 501/2966/445
f 501/2966/445 1628/2965/1478 2361/2967/2176
f 1628/2965/1478 587/2962/531 1775/2969/1625
f 2361/2967/2176 1775/2969/1625 639/2970/583
f 1629/2968/1479 2361/2967/2176 1778/2971/1628
f 1627/2961/1477 2362/2973/2177 1775/2969/1625
f 502/2960/446 1632/2974/1482 2362/2973/2177
f 1632/2974/1482 589/3775/533 1776/2975/1626
f 2362/2973/2177 1776/2975/1626 639/2970/583
f 639/2970/583 1776/2975/1626 2363/2976/2178
f 1776/2975/1626 589/3775/533 1631/2978/1481
f 2363/2976/2178 1631/2978/1481 504/2979/448
f 1777/2977/1627 2363/2976/2178 1633/2980/1483
f 1778/2971/1628 2364/2983/2179 1630/2982/1480
f 1778/2971/1628 639/2970/583 1777/2977/1627
f 2364/2983/2179 1777/2977/1627 590/2981/534
f 2364/2983/2179 1634/2984/1484 503/2985/447
f 503/2985/447 1634/2984/1484 2365/2986/2180
f 1634/2984/1484 590/2981/534 1779/2988/1629
f 2365/2986/2180 1779/2988/1629 640/2989/584
f 1635/2987/1485 2365/2986/2180 1782/2990/1632
f 1633/2980/1483 2366/2992/2181 1779/2988/1629
f 504/2979/448 1638/2993/1488 2366/2992/2181
f 1638/2993/1488 592/3776/536 1780/2994/1630
f 2366/2992/2181 1780/2994/1630 640/2989/584
f 640/2989/584 1780/2994/1630 2367/2995/2182
f 1780/2994/1630 592/3776/536 1637/2997/1487
f 2367/2995/2182 1637/2997/1487 506/2998/450
f 1781/2996/1631 2367/2995/2182 1639/2999/1489
f 1782/2990/1632 2368/3002/2183 1636/3001/1486
f 1782/2990/1632 640/2989/584 1781/2996/1631
f 2368/3002/2183 1781/2996/1631 593/3000/537
f 2368/3002/2183 1640/3003/1490 505/3004/449
f 505/3004/449 1640/3003/1490 2369/3005/2184
f 1640/3003/1490 593/3000/537 1783/3007/1633
f 2369/3005/2184 1783/3007/1633 641/3008/585
f 1641/3006/1491 2369/3005/2184 1786/3009/1636
f 1639/2999/1489 2370/3011/2185 1783/3007/1633
f 506/2998/450 1644/3012/1494 2370/3011/2185
f 1644/3012/1494 595/3777/539 1784/3013/1634
f 2370/3011/2185 1784/3013/1634 641/3008/585
f 641/3008/585 1784/3013/1634 2371/3014/2186
f 1784/3013/1634 595/3777/539 1643/3016/1493
f 2371/3014/2186 1643/3016/1493 508/3017/452
f 1785/3015/1635 2371/3014/2186 1645/3018/1495
f 1786/3009/1636 2372/3021/2187 1642/3020/1492
f 1786/3009/1636 641/3008/585 1785/3015/1635
f 1785/3015/1635 596/3019/540 1646/3022/1496
f 2372/3021/2187 1646/3022/1496 507/3023/451
f 507/3023/451 1646/3022/1496 2373/3024/2188
f 1646/3022/1496 596/3019/540 1787/3026/1637
f 2373/3024/2188 1787/3026/1637 642/3027/586
f 1647/3025/1497 2373/3024/2188 1790/3028/1640
f 1645/3018/1495 2374/3030/2189 1787/3026/1637
f 508/3017/452 1650/3031/1500 2374/3030/2189
f 1650/3031/1500 598/3778/542 1788/3032/1638
f 2374/3030/2189 1788/3032/1638 642/3027/586
f 642/3027/586 1788/3032/1638 2375/3033/2190
f 1788/3032/1638 598/3778/542 1649/3035/1499
f 2375/3033/2190 1649/3035/1499 510/3036/454
f 1789/3034/1639 2375/3033/2190 1651/3037/1501
f 1790/3028/1640 2376/3040/2191 1648/3039/1498
f 642/3027/586 1789/3034/1639 2376/3040/2191
f 1789/3034/1639 599/3038/543 1652/3041/1502
f 2376/3040/2191 1652/3041/1502 509/3042/453
f 509/3043/453 1652/3047/1502 2377/3044/2192
f 599/3046/543 1791/3048/1641 2377/3044/2192
f 1791/3048/1641 643/3779/587 1794/3049/1644
f 1653/3045/1503 2377/3044/2192 1794/3049/1644
f 1651/3037/1501 2378/3052/2193 1791/3051/1641
f 510/3036/454 1656/3053/1506 2378/3052/2193
f 1656/3053/1506 601/3780/545 1792/3054/1642
f 2378/3052/2193 1792/3054/1642 643/3055/587
f 643/3055/587 1792/3054/1642 2379/3056/2194
f 1792/3054/1642 601/3780/545 1655/3058/1505
f 2379/3056/2194 1655/3058/1505 512/3059/456
f 1793/3057/1643 2379/3056/2194 1657/3060/1507
f 1794/3062/1644 2380/3065/2195 1654/3063/1504
f 643/3055/587 1793/3057/1643 2380/3065/2195
f 1793/3057/1643 602/3061/546 1658/3066/1508
f 2380/3065/2195 1658/3066/1508 511/3067/455
f 511/3068/455 1658/3072/1508 2381/3069/2196
f 602/3071/546 1795/3073/1645 2381/3069/2196
f 1795/3073/1645 644/3081/588 1798/3074/1648
f 1659/3070/1509 2381/3069/2196 1798/3074/1648
f 1657/3076/1507 2382/3078/2197 1795/3073/1645
f 512/3077/456 1662/3079/1512 2382/3078/2197
f 1662/3079/1512 604/3781/548 1796/3080/1646
f 2382/3078/2197 1796/3080/1646 644/3081/588
f 644/3082/588 1796/3085/1646 2383/3083/2198
f 1796/3085/1646 604/3782/548 1661/3086/1511
f 2383/3083/2198 1661/3086/1511 514/3087/458
f 1797/3084/1647 2383/3083/2198 1663/3088/1513
f 1798/3090/1648 2384/3093/2199 1660/3091/1510
f 644/3082/588 1797/3084/1647 2384/3093/2199
f 1797/3084/1647 605/3089/549 1664/3094/1514
f 2384/3093/2199 1664/3094/1514 513/3095/457
f 513/3096/457 1664/3100/1514 2385/3097/2200
f 605/3099/549 1799/3101/1649 2385/3097/2200
f 1799/3101/1649 645/3109/589 1802/3102/1652
f 1665/3098/1515 2385/3097/2200 1802/3102/1652
f 1663/3104/1513 2386/3106/2201 1799/3101/1649
f 514/3105/458 1668/3107/1518 2386/3106/2201
f 1668/3107/1518 607/3783/551 1800/3108/1650
f 2386/3106/2201 1800/3108/1650 645/3109/589
f 645/3110/589 1800/3113/1650 2387/3111/2202
f 1800/3113/1650 607/3784/551 1667/3114/1517
f 2387/3111/2202 1667/3114/1517 516/3115/460
f 1801/3112/1651 2387/3111/2202 1669/3116/1519
f 1802/3118/1652 2388/3121/2203 1666/3119/1516
f 645/3110/589 1801/3112/1651 2388/3121/2203
f 1801/3112/1651 608/3117/552 1670/3122/1520
f 2388/3121/2203 1670/3122/1520 515/3123/459
f 515/3124/459 1670/3128/1520 2389/3125/2204
f 608/3127/552 1803/3129/1653 2389/3125/2204
f 1803/3129/1653 646/3137/590 1806/3130/1656
f 1671/3126/1521 2389/3125/2204 1806/3130/1656
f 1669/3132/1519 2390/3134/2205 1803/3129/1653
f 516/3133/460 1674/3135/1524 2390/3134/2205
f 1674/3135/1524 610/3785/554 1804/3136/1654
f 2390/3134/2205 1804/3136/1654 646/3137/590
f 646/3137/590 1804/3136/1654 2391/3138/2206
f 1804/3136/1654 610/3785/554 1673/3140/1523
f 2391/3138/2206 1673/3140/1523 518/3141/462
f 1805/3139/1655 2391/3138/2206 1675/3142/1525
f 1806/3144/1656 2392/3148/2207 1672/3145/1522
f 646/3147/590 1805/3149/1655 2392/3148/2207
f 1805/3149/1655 611/3786/555 1676/3150/1526
f 2392/3148/2207 1676/3150/1526 517/3151/461
f 1497/3152/1347 2393/3156/2208 1506/3153/1356
f 522/3155/466 1807/3157/1657 2393/3156/2208
f 1807/3157/1657 647/3787/591 1838/3158/1688
f 2393/3156/2208 1838/3158/1688 526/3159/470
f 1685/3160/1535 2394/3164/2209 1498/3161/1348
f 616/3163/560 1808/3165/1658 2394/3164/2209
f 1808/3165/1658 647/3787/591 1807/3157/1657
f 2394/3164/2209 1807/3157/1657 522/3155/466
f 1679/3166/1529 2395/3170/2210 1686/3167/1536
f 613/3169/557 1809/3171/1659 2395/3170/2210
f 1809/3171/1659 647/3787/591 1808/3165/1658
f 2395/3170/2210 1808/3165/1658 616/3163/560
f 1673/3172/1523 2396/3176/2211 1680/3173/1530
f 610/3175/554 1810/3177/1660 2396/3176/2211
f 1810/3177/1660 647/3787/591 1809/3171/1659
f 2396/3176/2211 1809/3171/1659 613/3169/557
f 1667/3178/1517 2397/3182/2212 1674/3179/1524
f 607/3181/551 1811/3183/1661 2397/3182/2212
f 1811/3183/1661 647/3787/591 1810/3184/1660
f 2397/3182/2212 1810/3184/1660 610/3175/554
f 1661/3185/1511 2398/3189/2213 1668/3186/1518
f 604/3188/548 1812/3190/1662 2398/3189/2213
f 1812/3190/1662 647/3787/591 1811/3183/1661
f 2398/3189/2213 1811/3183/1661 607/3181/551
f 1655/3191/1505 2399/3195/2214 1662/3192/1512
f 601/3194/545 1813/3196/1663 2399/3195/2214
f 1813/3196/1663 647/3787/591 1812/3190/1662
f 2399/3195/2214 1812/3190/1662 604/3188/548
f 1649/3197/1499 2400/3201/2215 1656/3198/1506
f 598/3200/542 1814/3202/1664 2400/3201/2215
f 1814/3202/1664 647/3787/591 1813/3203/1663
f 2400/3201/2215 1813/3203/1663 601/3194/545
f 1643/3204/1493 2401/3208/2216 1650/3205/1500
f 595/3207/539 1815/3209/1665 2401/3208/2216
f 1815/3209/1665 647/3787/591 1814/3210/1664
f 2401/3208/2216 1814/3210/1664 598/3200/542
f 1637/3211/1487 2402/3215/2217 1644/3212/1494
f 592/3214/536 1816/3216/1666 2402/3215/2217
f 1816/3216/1666 647/3787/591 1815/3209/1665
f 2402/3215/2217 1815/3209/1665 595/3207/539
f 1631/3217/1481 2403/3221/2218 1638/3218/1488
f 589/3220/533 1817/3222/1667 2403/3221/2218
f 1817/3222/1667 647/3787/591 1816/3223/1666
f 2403/3221/2218 1816/3223/1666 592/3214/536
f 1625/3224/1475 2404/3228/2219 1632/3225/1482
f 586/3227/530 1818/3229/1668 2404/3228/2219
f 1818/3229/1668 647/3787/591 1817/3230/1667
f 2404/3228/2219 1817/3230/1667 589/3220/533
f 1619/3231/1469 2405/3235/2220 1626/3232/1476
f 583/3234/527 1819/3236/1669 2405/3235/2220
f 1819/3236/1669 647/3787/591 1818/3237/1668
f 2405/3235/2220 1818/3237/1668 586/3227/530
f 1613/3238/1463 2406/3242/2221 1620/3239/1470
f 580/3241/524 1820/3243/1670 2406/3242/2221
f 1820/3243/1670 647/3787/591 1819/3244/1669
f 2406/3242/2221 1819/3244/1669 583/3234/527
f 1607/3245/1457 2407/3249/2222 1614/3246/1464
f 577/3248/521 1821/3250/1671 2407/3249/2222
f 1821/3250/1671 647/3787/591 1820/3251/1670
f 2407/3249/2222 1820/3251/1670 580/3241/524
f 1601/3252/1451 2408/3256/2223 1608/3253/1458
f 574/3255/518 1822/3257/1672 2408/3256/2223
f 1822/3257/1672 647/3787/591 1821/3258/1671
f 2408/3256/2223 1821/3258/1671 577/3248/521
f 1595/3259/1445 2409/3263/2224 1602/3260/1452
f 571/3262/515 1823/3264/1673 2409/3263/2224
f 1823/3264/1673 647/3787/591 1822/3257/1672
f 2409/3263/2224 1822/3257/1672 574/3255/518
f 1589/3265/1439 2410/3269/2225 1596/3266/1446
f 568/3268/512 1824/3270/1674 2410/3269/2225
f 1824/3270/1674 647/3787/591 1823/3271/1673
f 2410/3269/2225 1823/3271/1673 571/3262/515
f 1583/3272/1433 2411/3276/2226 1590/3273/1440
f 565/3275/509 1825/3277/1675 2411/3276/2226
f 1825/3277/1675 647/3787/591 1824/3278/1674
f 2411/3276/2226 1824/3278/1674 568/3268/512
f 1577/3279/1427 2412/3283/2227 1584/3280/1434
f 562/3282/506 1826/3284/1676 2412/3283/2227
f 1826/3284/1676 647/3787/591 1825/3285/1675
f 2412/3283/2227 1825/3285/1675 565/3275/509
f 1571/3286/1421 2413/3290/2228 1578/3287/1428
f 559/3289/503 1827/3291/1677 2413/3290/2228
f 1827/3291/1677 647/3787/591 1826/3284/1676
f 2413/3290/2228 1826/3284/1676 562/3282/506
f 1565/3292/1415 2414/3296/2229 1572/3293/1422
f 556/3295/500 1828/3297/1678 2414/3296/2229
f 1828/3297/1678 647/3787/591 1827/3298/1677
f 2414/3296/2229 1827/3298/1677 559/3289/503
f 1559/3299/1409 2415/3303/2230 1566/3300/1416
f 553/3302/497 1829/3304/1679 2415/3303/2230
f 1829/3304/1679 647/3787/591 1828/3305/1678
f 2415/3303/2230 1828/3305/1678 556/3295/500
f 1553/3306/1403 2416/3310/2231 1560/3307/1410
f 550/3309/494 1830/3311/1680 2416/3310/2231
f 1830/3311/1680 647/3787/591 1829/3312/1679
f 2416/3310/2231 1829/3312/1679 553/3302/497
f 1547/3313/1397 2417/3317/2232 1554/3314/1404
f 547/3316/491 1831/3318/1681 2417/3317/2232
f 1831/3318/1681 647/3787/591 1830/3319/1680
f 2417/3317/2232 1830/3319/1680 550/3309/494
f 1541/3320/1391 2418/3324/2233 1548/3321/1398
f 544/3323/488 1832/3325/1682 2418/3324/2233
f 1832/3325/1682 647/3787/591 1831/3326/1681
f 2418/3324/2233 1831/3326/1681 547/3316/491
f 1535/3327/1385 2419/3331/2234 1542/3328/1392
f 541/3330/485 1833/3332/1683 2419/3331/2234
f 1833/3332/1683 647/3787/591 1832/3325/1682
f 2419/3331/2234 1832/3325/1682 544/3323/488
f 1529/3333/1379 2420/3337/2235 1536/3334/1386
f 538/3336/482 1834/3338/1684 2420/3337/2235
f 1834/3338/1684 647/3787/591 1833/3339/1683
f 2420/3337/2235 1833/3339/1683 541/3330/485
f 1523/3340/1373 2421/3344/2236 1530/3341/1380
f 535/3343/479 1835/3345/1685 2421/3344/2236
f 1835/3345/1685 647/3787/591 1834/3346/1684
f 2421/3344/2236 1834/3346/1684 538/3336/482
f 1517/3347/1367 2422/3351/2237 1524/3348/1374
f 532/3350/476 1836/3352/1686 2422/3351/2237
f 1836/3352/1686 647/3787/591 1835/3353/1685
f 2422/3351/2237 1835/3353/1685 535/3343/479
f 1511/3354/1361 2423/3358/2238 1518/3355/1368
f 529/3357/473 1837/3359/1687 2423/3358/2238
f 1837/3359/1687 647/3787/591 1836/3360/1686
f 2423/3358/2238 1836/3360/1686 532/3350/476
f 1505/3361/1355 2424/3364/2239 1512/3362/1362
f 526/3159/470 1838/3365/1688 2424/3364/2239
f 1838/3365/1688 647/3787/591 1837/3366/1687
f 2424/3364/2239 1837/3366/1687 529/3357/473
f 517/3367/461 1676/3370/1526 2425/3368/2240
f 611/3143/555 1839/3371/1689 2425/3368/2240
f 1839/3371/1689 648/3377/592 1842/3372/1692
f 1677/3369/1527 2425/3368/2240 1842/3372/1692
f 1675/3142/1525 2426/3374/2241 1839/3371/1689
f 518/3141/462 1680/3375/1530 2426/3374/2241
f 1680/3375/1530 613/3788/557 1840/3376/1690
f 2426/3374/2241 1840/3376/1690 648/3377/592
f 648/3377/592 1840/3376/1690 2427/3378/2242
f 1840/3376/1690 613/3788/557 1679/3380/1529
f 2427/3378/2242 1679/3380/1529 520/3381/464
f 1841/3379/1691 2427/3378/2242 1681/3382/1531
f 1842/3384/1692 2428/3388/2243 1678/3385/1528
f 648/3387/592 1841/3389/1691 2428/3388/2243
f 1841/3389/1691 614/3789/558 1682/3390/1532
f 2428/3388/2243 1682/3390/1532 519/3391/463
f 519/3392/463 1682/3395/1532 2429/3393/2244
f 614/3383/558 1843/3396/1693 2429/3393/2244
f 1843/3396/1693 649/3402/593 1846/3397/1696
f 1683/3394/1533 2429/3393/2244 1846/3397/1696
f 1681/3382/1531 2430/3399/2245 1843/3396/1693
f 520/3381/464 1686/3400/1536 2430/3399/2245
f 1686/3400/1536 616/3790/560 1844/3401/1694
f 2430/3399/2245 1844/3401/1694 649/3402/593
f 649/3402/593 1844/3401/1694 2431/3403/2246
f 1844/3401/1694 616/3790/560 1685/3405/1535
f 2431/3403/2246 1685/3405/1535 458/2484/402
f 1845/3404/1695 2431/3403/2246 1500/2483/1350
f 1846/3397/1696 2432/3407/2247 1684/3406/1534
f 649/3402/593 1845/3404/1695 2432/3407/2247
f 1845/3404/1695 523/2478/467 1499/2479/1349
f 2432/3407/2247 1499/2479/1349 457/2475/401
f 1495/3408/1345 2433/3412/2248 1684/3409/1534
f 521/3411/465 1847/3413/1697 2433/3412/2248
f 1847/3413/1697 650/3791/594 1878/3414/1728
f 2433/3412/2248 1878/3414/1728 615/3415/559
f 1503/3416/1353 2434/3420/2249 1496/3417/1346
f 525/3419/469 1848/3421/1698 2434/3420/2249
f 1848/3421/1698 650/3791/594 1847/3413/1697
f 1496/3417/1346 2434/3420/2249 1847/3413/1697
f 1509/3422/1359 2435/3426/2250 1504/3423/1354
f 528/3425/472 1849/3427/1699 2435/3426/2250
f 1849/3427/1699 650/3791/594 1848/3421/1698
f 2435/3426/2250 1848/3421/1698 525/3419/469
f 1515/3428/1365 2436/3432/2251 1510/3429/1360
f 531/3431/475 1850/3433/1700 2436/3432/2251
f 1850/3433/1700 650/3791/594 1849/3434/1699
f 2436/3432/2251 1849/3434/1699 528/3425/472
f 1521/3435/1371 2437/3439/2252 1516/3436/1366
f 534/3438/478 1851/3440/1701 2437/3439/2252
f 1851/3440/1701 650/3791/594 1850/3433/1700
f 2437/3439/2252 1850/3433/1700 531/3431/475
f 1527/3441/1377 2438/3445/2253 1522/3442/1372
f 537/3444/481 1852/3446/1702 2438/3445/2253
f 1852/3446/1702 650/3791/594 1851/3447/1701
f 2438/3445/2253 1851/3447/1701 534/3438/478
f 1533/3448/1383 2439/3452/2254 1528/3449/1378
f 540/3451/484 1853/3453/1703 2439/3452/2254
f 1853/3453/1703 650/3791/594 1852/3454/1702
f 2439/3452/2254 1852/3454/1702 537/3444/481
f 1539/3455/1389 2440/3459/2255 1534/3456/1384
f 543/3458/487 1854/3460/1704 2440/3459/2255
f 1854/3460/1704 650/3791/594 1853/3453/1703
f 2440/3459/2255 1853/3453/1703 540/3451/484
f 1545/3461/1395 2441/3465/2256 1540/3462/1390
f 546/3464/490 1855/3466/1705 2441/3465/2256
f 1855/3466/1705 650/3791/594 1854/3460/1704
f 2441/3465/2256 1854/3460/1704 543/3458/487
f 1551/3467/1401 2442/3471/2257 1546/3468/1396
f 549/3470/493 1856/3472/1706 2442/3471/2257
f 1856/3472/1706 650/3791/594 1855/3466/1705
f 2442/3471/2257 1855/3466/1705 546/3464/490
f 1557/3473/1407 2443/3477/2258 1552/3474/1402
f 552/3476/496 1857/3478/1707 2443/3477/2258
f 1857/3478/1707 650/3791/594 1856/3479/1706
f 2443/3477/2258 1856/3479/1706 549/3470/493
f 1563/3480/1413 2444/3484/2259 1558/3481/1408
f 555/3483/499 1858/3485/1708 2444/3484/2259
f 1858/3485/1708 650/3791/594 1857/3486/1707
f 2444/3484/2259 1857/3486/1707 552/3476/496
f 1569/3487/1419 2445/3491/2260 1564/3488/1414
f 558/3490/502 1859/3492/1709 2445/3491/2260
f 1859/3492/1709 650/3791/594 1858/3493/1708
f 2445/3491/2260 1858/3493/1708 555/3483/499
f 1575/3494/1425 2446/3498/2261 1570/3495/1420
f 561/3497/505 1860/3499/1710 2446/3498/2261
f 1860/3499/1710 650/3791/594 1859/3500/1709
f 2446/3498/2261 1859/3500/1709 558/3490/502
f 1581/3501/1431 2447/3505/2262 1576/3502/1426
f 564/3504/508 1861/3506/1711 2447/3505/2262
f 1861/3506/1711 650/3791/594 1860/3499/1710
f 2447/3505/2262 1860/3499/1710 561/3497/505
f 1587/3507/1437 2448/3511/2263 1582/3508/1432
f 567/3510/511 1862/3512/1712 2448/3511/2263
f 1862/3512/1712 650/3791/594 1861/3513/1711
f 2448/3511/2263 1861/3513/1711 564/3504/508
f 1593/3514/1443 2449/3518/2264 1588/3515/1438
f 570/3517/514 1863/3519/1713 2449/3518/2264
f 1863/3519/1713 650/3791/594 1862/3520/1712
f 2449/3518/2264 1862/3520/1712 567/3510/511
f 1599/3521/1449 2450/3525/2265 1594/3522/1444
f 573/3524/517 1864/3526/1714 2450/3525/2265
f 1864/3526/1714 650/3791/594 1863/3527/1713
f 2450/3525/2265 1863/3527/1713 570/3517/514
f 1605/3528/1455 2451/3532/2266 1600/3529/1450
f 576/3531/520 1865/3533/1715 2451/3532/2266
f 1865/3533/1715 650/3791/594 1864/3534/1714
f 2451/3532/2266 1864/3534/1714 573/3524/517
f 1611/3535/1461 2452/3539/2267 1606/3536/1456
f 579/3538/523 1866/3540/1716 2452/3539/2267
f 1866/3540/1716 650/3791/594 1865/3541/1715
f 2452/3539/2267 1865/3541/1715 576/3531/520
f 1617/3542/1467 2453/3546/2268 1612/3543/1462
f 582/3545/526 1867/3547/1717 2453/3546/2268
f 1867/3547/1717 650/3791/594 1866/3548/1716
f 2453/3546/2268 1866/3548/1716 579/3538/523
f 1623/3549/1473 2454/3553/2269 1618/3550/1468
f 585/3552/529 1868/3554/1718 2454/3553/2269
f 1868/3554/1718 650/3791/594 1867/3555/1717
f 2454/3553/2269 1867/3555/1717 582/3545/526
f 1629/3556/1479 2455/3560/2270 1624/3557/1474
f 588/3559/532 1869/3561/1719 2455/3560/2270
f 1869/3561/1719 650/3791/594 1868/3554/1718
f 2455/3560/2270 1868/3554/1718 585/3552/529
f 1635/3562/1485 2456/3566/2271 1630/3563/1480
f 591/3565/535 1870/3567/1720 2456/3566/2271
f 1870/3567/1720 650/3791/594 1869/3568/1719
f 2456/3566/2271 1869/3568/1719 588/3559/532
f 1641/3569/1491 2457/3573/2272 1636/3570/1486
f 594/3572/538 1871/3574/1721 2457/3573/2272
f 1871/3574/1721 650/3791/594 1870/3575/1720
f 2457/3573/2272 1870/3575/1720 591/3565/535
f 1647/3576/1497 2458/3580/2273 1642/3577/1492
f 597/3579/541 1872/3581/1722 2458/3580/2273
f 1872/3581/1722 650/3791/594 1871/3574/1721
f 2458/3580/2273 1871/3574/1721 594/3572/538
f 1653/3582/1503 2459/3586/2274 1648/3583/1498
f 600/3585/544 1873/3587/1723 2459/3586/2274
f 1873/3587/1723 650/3791/594 1872/3588/1722
f 2459/3586/2274 1872/3588/1722 597/3579/541
f 1659/3589/1509 2460/3593/2275 1654/3590/1504
f 603/3592/547 1874/3594/1724 2460/3593/2275
f 1874/3594/1724 650/3791/594 1873/3595/1723
f 2460/3593/2275 1873/3595/1723 600/3585/544
f 1665/3596/1515 2461/3600/2276 1660/3597/1510
f 606/3599/550 1875/3601/1725 2461/3600/2276
f 1875/3601/1725 650/3791/594 1874/3594/1724
f 2461/3600/2276 1874/3594/1724 603/3592/547
f 1671/3602/1521 2462/3606/2277 1666/3603/1516
f 609/3605/553 1876/3607/1726 2462/3606/2277
f 1876/3607/1726 650/3791/594 1875/3608/1725
f 2462/3606/2277 1875/3608/1725 606/3599/550
f 1677/3609/1527 2463/3613/2278 1672/3610/1522
f 612/3612/556 1877/3614/1727 2463/3613/2278
f 1877/3614/1727 650/3791/594 1876/3607/1726
f 2463/3613/2278 1876/3607/1726 609/3605/553
f 1683/3615/1533 2464/3618/2279 1678/3616/1528
f 615/3415/559 1878/3619/1728 2464/3618/2279
f 1878/3619/1728 650/3791/594 1877/3614/1727
f 2464/3618/2279 1877/3614/1727 612/3612/556
